"PC1","PC2","PC3","PC4","PC5","PC6","PC7","PC8","PC9","PC10","PC11","PC12","PC13","PC14","PC15","PC16","PC17","PC18","PC19","PC20","PC21","PC22","PC23","PC24","PC25","PC26","PC27","PC28","PC29","PC30","PC31","PC32","PC33","PC34","PC35","PC36","PC37","PC38","PC39","PC40","PC41","PC42","PC43","PC44","PC45","PC46","PC47","PC48","PC49","PC50","PC51","PC52","PC53","PC54","PC55","PC56","PC57","PC58","PC59","PC60","PC61","PC62","PC63","PC64"
5.06565596552463,0.260082960666742,0.0266340900714504,0.255059061146374,0.468318470234058,0.002933912261213,0.187721434190073,0.889651472214242,0.270657585559126,0.226374982213586,0.00732913195098029,3.25718030048603e-05,0.0485125981250326,0.000978023550718802,0.0362919532676844,7.08031681189459e-05,0.00187466523252227,0.18867097791697,8.21516878980194e-05,0.0381288038064952,0.120362193059032,0.860580456792616,0.116276695365379,0.155095966580852,0.0412141485825941,0.818686849113634,0.346315235398943,0.285632578778638,0.863975226040202,0.350510323291669,0.124635912624826,1.38599437190689,0.717670802581491,0.0259483947325359,0.0381894563949839,1.75949645551226,0.795855428215287,1.24941262204212,4.15297464410896,0.282661931697534,0.102610806014686,1.89316738704674,1.43794998576891,0.152149889909036,0.981256311310939,0.415575796706707,0.0174723122557639,23.6019904738771,0.0088499788828119,3.02684330160828,0.0570637438047031,5.86853299895766,39.3694112826208,0.317231295905933,0.283242298777836,7.06691518514786e-05,8.16434693299889e-06,2.18865472698186e-05,1.09094222360825e-07,4.86262306707103e-13,0,0,0,0
0.118954616058978,2.52762447995095,0.23485902363898,2.86172611145623,0.850306507776943,12.3107389784033,1.44723710127167,0.000121849207234828,0.965235180689044,0.0899762795182265,0.243091532823595,0.972385240244399,0.23392119337859,0.655863345342069,0.678417145705254,0.24986478370089,4.71725399744183,0.197237175216108,1.20824121972523,1.27222333189239,4.33957803075945,0.0890074146820388,1.86167392938336,0.382567854235957,0.0282092446510889,0.528068610586213,0.483738409987158,6.04150926342467,0.39823413736701,0.646357680508325,5.49275144892293,8.44675017272864,17.0883979873936,1.92672000926421,1.32720716155346,0.695941149194618,0.979897724153101,5.64190725000114,0.015126391196507,1.84851819944458,6.48220045483131,0.00323761823565215,0.236639500301661,0.144252885697915,2.20888355057406,0.0516264614413201,0.0478493934908964,0.482275576335272,1.46010025427079e-05,0.0431211450030259,0.000647728035413578,0.0474400368849382,0.152998697756178,1.03853277015472e-05,0.00135966587546986,9.89162347445106e-07,1.21909230700198e-07,2.37815223451518e-08,1.47361543391521e-09,3.06134412851116e-15,1.20370621524202e-31,3.30694960829825e-29,2.35084576153152e-29,6.19675482770439e-30
1.98849389096778,0.458819935558223,0.115274122340166,0.320090641186694,1.87108701838854,6.12778240441359,0.435237142352248,5.18198013527061,1.17544737057994,0.101160137491267,0.195888141616343,0.840588948115363,0.000186912628301872,0.0948933727919824,0.740080474746855,0.0498669002195255,1.554662314,0.690606928179498,0.565201523412888,3.54844291023085,0.0193634738142822,0.406565602957786,6.04668093525077,3.28350449215353,3.6177920079384,6.24849943528566,4.97199764396356,0.0346032890403635,1.17019711463662,0.00332254856462825,4.7479063751901,6.05446217906365,7.97722379125184,10.2263783145712,0.0892439532407998,0.0241163529859333,0.30547769286246,4.92836299622683,1.91732894017074,2.2740012211027,5.41130184151508,0.56790855322622,2.81756062150228,0.00219125658658762,0.433200641055705,0.144054095309618,0.0803291910686549,0.103126520335306,0.00396212815423465,0.0300572483264779,0.00092492092451476,6.3283049377026e-05,0.00108214597055545,0.00138187773140912,3.58798375676769e-05,1.86223189188489e-07,9.83320889255121e-09,5.16235936604049e-09,9.42509678072061e-09,1.19334543197995e-16,6.54305447328857e-29,5.80348595727062e-29,1.53954923792869e-29,4.65800439332727e-30
0.0374373493221788,5.87017826787897,0.442643440850335,0.752057100117403,0.0405349135879542,0.0787419623659218,6.84532731431711,0.569208491796789,3.59571460476239,3.0978454433906,0.905232314294501,0.946286928002069,3.65173141320579,0.212009407098658,4.47712072212961,2.2607355749211,0.268150977977549,2.23594557745867,0.0142315312388902,1.4531598353715,0.0418536792580608,0.0375742691493756,0.166901381491032,0.045849305349149,0.234342131599284,0.0127676311302591,0.00346824616635698,2.09051732901359,0.109092218748395,0.872168042405165,0.0184817466280195,0.0093912245722324,0.532861180866556,0.130975292034262,0.447862390829688,1.26775140563128e-05,3.58840005426348,16.636735712758,7.77518292949792,8.37496390901717,11.0238746397779,0.679904013651096,7.21287146055469,0.459908624251719,1.50563184036254,0.00191954372466277,0.0135437079906018,0.145240976162122,0.0278386474889647,0.00691951656670016,0.0275065438572559,0.0102506313325017,0.00062512391448149,0.000262629652982157,7.51217913277429e-06,5.28680391775517e-08,1.31022459638191e-10,1.30462489126495e-08,1.07205626644358e-10,3.14920625784553e-16,2.4799694353568e-29,1.49922744622451e-31,1.07399812637927e-29,3.59806402122412e-31
3.25685012944652,0.00221132393855792,5.32459851286425,0.00399069911732465,0.0490680603924495,0.329984947803177,0.203859144107423,0.931116758115216,0.00791774595992614,0.927773277942988,1.32123653243163,0.302605520624875,0.0894600613914424,0.000160816012676433,0.112744616515443,0.286964985490858,0.178807885999369,0.0107066432907942,6.6088824447279e-05,0.000614184742306716,0.235224509766095,0.79758498654253,0.0475411021079858,0.34856548693698,1.98190409789413,0.0990878884572391,0.265291330382925,0.723010256336534,0.0404459832663018,0.783628250015018,0.198253734504341,0.93014083517435,0.0257682080116152,2.15414077874325,0.999683671364413,6.44211926961241,0.460858634416522,0.323374436464395,5.80391200052345,1.08811981046659,2.45468011136326,0.106353854064001,1.49781087593189,22.9370844328092,0.877967538062507,1.66568372033932,0.144299782224557,19.4074896861098,0.046365337697663,4.1703103561723,0.0895657398233832,8.97160716919084,0.0307011737624359,0.0757280903336037,0.434955237849618,2.37306296748622e-06,4.00976046994586e-08,8.62833590690255e-07,4.12272674940932e-07,1.97815346401832e-14,1.46341108427416e-29,1.02678899492416e-28,3.20227844110525e-28,8.30276636661444e-29
2.38578921660007,0.0210175035846264,4.75449243816891,0.152052314781971,0.0488488442060682,1.87586668412337,0.831401969446969,1.17010255581859,0.191047262416126,1.09022284904708,1.47075042141471,4.51739568142222,1.0499692915041,0.918212691126774,0.228184182303214,0.111419304822254,0.129792700288842,0.037914195138003,0.351305674895038,0.0921607820865554,0.0839799215722732,0.0818756061444595,0.00671075849529763,0.455669839815146,4.26240185537176,0.0161751141464542,0.80869341385651,1.66892972430866,0.0775994599641616,0.458739635297496,4.04857968213481,0.935090101663966,6.17933441784488,5.6406388435044,4.46144263779669,7.9233915537888,9.44544927216073,0.0684224381352729,0.035239076307502,0.945717694175399,1.92840545087732,0.285443549900409,1.64663703353878,4.26596250753268,0.467225436360755,2.06229116086189,17.219921301239,4.47869198612538e-08,0.000307536806395107,2.76064789839189,0.0042236499370977,0.0356863880017084,0.00098125381312224,0.00309813061464133,0.00756223796875835,5.93301910359968e-06,2.03413753091792e-12,7.10610170459612e-08,1.55309270851304e-08,2.2654750891982e-14,0.0735119365332399,0.0651727519335641,0.127053082895765,0.0138350187129034
2.52326542811852,0.169718634037411,5.08614074791203,0.556798649415655,0.0132551426582824,2.11848412004287,0.102885240567966,0.439036266046784,1.08085562373264,0.296601479393071,2.76374006166869,2.69995460448994,0.0270156498938436,0.316653632623787,0.013216678543758,0.581852431767453,0.348462584492715,0.684325185003547,0.396581373951055,0.0538178719775661,0.227228039703405,0.314967511595857,0.16078957437953,0.000536910386379173,0.292707951874464,0.0364115622660014,0.929109838613286,0.00166156037058088,3.08540779978019,0.0130421324871827,1.33412060167284,0.930088999833137,1.0385934608676,1.64117928491917,3.00373883990703,0.278427714294903,1.45204145610449,0.876648578947668,2.36200499983254,0.00676350723588078,0.683871291990176,0.667431945413217,0.00726619717498784,1.04795342448762,0.0965888904874834,0.0272943015173448,0.472539760535665,0.516188776111196,0.00110045398037756,4.8628280462186,0.0203319599991016,0.0524293903729613,0.00769307159838037,0.00293399523479769,0.00282270585787929,8.93526269102397e-08,3.13987840733691e-07,4.33672529463203e-08,4.14352403884034e-08,3.96609355021413e-14,14.0076990911115,12.4186675127557,24.2099642280153,2.63626273758495
0.00444095718726541,0.735160892601746,0.077669771910173,2.19548609219803,0.684675576316964,1.93423239236259,0.310928407649837,0.316273208371926,3.61372058481411,0.587768788351706,2.45160591981577,8.25417771493233,0.0010557780846217,9.73700254706888,12.4473327284529,30.7740245839234,1.30867820461305,4.29529424682538,5.43314500154592,0.00852472299566942,0.456973370082266,0.0531487775159074,0.152822455240267,0.358603523836311,2.15680758956305,0.0896954309204404,1.9084693116344,1.2344967327039,0.00550700563721304,0.0141039656507452,3.09331356022331,0.121610280235286,1.86121649327116,0.000441716157285593,0.243536088879667,0.550958253053722,0.122493194298326,0.00684285680272761,0.522975569181565,0.470155516531798,0.454416797073499,0.349288302789254,0.0525531889192542,0.190789288662757,0.00273277794832372,0.305414829993577,0.0443633009755283,0.000492746968736948,0.000514319958220973,2.58012518592817e-05,0.00182430263291844,0.00195164077829152,3.93276863588605e-05,0.00015006944950884,7.34874980312663e-05,1.42498943851015e-09,4.3950006333529e-09,3.04000598215064e-12,1.49152937698618e-10,1.51415501055185e-17,5.56593753927911e-30,1.61970708322966e-29,5.56593753927911e-30,2.12333776368693e-30
0.968828092581329,0.0105325781525458,1.0282726572684,0.536386307207818,0.0999311247135149,4.96109284926911,2.99535877967263,0.0411816753448362,2.43768677769849,0.195240161391768,5.11825715418136,11.5210201316711,0.895456331098719,1.25843969651399,7.54700738041336,3.05275328388262,0.0294420803335273,4.36489867291245,0.699061724676014,2.49811529600245,2.29829469024167,0.00142763755860327,0.0249320162106531,0.192656436341871,6.75197603447912,0.256286959606071,0.658970844650419,1.20898660814287,1.93549044587486,8.28863652743854,2.13665152219564,2.99492739531392,0.120673394951933,3.78207240253237,9.22945981938585,0.00130445322931218,0.898653907160893,0.700469210514254,0.0696346605393888,0.777605290656366,0.873047825977851,0.891139283003686,0.0213061473963716,1.00509030649552,0.326566539163925,3.90369042540722,0.352782008631929,0.0254726981634317,0.00179316784167304,0.00410395613847682,0.00271608335048795,0.000942701765535663,0.00324032581847047,2.87047812056866e-05,4.55618324344543e-06,2.22755304784233e-06,3.71472989350698e-10,1.60278719752009e-08,1.39178709790601e-08,5.61399710007154e-16,1.81369186297976e-29,4.63596164054697e-29,5.04661353904063e-30,1.63675833408495e-30
0.249753165173441,0.0636112519967656,0.319678701037703,0.203814598807513,2.61214043472231,2.63184855197574,3.63625053166212,3.23700378449795,13.3406203944434,3.52847762452537,2.15923827170185,5.14678343238447,3.76414026301748,0.0519953288457244,0.831672812815103,1.6291295877126,0.0429857927196403,0.0111935020663331,0.637372000059225,0.336033481937421,3.43571086620843,0.0488270709348997,0.758223012055304,0.24702070279646,0.0340770503372111,0.0121260176144592,0.136444194879243,2.68811367318575,0.113274353588994,1.36137167948542,0.00702898890529592,0.384307743562048,2.83902335236768,3.67225502980815,0.588193756744528,5.09159674107898,2.7532604475662,0.00307881860658762,1.25302053553168,10.068058407206,3.01050974546153,4.90552105034771,0.313476693268021,3.33644225045736,0.360995498441084,7.59271662868626,0.523572675768377,0.0139443800235608,0.00020332315797085,0.000250613368167305,0.00251808489689758,0.00763339590999356,0.00299266244113372,0.000459353314445047,6.14713133063493e-06,1.51080431666059e-06,1.84651972969185e-08,1.49731878092691e-09,1.19938074163251e-08,1.83364673680244e-17,2.44213230182767e-29,1.46717662897883e-28,8.19272542749102e-30,1.27630944832621e-30
2.32810597606072,1.27208725439647,2.18850139579253,2.3240250520196,0.0676781136736423,0.920758675809383,1.855734597431,0.179618225334364,0.819602431130339,0.270558625833545,0.199572992206478,0.290811126286652,0.00173686841915992,0.74376477850671,0.000682853384240191,0.153916493049434,0.35623020394685,0.935760476195207,0.227698585896369,1.66241278465109,1.055930146161,0.309111790698344,0.0369520755639334,0.788709694210345,0.336142345887443,9.949148876953,27.3604498934875,1.26098881175922,1.3718759990149,2.32248972108363,0.0239668887060641,4.53947934278477,0.0471099659839424,0.501186540551204,0.278223308197114,4.48159074327078,4.0485280290547,0.0309204017032386,0.401923441891846,0.286006738004907,0.00500732226682772,8.33386272888511,0.17770151017929,1.16441104613697,0.0238497533766289,9.20243359747499,4.77583711840668,0.0154306759857069,0.00482629655977139,0.0090256391378926,0.0109177274441699,0.0415057494740348,0.002602433007779,0.00184420490812437,0.000749239901808566,2.37435449902011e-06,6.51278410038563e-09,3.07288420862099e-07,3.70686652202154e-09,6.50257853494927e-17,1.44311209670789e-30,1.38053923936984e-29,1.13110815433298e-29,3.72529091492574e-29
0.072964828685867,0.000498446835927365,0.0794954593384346,1.55840571458013,3.80899312274748,2.22465859498874,3.35327415796599,4.45130292956967,9.79683512835769,1.76619866579149,0.777885823613304,2.97513178689788,5.65735850930268,1.8290761266335,0.742791656777247,5.38293472799863,0.0769316917462529,3.23815009862961,0.129148482251187,0.0030062571513513,0.448994433298024,0.926738430197895,0.646950138933919,0.34705293548118,0.813218413079671,4.07067613697374,0.0319468492189902,0.00851825386444054,4.29238256582069,0.0486244672041851,0.00274702113170948,0.676849643438097,0.50573278301205,5.70073120752781,0.0838992728345145,7.18648518963245,1.69562355024571,0.123607533067511,0.811407858286258,8.45201075871173,3.6902847365857,3.79506998084301,0.0528516002046069,1.82591156306024,0.248209982192419,5.45305752228792,0.115404123429463,0.00169172501480578,0.00679419615890801,1.60089532618082e-05,0.00438453768901607,0.00459900332846053,0.00244480823640147,1.51556330630338e-05,2.48407703015878e-05,5.39339061467432e-07,1.39378801529036e-08,5.77014024011875e-09,4.741661721624e-09,1.76780886178288e-17,9.77710373330333e-31,5.83918637330289e-29,5.16420058994209e-30,4.22568590024557e-30
2.50065938571285,0.18485781335972,5.04491893593393,0.591174992544892,0.0112683267120745,2.10978568183134,0.0744057490416978,0.391484570635753,1.16530747033732,0.252249547768035,2.8436509502333,2.54351496768373,0.00931777349007132,0.2791034829555,0.00740637835287855,0.625706168415304,0.365104725561396,0.758337163380597,0.394941305180619,0.0739833441917588,0.238165735808515,0.335054301626009,0.178996834182568,0.000759308149710621,0.546985348697608,0.0378262080289201,0.926453044554453,0.020701769355057,3.62053682797014,0.0305731478944666,1.94071725787631,1.22735082385615,1.64936806850883,2.42187434522417,4.08026431952963,0.120212274123664,2.33765859619756,1.04656805582431,2.66133359445877,0.000159463914822723,0.986793944127101,0.694686765728957,0.0364218304948143,0.876257612048637,0.148894635438363,0.0831431240032125,0.171597598436141,0.592009124249041,0.00116732754132023,6.20281371196711,0.0248847536118364,0.0675357520250284,0.00928591756173575,0.00388475299795031,0.00405072823881347,2.59184476417368e-07,3.59990501046557e-07,5.93919706447731e-08,4.34014794218358e-08,5.73502117776703e-14,12.2131706657216,10.8277101605059,21.1084220902052,2.29853072402435
1.05622147773251,0.680226885701353,1.49362895041203,2.04694808475352,0.0440324159864115,3.31577643981312,1.0368002150251,1.10902240060439,1.97031774467342,2.07747440317778,0.092270898753907,3.47715828147856,0.677413330857327,0.429412987722761,2.83446038737048,3.13179913219052,6.40820896762501,1.22952733357262,10.1475627620355,0.631723267301131,2.39947352443969,2.53961400241991,3.41931914092162,9.97509465447435,6.05796105278511,0.296388913334997,1.73718892244807,3.88161692135634,0.0860349179658341,0.796370658424536,11.6849828658777,3.0651410786807,0.00461386047381796,3.02552653775337,3.80930872726957,0.368882121971261,0.652274712778742,0.262336386767745,0.121528577385163,0.0836892930075979,0.794575637132022,0.693292674832832,0.153994069996436,0.124586348052068,0.029402059907532,0.0213651631295221,0.0196010262246513,0.00252285142311837,2.24777726350748e-07,1.70688775996229e-05,0.000198677732857654,0.00261228644129284,5.29630109537575e-05,0.000433392721191601,1.2293320423794e-05,3.77143824843961e-11,1.71456511047001e-08,6.56663799290398e-09,1.34613731596232e-09,3.89472516110508e-18,2.29233811630691e-29,1.45648452044285e-29,1.08333559371782e-30,1.88079096131566e-29
1.52512001248597,0.301587999030218,2.80879687879905,1.35217059438208,0.00348176012784406,3.33541692246996,2.76072815719963,1.82544932533612,0.146371810363795,1.78610774423089,0.632574050189531,3.30580142618,1.57409052859581,0.557893220429238,0.106353062541819,0.728739405252973,1.89695668299817,0.481322343534263,1.29750917709825,0.549103958595908,2.14282287671518,5.01792983463355,0.355036714263917,2.72432938722823,11.4595134142247,2.99033939346116,2.40294813825751,0.142491604040172,1.00439952266458,4.48424203011396,0.396073387226452,0.435864745426411,0.11920923977371,2.4166543943333,6.05969349165831,0.408119856954162,0.452863825207686,1.93434488534234,0.0009992146293311,3.00061154571564,5.01869376620956,3.25892754043774,3.15452838136591,2.23040506119323,0.124788917717022,3.46501264527467,2.43588359096123,0.285788781658067,0.000740188146219693,5.0125316628843,0.000886051812894963,0.0766364806772971,0.00887239474141001,0.000367989539900277,0.00187170949506059,8.38572231700178e-08,1.36523115242438e-06,8.12188722927874e-07,1.48965823225489e-08,3.89942989040976e-14,9.11085234316687e-30,6.15364709887103e-30,7.04438969815013e-30,4.93594779887682e-31
1.14860417084315,0.0559490800484097,0.533327224562773,0.290781361048207,0.0180766746811686,1.40764657937477e-06,3.38835215845051,1.94628630633479,4.82666164200704,2.36067437886139,1.22805350616139,1.67408359836124,3.24164248634935,8.37499701031935,0.0184553302693956,1.01358939935127,0.00357170248523065,11.7164752991916,3.98956277785355,3.96513425447101,13.7232577609879,18.9412230239811,11.0851288441861,1.18502800509095,1.80470133743427,0.136067917727134,0.146759369103671,0.127132891021011,0.245682950028087,0.61513497707913,0.642498389808021,0.160639473249007,0.178023326451403,0.101063684524704,0.272214855750991,3.88767803576954e-05,0.153299875983963,0.0221519462001321,0.0184921846545467,0.0343303680201992,0.212144289270467,0.155158480022897,0.000501071212600495,0.0796563870874969,0.0242646154059749,1.95014394976239e-05,0.074184216835059,0.0335379308539073,0.000215820763495114,0.00905631706701752,0.000421946460748424,0.0229768589557118,0.000638904080025064,6.5205928570914e-05,8.45851140517725e-06,1.46343682206941e-07,6.75414210277078e-09,1.45463468930688e-08,1.10078911415144e-09,3.91889646772136e-17,9.62759260682224e-31,3.07735487288209e-30,1.92810460893626e-29,2.42060735457203e-30
2.92039401465998,0.350161797436063,5.13017333424099,0.561991393828971,1.40488565740366,0.00191463591294625,0.128218298364471,0.00768716084451381,9.80658446869115e-05,0.580262522074404,2.4960337355263,0.102545522215077,0.000770199953321591,0.0558945795242546,0.164639527038942,0.00874624981045226,0.0243567892173683,0.354927756205085,0.0588096318209036,0.0853689824206254,0.0395879927093234,0.465218419754267,0.00854184270980481,0.0248700033149541,0.377532873691762,2.75603408078787,0.00426546914839725,0.059124775520241,2.29508474609347,0.00183209642548998,7.37020667209823e-05,0.191444977451754,0.250708093219246,0.620809508897899,0.2326420989001,0.573100315423819,3.12568122067504,0.534862178820839,0.156621449299419,3.79434491392295,0.358677351924283,0.584032593241905,0.0373124950146493,28.8252016977365,0.00025666315691638,0.136088238724358,1.11517086857685,23.7934471227401,0.00537787388772628,4.25241026307678,0.000832255251181748,10.2424448480607,0.13094934817863,0.082397208431735,0.485136535258939,2.4321832609871e-06,5.93910250894398e-07,8.11499369714103e-07,1.85969469353112e-07,2.66232148142616e-15,1.007772936056e-29,8.92850965946731e-30,4.2221206728993e-28,1.98291960322697e-28
1.98509817415109,0.689440095052447,6.11972601530183,0.137905233417142,3.10439572876614,0.0701751995724122,0.0849100713016269,0.232209521301705,0.221260020525455,0.0688179733773121,2.53209341309627,0.63185539730962,0.253897324719752,0.108656497533151,0.00283423793831773,0.0774838334522756,0.0147712468905595,0.0192367746947871,0.345943546968913,0.313736416883253,0.303593025750788,0.0570325090931696,0.0274196037719334,0.0257245615002186,0.643028764514521,4.96485727661645,0.107995414478124,0.814947588025398,6.6223370635452,1.93648730163014,0.546210075183102,5.60439808195317,0.0029480218405109,1.98991255782824,0.0649246525577018,0.39480288124785,0.013710445845045,11.2026833268804,8.04183018009011,0.608132139790845,2.86100681174686,5.69535736732491,0.0947997012927107,14.0855138787922,0.000315498749999959,0.0247094044209681,14.5808290779922,0.0274442357024803,0.000318266855480798,1.42362547813968,0.0015133448646151,0.0527548346899605,0.00254312164641403,0.000111618620982832,1.8008646595799e-05,1.24250140728365e-06,1.57637886858468e-07,3.42789729895015e-07,1.17797980437698e-09,5.4340770170123e-14,0.0181037525357954,0.0298614451876105,0.0814582730606824,0.0322919412260059
1.70719889687547,1.47555535513714,4.91828971346887,0.272707156601719,3.83314955147464,0.00752799523564299,0.000197148016240352,0.000684139761019873,0.512162272747032,0.236661969279024,6.07490314333753,0.457926815976794,0.00888817464904266,0.0991386773021068,0.296609335233144,0.124986102241468,0.387991540658959,0.315895466852088,0.234502567010881,0.314123659636377,0.346774002286741,0.0727512606635671,0.940604096925597,0.49055629430779,0.170877998019428,5.78700215683997,0.0349814968545899,0.0311992469381164,2.41122199712426,0.681293396363128,0.00745781096951266,0.156170638342053,0.591569602885768,2.59474272024548,0.00377513379698998,0.0310584604552744,1.07007950635304,0.0183810855703303,0.0776638820566245,0.930882628968072,0.126071159120226,0.00123272811449979,0.00498647645178842,0.0548884505245688,0.00463135456786653,0.0505131489743813,0.182437043223176,1.43283429993541,0.00256497894697647,7.8713529004979,0.0111173127750946,0.0783760678032874,0.00673182286169897,0.0036836574224124,0.000548053747780613,2.94696550685667e-07,9.46274426332511e-07,2.56389822285139e-07,2.01974654159221e-08,2.02354626246128e-13,5.87055189163495,9.68325009891938,26.4146904383581,10.4713935011005
0.0130876101188118,2.70144357140789,0.438495260542006,1.05688007988353,0.0202457170199573,2.8117300402656,0.125343452456886,0.00593604184443108,0.0192390805864178,3.24699015413562,3.19005756932338,0.478934593713519,0.741245810236533,2.92904170618032,8.30485999306101,14.873378256459,36.2871864456369,3.51156249101351,5.43894195184501,0.00454240443556109,0.0260159549420826,0.0290374054796292,0.0879535616803921,0.39722064236113,0.123804610139168,1.39910721350544,1.43748893122398,0.831595470662277,1.52942114719661,6.38835587518395e-05,0.66935309416969,2.60370615005696,0.405578196204733,1.20723495735283,0.373338835840959,0.614643085091606,0.438161813984886,0.218670449250215,0.18026958405654,0.149419055353303,0.273928895186586,0.669500467893652,0.00119103012409953,0.0286104506628333,0.0128575804312422,0.0559790296700182,0.0337720621677471,0.000175243691171346,0.000369514559627081,6.67317970354107e-07,0.000615371411070674,0.00122131880239807,0.000441572611510438,4.95796648689539e-06,0.000105371302540394,1.77401031606494e-07,6.04788209342547e-09,6.39001584390482e-11,1.04111715033471e-08,1.82686799755273e-16,1.15603944911844e-29,3.08148791101958e-31,3.90000813738415e-29,1.56000325495366e-30
1.11405146549796,0.000855668387123656,0.0266548406796477,1.93842323311812,1.80149471879975,0.8612471997147,4.30276288414376,6.41429795523887,1.02091388185756,0.234431293750885,2.3941644253209,1.82597941940557,1.32791749209024,6.80220796368158,4.01113389983575,2.06535260839069,0.00437995345259218,3.09796950575551,5.03299922851128,0.0191754544444701,0.298357611388973,3.7211306340695,1.14843203304961,0.131009237249119,2.6127431200463,0.0595517516017528,0.123918286551596,3.10102552814579,4.55797691726177,0.296114131399827,1.72084947407423,0.192717217672469,0.91914151775792,3.6890230753789,13.4322973424649,0.0139410558910785,5.6747284206692,0.501346467510665,0.380718900451933,3.010684734997,0.0815324267949358,2.04950662741398,0.0499607357377034,3.28125460425904,0.13694232864929,3.92204395220486,0.320113531351648,0.197619421645015,0.0042736844832713,0.0355639024333176,0.00463873197678331,0.0296359810655304,0.00123239782246703,1.2857795746906e-05,0.00354502833069651,3.16245322951846e-06,5.31179573844604e-08,1.62338309850119e-08,6.52122488821241e-09,8.16574783103031e-16,1.50992907639959e-29,6.59149523466531e-30,1.20370621524202e-29,1.83083715338312e-30
0.28082701679712,0.184667041623604,0.563363688957979,0.400719773450368,2.60817595752267,0.390948965807095,0.552728871395284,5.44277496912036,2.59554473516074,21.9813894744485,3.44263239702585,0.781733730887946,1.40251248247377,0.120412988051879,1.15907354703928,0.00169823048011806,0.112365184243972,0.138658405084788,0.424806260036979,0.736160040741261,0.924146269771557,0.00665764934530874,1.82795798281702,0.731816387855037,1.25029260901758,0.377991089887714,0.583412272963442,4.23199606757223,0.0302193083217962,3.3985346542569,0.0596061114224852,13.9253708580422,0.859498869502143,1.73719925437704,0.021652126636411,4.33493787114378,13.2589386255117,0.797762222140077,0.528306668147389,0.00157283806340781,0.591261120182669,3.071776725306,0.317478237093398,1.42623412702521,0.0419493393371079,2.05718458522082,0.141639258549483,0.111963554212941,0.00485906232922019,0.0176600268390028,0.0056659862129154,0.00188222276088755,0.000761806841664177,4.4801329350056e-05,0.000575008386053615,5.70970152451138e-07,6.95613676398547e-08,6.5411852788761e-10,4.27930076479989e-11,2.1894483160842e-16,7.32334861353246e-30,1.37109661079912e-30,3.8460294367944e-29,1.56000325495366e-30
2.30845244041473,1.40998143141453,2.778850720859,0.191145996644947,0.690416985577003,0.128795331592867,1.23199630303736,0.163548759680363,0.148455140874954,3.32929601357546,0.762531969828429,0.150791184546317,0.0524501580437928,0.185158775278385,0.0489967020716799,0.00611357796962329,0.654734252557942,1.32750737675897,0.2876137469097,14.5613207817382,0.581381380259119,0.329036777458002,6.79321594848068,5.89182485518052,1.11530410516953,1.10970586689475,5.36632047256057,3.36495564056038,2.6680678204399,3.14442869762391,0.0400157394944805,0.446782038420458,0.377441574483389,0.186070832058033,1.09128270462482e-05,4.37160619397093,1.37725154877592,0.338337300413898,0.907025862180592,0.82883226483248,0.181161829300774,12.6713990273197,4.111260770531,0.00134169585049916,0.483852501849828,8.8313842353206,3.87067237428634,0.125311114628596,0.000362859087364636,0.00164681696692568,0.0308329543003132,0.0173507977692605,0.0156285314215844,0.00162692191454833,0.000392393093706276,1.31794058743124e-06,1.42011501627271e-07,2.28130960531626e-07,6.81696715928584e-09,4.03887257334852e-17,6.24001301981464e-30,4.33334237487128e-30,1.23259516440783e-30,1.7842612460171e-29
0.0833199816455872,0.129886266905299,0.00694468253264097,0.345344251894408,4.76090565541597,1.25572901328712,1.32343927302987,6.0376122622317,4.37349265816067,14.4409746915782,0.580187979366561,2.05685697637183,1.22698686389497,0.516773103883728,1.56570507078109,1.10881954112056,1.0499409131488,2.70998392409427,1.97860762719595,3.48856902938903,0.0170430521573554,0.0984753966934085,0.702063310770386,0.151991925479588,2.18733831655108,1.04646324637641,4.48085624685634,3.01154968566048,4.58590581189651,0.455970955879931,0.170854852618209,7.43850070495989,3.09413576065072,3.41057733290144,2.07361306159645,3.29326517445519,9.3968395014939,1.13487503781503,0.1502023869418,0.236315045918282,0.545917369144459,1.72620876996976,0.172385226491756,0.191712719683358,0.000168534646893633,1.15355561646437,0.00509620619800689,0.0190663995722232,0.00010913325270847,0.00832185349947705,0.000207070178539673,4.71832393004019e-05,5.64450049944551e-06,0.000269818114914802,1.18209519395754e-05,3.61655227338777e-08,1.90353030931942e-08,4.7940100030406e-09,4.96298332960779e-10,1.86786545948869e-16,1.56000325495366e-30,3.90000813738415e-31,2.35926418187436e-29,2.42822161922948e-31
1.6693494107426,1.51091729062607,4.78816502287239,0.278354599061178,3.82757419039042,0.0113923877969155,5.07035288586259e-06,4.03428004350668e-07,0.526028309132977,0.27775061551856,6.24776541956212,0.442692865586873,0.0165370618889684,0.122807481997599,0.324604850999211,0.12645218531327,0.420007954082282,0.339982239929215,0.295624010297631,0.387180529665199,0.424563726994733,0.0885990307498476,1.06047776881574,0.556625199954808,0.231978758780157,7.0781181959934,0.0315181641341449,0.0568915908169046,3.18130141582403,0.901504607076836,0.0179572023219561,0.30686029403903,0.659632882851741,3.15673331164065,0.00247445550452542,0.0221022599939846,1.1988278672166,0.00279827351254313,0.0162528169054997,0.939517307186818,0.0754446223867949,0.010499488658131,0.00851191048663198,0.000740257573558991,0.00527357473730897,0.0603114028553022,0.0511786195825035,1.60969672879249,0.00272786408314852,9.12477413101404,0.0128089718816173,0.0789912077745677,0.00796494395518623,0.00415463886303277,0.000594200973611025,4.04635661738737e-07,1.00000362273911e-06,3.21258184344375e-07,2.29491329135163e-08,2.10543158257537e-13,5.30616636491954,8.75231782742667,23.8752240898332,9.46469037579747
1.15359687864338,1.19007017861412,2.30446738050768,0.499598875680611,3.43787300931569,0.307993196541158,1.41858062394897,0.137929054903945,0.410399953255588,0.00432863702746986,0.441823145995689,2.39351724165504,2.01909401755038,0.15641810656253,2.66880890826641,0.0681851261844394,9.67781976999074,2.81110136001811,11.8013040561948,0.0248936030844424,0.0331558497992362,0.201203083152924,0.636538389413886,26.6585377699931,4.50614411785618,0.554574384581418,0.339934779436668,1.01371513682884,0.310569535546982,7.03209847784959,2.3287732679305,0.226590560961383,1.48139543508666,1.22808190535343,5.32232904693961,1.28093644893226,1.87101055657954,0.00966007861458329,0.0938155519905425,0.824111970534485,0.221321005031355,0.457673097542232,0.0393501168143626,0.128957596699848,0.0794192759112482,0.172373718620156,0.00470899295663195,0.00601586388710402,0.000562577547457284,0.00253799518209173,7.14922951729854e-06,0.00528390891634215,0.000386261071002099,0.000183782130775483,0.000238508824163487,6.63117287380944e-07,5.52642468273902e-09,4.28982625538371e-10,9.23996111096254e-09,4.23865453470306e-16,1.56000325495366e-30,1.2523359463378e-29,4.04926770807416e-30,3.1308398658445e-30
1.17135933192259,0.216853454315153,0.502692821000747,1.44481998873233,0.0466175975516511,1.48428070685703,4.32780053038236,4.92006094100842,2.34989544357708,1.66512208318714,4.04642077590967,0.725165272910436,3.35679212057527,7.34272726957617,0.122072629914356,1.91078555539873,2.03801302259164,1.39143018646683,0.730978256142577,0.09679299665007,0.401332359504269,0.0613516083713089,0.576396394294018,4.07451436906658,6.55819433818853,1.37892485792481,1.19339521370214,0.919766511305243,0.380120653915651,12.2094801172692,2.61846726583913,1.42640121929914,0.836597692956748,1.90464335488349,14.6609623866371,0.226555180337566,3.54276325413939,0.251592208462014,0.083616148886019,1.87027632290257,0.0431988147403345,1.46780287304793e-05,0.152922167348783,0.562699400520023,0.0764684805514513,1.43512587170988,0.431577942631954,0.00735513323898513,0.000557441488913541,2.12712140221769,0.00650517016213071,0.0758178781402259,0.00446462947178901,0.000995305386096249,0.00913870294281427,4.14914103693773e-06,1.51414154522698e-07,2.37948055554493e-07,3.61725082719415e-10,6.23011057071545e-14,9.26861308900202e-30,1.57085541880045e-30,1.11974770672889e-30,2.31732254343703e-31
1.49749465092843,0.335480907221812,0.959807799792763,0.0270313036150659,0.302149655783277,0.00569885424905274,0.774304829331808,1.24912283528442,7.48119233754883,0.269106621837137,0.929395772501206,0.0120515314939763,7.59861247391593,1.24515237277459,1.22533253613319,0.906924206149107,6.21008038592271,12.678689046914,9.29679638606408,0.80283488496192,12.0860310855699,4.08484232092413,2.53722841321694,3.04888525933073,0.280850542016602,3.70137659330211,5.05472207851479,2.83571263581171,8.65165863073753,0.534349145580846,0.308780689409336,0.305794774536951,0.504921491481969,0.781179158098523,0.249857109927609,0.161249363498859,0.0654579920703746,6.75226296446725e-05,0.00134583345271973,0.00822732083349864,0.0378803663301324,0.649732178350253,0.0270313638715922,0.00310626851308323,0.0713963762064727,0.024191187949521,0.141999535815968,0.025586382793894,9.57049391412435e-05,0.00411963947082389,0.000245944574155119,0.00466486470936601,0.000122988650105033,8.93229930299583e-07,2.88814860196672e-05,2.55206920043056e-08,5.28541979160954e-09,1.75747767009491e-08,2.13606247084992e-08,1.4794629079005e-17,3.80860169666421e-34,5.79330635859256e-32,3.3771482501384e-31,9.1030282527678e-33
5.11913451552111,0.120899810930263,0.0263041912928579,0.135511347172662,0.452067673727218,0.0106153972242308,0.247165153517656,1.08917181558703,0.179728782946717,0.21272055730842,0.00260442934317716,1.71479080839365e-08,0.191524419959245,0.00453884647017364,0.156865639279411,0.0204851568282008,0.00510869003641648,0.270032319855714,0.00584203736476381,0.0079626657251014,0.0424237045050802,0.873798561707299,0.044302149910105,0.166154434183543,0.1429991162062,1.15445489485642,0.154114403648967,0.505598279224786,1.25157121827244,0.322038628733317,0.0024592500452772,1.13221348180747,0.106635128408603,0.000118705511836454,0.605049244297685,1.1392918712805,0.163857041646861,1.20680240502138,3.88362324553432,0.783165517965804,0.0273369527779691,0.476376066684565,0.844392248782849,0.3560973614556,0.450100621439633,0.00227362457839108,0.000884256182214229,3.42623460377037,0.0175290415995688,0.0879489954634484,0.102528822808705,70.0229375685785,1.16567774548648,0.656834751548643,0.423876218607176,6.46693178669576e-06,6.8505639248114e-07,7.83991958804928e-06,1.37832194074232e-06,2.32755405609227e-14,4.62331595443947e-28,1.35376053296065e-27,3.41959694981891e-28,2.09634476935956e-29
4.3769762463976,0.194830391601848,0.00676907716638847,0.131511394586812,0.869896245508568,0.346181392612112,1.18812609162259,1.53384307422489,0.270268453534191,0.32377016658124,0.000566932392791713,0.555952137895076,1.25810266023834,0.565751448816877,7.32938716432537e-05,0.0132371681367465,0.0509158647883886,0.0430616775629985,0.000842071821184993,0.038982595420337,0.0203754288700875,0.000728604527434212,0.000231374967102503,0.13040760200196,0.453776119905426,6.25598667272585,0.0376811055880027,3.52410369324468,4.30972218835877,2.27089833649672,5.11994467364405,1.72469475430633,1.06281890463774,0.00873763335371905,3.85998754941224,1.67810911368409,0.136436801401867,1.62095104725951,1.06493786423598,0.810349245710729,0.129568617143334,9.40121199952695,0.0617109015230208,0.000175895468591968,0.325729643695237,0.490681343397889,39.3631604068863,0.508737371748124,0.000477570140611781,3.43861701301029,0.0039046528952356,0.176672429425096,0.00579290672380085,0.000388538161362902,0.000578640981375658,1.0141119230786e-05,2.9364849668617e-11,6.01861570739941e-07,2.8086319472997e-08,2.40442830889192e-15,0.0201950972759236,0.0290900573033192,0.00856074384768793,0.174198300636466
3.97078824684584,1.20777405673131,0.100898231592265,0.532655673344601,1.9208929603796,0.46902155879899,0.202574485452728,0.516643627442117,1.85964766795967,0.559395278777882,0.0561220368141079,0.044137330238268,0.0248655179182762,0.227451777627488,0.0248655803031098,0.0333099834722319,0.0320625854200782,0.783315656383461,0.577042727970188,0.0945585456816938,0.0559518270075408,0.0833263350971618,0.655896810819532,0.553670969591378,0.543394873650656,0.806776204474938,0.0497321399792182,0.0391248459090647,1.28449763246443,0.144182252462588,0.0519365599517062,0.0130296548789118,0.154579017315621,0.723960800646721,1.63379681073751,0.000387603108812572,0.00738763860711064,0.345953743978441,0.119705857449245,0.558009892002373,0.558107626733091,3.38008735771829,0.751812045888536,0.662206635470667,0.00869331453702665,0.224790587842241,1.30114833529349,3.11913896521936,2.09496090169912e-06,15.7721985152095,0.0434296057396441,0.179845761901072,0.029234344531247,0.00440819594721549,3.72628129103378e-06,8.86836555443209e-07,1.46946990776855e-06,5.77089069552336e-07,6.75531529640531e-08,3.39160858198194e-13,4.60408945038672,6.63196735878232,1.95168311883281,39.7138249584887
0.150024937021375,2.82085617824831,0.187007940199867,3.32757998249243,1.27481873488592,10.1825865516488,0.689155777297701,0.296532502902737,1.43570561079593,0.0567301534211914,0.00743664824233743,0.45153839050049,1.69430800221719,1.11945384067941,0.184603782679311,0.0250069065775652,0.0128208381902494,0.0725179317256965,2.99135536078578,5.92440832032699,2.14692296244609,0.00562430049968935,0.809798189794523,0.0105550180079406,1.36462294897212,5.16699162150369,2.14958127935718,4.11435072296131,0.386780773594165,3.55732488275103,12.2610950627237,1.06035059224244,11.6567464456084,10.4989844665397,3.50680713152005,0.109244915132627,0.152148587183455,1.55080244819248,1.03892210388416,0.00145588499332202,0.838966053105981,0.489108002256402,0.416689320246593,0.0259941058888888,3.31232620496199,0.306045229321229,0.0998960177174438,0.0206109760340328,0.00748610165708931,0.00198507047648072,0.00724012944658116,0.0155852672869107,0.00395805056084446,0.000482039886195154,6.83489348106184e-05,2.8739342417372e-07,5.63664875588052e-08,9.60900978576911e-09,1.02313759928288e-10,1.07152494257387e-19,1.15603944911844e-29,4.81482486096809e-31,1.56000325495366e-30,3.08148791101958e-31
0.496636777669769,0.490183861673771,0.260503823949254,0.597930019901557,0.860852652458313,4.60925101284833,3.57865046413757,0.0107802955551085,3.04104640423096,0.161532822387749,3.09930372386057,13.6984495383747,6.6124502387448,0.675349271532783,0.753610785130125,0.810737136530808,0.197543179082624,0.725840928410208,16.2044862507691,0.324605633250167,5.48650744468632,0.745168448833115,0.207795767436538,6.09902762494049,0.0735724089875677,0.0466352394203143,0.972166297837067,4.07055149422871e-05,3.03218278008602,4.22497856588012,2.20236827847614,4.78631383885479,1.05615721224154,1.08323318246265,1.93892573949693,1.15534601615213,0.672761310728806,0.104529760967275,1.48443346700533,0.623119870754304,0.734121928452787,0.927243048990422,0.447532415958205,0.0060103237025828,0.0233510064143427,4.16360475769422,0.436750881876994,0.014840651680999,0.00160962161105748,0.0360915327416951,0.00232586547957631,0.000113758317673436,0.00107831288065594,4.21732036342987e-08,0.000314837382135901,2.18769962793271e-06,1.49272317847433e-08,9.29770759847667e-09,2.14582465714004e-08,1.17607214901537e-16,5.00771878196062e-30,3.81163736546361e-30,1.21383298353792e-31,1.20370621524202e-31
1.62678513380812,4.15376272783434,0.661302313507145,2.59073245678727,0.0273062407095748,1.38898136250462,0.57064985824271,1.54657553177325,0.396022422761798,0.00788108547596194,0.00839057978268233,0.499380904795705,0.734644391428402,0.356433369814868,0.804082127151136,0.0936415384242205,0.235965508773394,4.26954907356584,3.26535508107898,0.633444990454334,0.552303505588953,0.714024121081548,1.56200635067589,0.0823887615272945,0.874325503409897,0.215204793341652,0.00914826965731229,15.9754630633477,0.468923731354501,0.133862313225316,0.202854606365234,6.82980931461517,2.16969400779888,3.78064430923481,2.90591537827921,1.56228357012147,4.81615518986495,0.255220241487289,8.33593895909435,0.175808007558901,3.6886488393567,1.21908103950412,7.75183082120994,0.328594809225763,0.312834377021987,10.7222948881644,0.452868920209639,0.0141213261328057,0.000106550041276557,0.0151402569719363,1.47150703832024e-05,0.000112289789744354,0.000933232064517129,0.000491927027083734,6.38772137516892e-05,1.36896521098643e-06,5.06990905948829e-08,2.88611371825368e-09,1.21408244716501e-08,1.57166873230646e-15,3.00926553810506e-30,3.00493219573018e-29,5.30834440921732e-31,4.81482486096809e-33
3.21088636727814,1.56161199715101,0.0929035506788971,0.413761798648945,0.149174304771425,0.884063848701601,2.51396292483657,0.12048496616591,0.184654492179699,0.372374705907605,0.600800677163022,0.106087913667526,0.0362205422155348,0.0986815750546108,0.629315742600275,0.0385296243240211,0.680256168838027,4.51879051640615,0.0675943848431291,14.9545334646751,0.756417991030419,0.409811602786575,4.29824176466034,1.5176718569006,0.0101365528223008,4.90186997445488,2.99487196262501,0.679432539859063,0.914777220730824,0.224223007406559,0.0697226304534032,0.0787049226552306,0.0282631649385268,0.0952204400439701,0.361120898806447,2.64535898384927,2.03337558400376,0.67867054149653,0.331545401732502,1.62983844722145,1.50645022171263,15.4471030743145,0.00448072677421179,0.384418546945346,0.00393989031112963,18.5262778268604,7.92923553911504,0.163588676818502,0.00251921126618274,3.65404604242353e-05,0.0265882637072096,0.0879842346654632,0.0145354111295091,0.00812422100325049,0.000749423332386576,2.79055237196291e-06,9.57931942225852e-08,2.33887906236089e-07,1.67654926342548e-08,1.73823980676599e-16,3.64121130110712e-32,6.93334779979405e-29,6.95260709923792e-30,1.68671026122654e-29
2.00995673877323,2.37938452855901,0.359232023261691,1.04365427103463,0.0148621236259131,0.568888126705566,0.419890155132003,5.04216450079179,2.30211834302985,0.0464931856586735,0.000323648036796594,0.199112107942894,0.589768134128866,1.37676283783658,4.10416131863212,1.9171651742474e-12,0.0715231424650173,0.0107968239721811,0.263154274757438,1.1813053757346,6.27367519480216,0.309547090288474,7.30997686271271,2.26598649774099,1.81096079513602,5.47195051515501,5.59805066269692,1.48214073716991,0.394257827939238,12.7364134128558,8.30381070571201,0.0160672069213567,9.01512382735482,0.252164535305115,2.8576213000551,0.148036964941518,0.458421764115451,0.9095151507497,0.838846896081244,2.20120983749393,2.59379684065672,0.637256116453188,0.194489797995552,0.0183409691780101,0.012081026701771,5.73957499119436,0.110966525074036,0.00637201096073534,0.000239880886826121,0.0360208038746829,0.000477566862195835,0.0113018031032922,0.00142068024687902,0.000260278312304636,7.11282689024542e-05,1.20457756660946e-07,1.11765484867984e-08,1.61289127956614e-11,3.27190542478201e-09,2.53925620661891e-17,7.70371977754894e-32,1.97215226305253e-29,5.89816045468591e-30,1.56000325495366e-30
3.880470281477,1.29174002794578,0.110017357685583,0.562326565499023,1.97928711315035,0.47088623248325,0.161191487734828,0.457669460971271,1.99446129876587,0.56940332380884,0.0641952790557634,0.0759949316143067,0.00785156983769181,0.205908130456227,0.0278661376431809,0.0408045733152278,0.0304024366895795,0.856939484218815,0.648059170013289,0.116005899738978,0.0683061919677837,0.0928952124376279,0.738518539673289,0.665790966458031,0.689861661295158,1.27754454705763,0.0498504672744863,0.117130234039864,1.82303248438138,0.259547319916045,0.16107495975382,0.000833268199784935,0.240349838259851,0.829123072720354,2.23877310198138,0.00493292628930681,0.00426763562058773,0.5104941754424,0.0870099581377227,0.734420718769831,0.590412345573536,3.01906420246208,0.816726425534986,0.745868862101577,0.019381804280562,0.305823826925655,0.593565445880891,3.71166612426939,4.18938846868369e-15,18.9213716713553,0.0509885719930029,0.17722840551759,0.0310819184801768,0.00517345584413671,1.40138222470801e-05,1.49963545854545e-06,1.6577174526853e-06,7.42499694788046e-07,6.98786502191559e-08,3.82666153459237e-13,4.07884070064634,5.87537203172434,1.7290290785274,35.183149103548
1.30436066699805,0.863226915393401,0.197591290881276,0.0786006786174581,2.21661720050977,3.97836922464476,5.89806672113156,1.07718861051489,0.497911064959997,3.45338946979834,0.0463739070541817,0.7841626976062,0.475802663329782,0.0191678873350298,0.247231534384687,0.242629654234698,0.169962485945261,3.38250518018362,0.0213640981181062,0.572651988360343,11.6890283214341,0.912674856609449,10.7129621181865,3.72723204027094,6.60732310556738,0.82045139179401,0.0202812189650483,3.13394412341996,2.09988585625251,7.22021467727906,11.5242263766251,6.39199235019738,0.277379758302343,2.23443489095946,0.269492246219378,0.00102826856725091,0.328863795844959,1.10797560082426,0.249875307173439,0.212366013122287,0.167555985345079,0.470266321077973,0.480434827237984,0.115855415231545,3.39131043725451,0.277511837224457,0.0108179789325966,8.27038086889845e-05,0.00539931118766076,0.000713989316291325,0.00844163813897049,0.00214811294871961,0.000564183406216628,6.92910124191359e-05,2.14568095168185e-05,1.76235907463068e-07,5.90790336778743e-08,9.32839745184786e-10,1.72033371618857e-08,1.15738959630848e-16,6.06788303103503e-30,8.93827096455654e-31,3.47871096204945e-31,4.1755440132169e-31
2.64097062104092,0.422286777993767,2.34422586029149,1.4175027941435,0.0306217883555821,2.03161871494583,1.99264367824699,1.17752907250937,0.00503901919813717,1.30510844871445,0.0233911794460698,0.0304224402866562,1.73567880417852,0.192436770897864,0.734519622603976,0.00532354917384867,0.0104869867993312,0.000932761432047086,1.38760170183812,0.165780299210866,0.54629423755859,4.59293518458896,0.129365654331569,1.16507461392247,9.53610519891533,0.0921183858113969,1.37098625058266,0.0333352851388249,9.08453256407451,0.467444126891176,0.696878574037801,0.172769769650036,0.045813072223182,1.11431036328327,1.86580857739494,0.0210728398962279,2.21662606221457,3.96256614329432,0.916205821434495,3.95762060910944,7.45580385578329,3.64150014137394,5.05238573747365,5.93678634603552,0.0536700864521846,5.55593371028502,1.94577486607446,1.4066163215079,0.0121695847526565,9.27520123604027,0.00188894189123696,0.00295598201682524,0.014838946493288,0.0011454610812871,0.00134230767476183,6.90192965755631e-08,1.19076307662597e-06,9.86132864247894e-07,3.48716751134697e-09,2.28975459635176e-13,1.53701246624254e-29,1.59190146965757e-29,5.15776076169055e-29,1.66186689341852e-29
0.808767556112166,0.00576859874329533,0.756337280140147,0.369148006793825,0.430804460236681,1.43391427966567,7.33030966862716,4.01987571297203,0.404734040384382,0.161513166944926,0.362669093350399,0.812607727755518,9.56071210530998,10.1652396326162,0.276027134601779,2.91304308826397,3.14773293856076,1.26128817321692,0.00279729047349736,6.71306733556531,0.0020536330585695,1.99176153589165,5.08185160221519,6.69979922572941,1.96692629458284,4.25974070317324,10.0571488708904,0.751576069188114,10.9883514761659,3.15330413277227,2.10425019840394,0.69005115849843,0.197335134624627,0.0789229755292458,0.141214031586357,0.323139335043306,0.100884443773396,0.12701516948292,0.0737716594037756,0.00774405858357874,0.0310727870536899,0.00162827352370965,0.000597761174861217,0.00277179699327665,0.182673401006282,0.00162328302985039,0.0443443633425799,0.000517717801694228,5.04833894492245e-05,0.00115110177007848,2.72246896379952e-05,0.000311541767175679,2.03038685411538e-05,2.38570115243668e-06,8.53496959313345e-06,3.07905659507848e-08,3.00101677868827e-10,8.18199300600086e-09,1.71413017289707e-09,5.9370401312241e-17,2.4375050858651e-30,1.1943774920739e-30,2.2256527919825e-30,4.70197740328915e-32
0.779208794932842,3.45269785860191,4.47903844979183,1.87985857523158,0.0170364123541167,0.0669620726683974,0.286182264102121,1.41456536715712,2.71064633791842,3.05362601098603,5.67089557910633,0.372677453238534,0.184133036039232,0.0369682825998676,0.15017535930045,0.0446824474996599,0.0490059991694604,0.225808123500911,0.0218940326565357,0.071758698111332,0.273305350079316,1.6870461002081,0.889003402887581,0.0968021499714557,0.182059010349907,0.0797686231500368,0.000973216413072883,0.00848376204677971,0.0394378598419757,0.0411421929789056,0.0133833489113196,0.000381610345066831,0.00994978342219414,0.00634119419060593,0.000312647743297541,0.00222386003738339,5.5463248882148e-05,0.000624727575454684,0.00949007492044105,0.00203907916657236,0.00984939460349983,0.00259583826674994,0.0246627172458654,0.00573299262043108,0.10944934267697,4.39080725509985e-05,0.000221742366902805,0.00899898244689535,1.67609771014353,0.00397842070617531,1.12864083536259,0.0608397984941504,0.000182717672511216,1.42752306222658,2.85752638229666,0.00157322548269805,0.0550912091763231,14.2428230249572,0.0735240819675134,7.73662341014949e-10,26.9038355245977,22.8432953777363,0.246957428211333,0.00591166944022551
0.459369701758281,1.85344549245643,1.27006907984816,3.48452361676773,5.51386363131298,0.125569223638651,0.127472139202082,1.36721245410362,3.78532805757562,4.70468945657874,6.20089534338322,0.340610129109179,0.207203834267038,0.02919607540831,0.110658370999623,0.0123008671921868,0.200629139384671,0.159429613596021,0.0962596722211566,0.0491814068373318,0.269083015736498,1.98493735126537,0.807663591078226,0.00120369632068906,0.389930041420575,0.0472269941591236,0.00438020088963599,0.0256684823180482,0.206130401139529,0.246592016216294,0.00533051055284126,0.0087732227150737,0.00432711565962341,0.0209768983489909,0.00189506702251733,0.00719068334282157,0.00582924938712791,0.0049007362264914,0.00249680241135465,0.0139959504099939,0.00622252702740913,0.00182121763126125,0.003596332203711,0.00453117351195743,0.038350139509779,0.00143338235054561,0.00950718037542552,0.0502055039043129,0.300348173019854,0.00828340026997713,0.23037875527892,0.215710161618561,0.0437461640573896,0.931797975141573,14.0251340701236,0.0360751130667576,0.256123556157776,0.274758489710948,49.4055373491824,3.59592130024109e-09,5.34468006356191e-25,6.38339624421585e-25,4.64856502962178e-24,1.11887787780288e-23
0.777400575542822,3.44468481888373,4.48450895312794,1.88703330366179,0.0176933697364421,0.0733985068870268,0.292852319441485,1.38140172124593,2.73139772881905,3.04818709404747,5.6788909809887,0.369069312561204,0.173028211448811,0.0227789865302505,0.162756800174513,0.0358881476460711,0.0389615068986477,0.248189874729366,0.0333638469172286,0.0410784565866303,0.307625615718833,1.6743980212181,0.919686009555472,0.149357864604201,0.133173229267317,0.128112406013351,0.000156846841810236,0.000370284346401648,0.0622835980217971,0.0741267953605253,0.00537865899119188,2.93070154497531e-05,0.00175124649513646,0.000296900197878232,0.00096404079316456,0.00537950305994803,0.0167098114274112,0.00227147352048759,0.0283828376480875,0.00773738796699461,0.023185255382635,0.00182975394288465,0.00233079289759033,0.001446212486761,0.04010241029379,0.000659559872888891,0.000161663823163038,0.0513097822683797,2.84371187747823,0.000193948467510925,1.82157696953715,0.0931580806058792,0.1294809983482,0.533247562453648,8.3529633487558,0.00969161526066186,0.226167153061723,57.116461781217,0.291564876737902,3.16955943950904e-09,1.42071188364857e-23,1.44086234451377e-24,1.51561433374368e-24,1.36063536980502e-24
0.459318354666749,1.8532410590769,1.26992246008573,3.4851369063136,5.51347058275094,0.125941431182648,0.127291688849159,1.36862574015793,3.78426162841997,4.70486348339581,6.20048389038912,0.34070693740858,0.207646748280788,0.0286245515266822,0.110214362596342,0.0125029429141086,0.201568173214745,0.158666816802255,0.0953510018157013,0.0479759994875544,0.27045178957118,1.984010884453,0.808845448805687,0.00142842470435093,0.386544782386892,0.0485659669413773,0.00458972096852587,0.0266453894616225,0.207915371010838,0.249590732610838,0.00506310687137659,0.00863725368644872,0.00399116482504668,0.0215951537826666,0.00170990104296915,0.00737076800362653,0.00645466368051423,0.00533522670864532,0.00233773876349904,0.0131813859806364,0.00647248278389366,0.00157748268683536,0.00332633739023106,0.00430479135513469,0.0306573342143732,0.00137802818560807,0.00943515087090352,0.0525095503555113,0.267606911161977,0.00832899010370458,0.224579763811916,0.214749402099598,0.0423494699839481,0.989521083297907,13.956395660076,0.0479723429232909,0.253021470754495,0.287134568326854,49.4385995425216,3.50122712718164e-09,5.39782268185163e-25,6.28399587014987e-25,4.67245784718258e-24,1.10982681445773e-23
1.13603840539994,5.00797138051927,0.26750386647031,5.42303414204541,2.94228236153497,0.183429287182638,0.00281675687765607,0.0246424970927377,0.2029485897356,0.266372640894411,0.139343095823023,0.00288253873786581,0.00614118853923589,0.0417461372646535,8.44493916270031e-06,0.00165512610824597,0.0474559119549123,7.23801807316378e-05,0.0191878528493084,0.0845710724028847,0.53076896181859,3.62121167240381,1.67333304577274,0.0830374775114832,0.530911607623767,0.144021873586676,0.00443996060230156,0.0125201156400237,0.333236328380629,0.353581697311449,0.0172937969021077,0.0013181730900675,0.0130111555447111,0.0265042580549027,0.00684632026600567,0.0100990691653505,0.0257910225428207,0.00326479995613877,0.00122019726872327,0.00161171886749375,0.0338973422231678,0.0036135555479875,0.00529206105382129,0.00512972147964945,0.000428159394748711,0.00125220580785876,0.000819540447535174,0.048281664845968,0.449899110478361,0.0090569543831687,0.393041979799959,0.34082273720726,0.0742746898488947,1.67814147922566,23.5145529606589,49.7459818956886,0.43814727287228,0.0025544489029914,0.0606852912224813,4.79106445348075e-11,5.68512318726605e-27,1.2207383000851e-25,3.04576972260453e-25,1.56433960659407e-28
1.13590799880611,5.00998094148862,0.268936838839842,5.42288927829798,2.93873280785703,0.183594431192149,0.00284713514833139,0.0243706723883953,0.201900122378708,0.264326737914374,0.138110547980943,0.00281048367194167,0.00606275427506785,0.0418067629194447,6.93044814766226e-06,0.00168568299108731,0.0470565871747713,8.66951096461294e-05,0.0191526847169293,0.0846606862636776,0.530171312258536,3.62736910392195,1.67181255273228,0.0830193077119173,0.531176188081381,0.145499142189682,0.00456406701946603,0.0122929842990611,0.335523034389185,0.355173563333339,0.017765268004867,0.00129989614420597,0.0130080885806594,0.0258941202784421,0.00726093557196155,0.0103536797094358,0.0247919740067359,0.00347709644694067,0.00127781149786145,0.00151313136872934,0.0342725131755511,0.00341273770187092,0.00517543371115735,0.0055009267849227,0.000602974262656966,0.00156874491987563,0.000747372875591539,0.0523328171619362,0.454241900341137,0.0102803823954668,0.376273118292187,0.342713410372162,0.0707503293757622,1.67858146286636,24.0134923659686,49.2380589374986,0.447184383394495,0.00430345808150662,0.0623366933471693,6.31234098540678e-11,5.83653551129038e-27,1.28719866074567e-25,2.96890556963455e-25,1.00227350328512e-29
0.0694822225134666,3.59557953061957,0.204688671857821,7.04276564748165,5.62132626618534,0.0931323178061237,0.0565819782901268,0.416247157405081,0.00163011219560104,0.173407175043224,0.0437027881444572,0.228219357697687,0.250338866114858,0.0707606791517456,0.874657704591787,0.20487451392983,0.258535420953743,0.451090126833552,0.135724541515733,0.883469350066509,3.17145110117942,15.2414707224992,6.57858431963844,0.150717875941228,1.73677769309271,0.538884635492804,0.000609105733432025,0.0139422266690831,0.905167988702222,0.595157856534121,0.0469825951944777,0.0349965954929472,0.0948529180534946,0.0702534740943433,2.86214126594504e-05,0.00128062043687919,0.0219201865110013,0.0134055040552156,0.0125115343884071,0.00165304710730872,0.0188818741480693,0.00915120681794841,0.0156762365440832,0.0258397163283306,0.0101965457895843,0.00436954724374076,0.00195172188284118,0.00262456562092917,0.000185949683133568,0.000246175438225883,1.87969321619362e-05,0.000650087874891458,6.04143767747457e-06,1.29402112500464e-05,6.81576150320202e-06,0.459759231914684,49.1106852637862,0.168540296297689,0.264333935473733,1.85928637784796e-10,1.65750786876784e-24,2.85841827891714e-27,1.32262023668999e-24,1.83183700066606e-25
0.0694781234416007,3.59563128087041,0.204932796460365,7.04256030795324,5.61983339994077,0.0931683009303793,0.0566584602202581,0.416851040840355,0.00170510483916529,0.172670188685918,0.0443484892450375,0.228733760698446,0.250552133174403,0.0707215174564928,0.875270426653709,0.204721963013456,0.258821656172344,0.451611734748525,0.135905079547098,0.883562968945615,3.17153133380662,15.2428111695415,6.58062031395566,0.15082082919659,1.73708614294086,0.538934844482739,0.00062681823274926,0.0139125847594071,0.905990758358729,0.595566283608625,0.04701517191082,0.0349040445696987,0.0947414025388838,0.0703676131414196,3.11328420105317e-05,0.00127659551163496,0.0217063711794858,0.0134292255095609,0.0124080016417364,0.00168816577179728,0.0190456936325297,0.00912324389115676,0.0156232033152486,0.025860398435527,0.0103723224947528,0.00438772880343474,0.00208686184682085,0.00233770083753294,0.000173627803769494,0.000339919584024061,1.94835534088492e-05,0.000693172198603091,1.70181347410404e-05,5.22449449266859e-05,9.76089435649427e-05,0.458126959793646,49.1055188036169,0.168470445318638,0.264446025327178,1.85460691730634e-10,1.64929930497397e-24,2.6903134837213e-27,1.32677313868837e-24,1.82486451435868e-25
0.779208794932842,3.45269785860192,4.47903844979183,1.87985857523158,0.0170364123541163,0.0669620726683976,0.286182264102122,1.41456536715713,2.71064633791843,3.05362601098604,5.67089557910635,0.372677453238535,0.184133036039234,0.0369682825998679,0.150175359300451,0.0446824474996595,0.0490059991694615,0.225808123500915,0.0218940326565368,0.0717586981113327,0.273305350079317,1.68704610020811,0.889003402887586,0.0968021499714577,0.182059010349908,0.079768623150038,0.000973216413072832,0.00848376204678044,0.0394378598419762,0.0411421929789063,0.0133833489113199,0.00038161034506681,0.00994978342219307,0.00634119419060589,0.000312647743297587,0.0022238600373838,5.54632488821422e-05,0.000624727575454292,0.00949007492044349,0.00203907916657224,0.00984939460349946,0.00259583826675065,0.0246627172458673,0.00573299262043077,0.109449342676972,4.39080725512154e-05,0.00022174236690264,0.0089989824469008,1.67609771014353,0.00397842070617681,1.12864083536263,0.0608397984941227,0.000182717672510145,1.42752306222654,2.85752638229664,0.00157322548268041,0.0550912091771244,14.2428230249268,0.07352408196826,7.73531462378918e-10,26.9038355246367,22.8432953777248,0.246957428212559,0.00591166944040281
0.968216754831412,1.27294884952763,0.767264002951391,5.62308007874763,2.79329846462727,1.4455389287994,1.82824423997157,4.62721909159154,0.000231164392570981,0.00137321103922441,0.810859983316961,0.267933211193411,0.0224318639426635,1.61585675431239,0.00949699501746422,0.530213617791475,2.73022350118668e-06,0.132789264572671,0.124021033789168,1.96382258483977,2.2761027253386,0.0402716361423806,0.278437138206277,0.0394596318343381,1.80119731006269,0.940445184945742,4.06543824865575,0.0489599095501347,0.597859346336718,0.048033632982132,0.00020244224835678,0.000215803925148497,0.488190805466241,1.2107484698301,0.0260679435737113,6.17225461751841,0.0272247055876236,3.16329780674638,2.56517672264788,1.67460797451963,0.880488726242554,5.48481218288129e-06,0.635479253977618,0.601574651146378,10.1595889466709,0.181737864524228,0.0181742363282104,0.0995027166219392,1.46338965314047,0.20985059334408,25.8467183785296,0.395069156518485,0.0626574080218413,8.96612540570885,0.210595552646861,4.75696044310273e-06,7.64567786318548e-10,2.3080409812384e-06,2.44023291456513e-08,8.77928629759854e-14,3.45819980814172e-28,2.8900986227961e-30,5.33365233239278e-29,3.1308398658445e-30
0.7536625072956,3.69777020136697,2.10328355877818,1.09382489430171,4.27104722690005,0.450302625639468,2.76973769932715,1.87186710576456,1.01339655612883,0.376644210822434,0.360012529363548,0.159142565970128,0.00154892718445155,0.049874166330887,0.245937860577539,1.9759751360072,0.511984696604476,3.88240123725049,0.439605994401518,6.17132249355847,0.10901015534083,0.321413394481017,0.262575317904528,0.115224610589852,0.240934755719683,0.477791541011141,0.725049606867125,0.0320838944073629,0.00506585888527086,1.05426633159186,2.5877623385178e-05,0.0272048658042834,0.121971966818396,0.13032740137716,0.174415282228178,0.069143737489024,0.204621345744111,1.1212659836916,0.504156702640631,0.806210479678205,0.0086756121968646,0.166475491843496,1.59044773526546,0.407654738244272,30.0106272664856,0.0279843632919563,0.000938723155070453,0.796449399310112,16.9617647089916,0.131438532915553,10.69602846578,0.0693316059029775,0.0471787936616877,0.372409188652706,0.0104533903713107,4.00642994451667e-05,6.73644839358424e-08,5.42269059146355e-07,6.53094831647492e-09,5.14239131993688e-14,1.24620456780391e-29,1.6477534380448e-29,1.92592994438724e-32,8.98041948999963e-30
0.970796153984243,1.14881273249634,0.816788024832267,5.43094141319233,2.60622926191327,1.78953477326781,2.10199456598174,5.28011949040762,0.00796118811920274,0.00200196875687684,0.873809356961734,0.28652340156025,0.11524276156625,0.629965098890426,0.00312301741389108,0.27482904380098,0.0824682632836044,0.00554518441383441,0.5992084139037,0.328696030257159,1.47374789945784,0.0688607029927942,0.102787709037645,1.19813268887607,0.27714846471911,3.45692682568944,2.25361752537912,0.473122739042288,0.0426498396861599,1.03852866358713,0.295414362056624,0.0394214943052398,2.37990300746795,0.132449484869659,0.303705793828499,7.83427835667986,1.99031484780356,0.941938885777729,1.61649174591574,0.121352886834574,2.51064372487133,0.477183759784192,1.12415878838076,0.185353698225505,10.1112221864737,0.000684302668019538,0.000687375789421172,0.170457695612738,1.29309889758866,0.152413477435646,24.9860417730342,0.46379338918015,0.0395222946533293,8.87481954828703,0.214527243816455,6.68696867467028e-06,6.46753411432708e-09,1.0191545749577e-06,6.25973967374887e-08,6.38017833080366e-14,2.5636805806123e-28,1.45648452044285e-31,1.07612539348852e-28,2.65898702946963e-30
0.716739619019625,3.34186215539846,2.06496088348758,1.24834908295249,4.45649552007416,0.193314508666877,2.60177160903619,2.24525223442834,1.290515826068,0.382511049360588,0.368199343225139,0.0868471440934028,0.0342099291761491,0.272750284278403,0.0816545124372576,3.50433436768937,1.12295368094589,2.47609247727574,0.0135201223001733,2.72534003512083,0.826487516600941,0.305129481310079,0.284965855913335,2.44920356945294,2.59524883233748,0.0951248136534589,2.79165849562871,1.8572134596858,0.78817408042905,0.00101701229106305,0.391396327965085,0.0681661203111657,0.536617762270035,0.165085064772717,0.19129518285234,0.793658564134879,3.96946786932779,0.0248690961188873,4.15930725583353,7.50093448633293,0.517818468460113,0.625399421643207,8.98354855635939,0.142339912622055,7.65098947747793,0.0117969364764049,0.000330340457741982,0.492554701220524,14.3609944875994,0.0279992074658687,7.70925223662768,0.0732159355672723,0.0676029593639051,0.304472758399642,0.00896565805878259,2.32733985808935e-05,5.816426755382e-08,3.69847259086558e-07,8.53302723783276e-09,3.30866649401021e-14,1.13256717792122e-29,8.4530268965371e-31,6.77084746073638e-30,3.57530838582262e-30
3.00047646934368,0.194553007980481,1.10343311510354,0.92738109572176,0.076223935430112,0.130785344191619,0.645392102277193,0.896769751072162,0.0802176210925847,0.383453644040783,1.69696197786259,5.32705354772666,1.33822412916875,0.27357999833481,3.43086309736484,4.86218244440835,4.7849915362622,4.3878830640082,2.47743578608494,2.2507423104762,3.35055469009146,0.0670358442508181,0.677651188205384,1.20364630368029,1.63280502875315,0.0331995997096037,1.69401256025976,0.159339853728198,0.0785528309390561,0.973833353036144,0.0497233187331288,0.302432272872458,0.00125198979329597,7.31037594782542e-06,0.120497572450185,0.0943630776909244,0.000199125826966242,0.546806303554734,0.0990067381559952,0.0166874349918868,0.229191734064876,0.0565460551457205,0.278296823209307,0.0464039801088176,0.0223504651771368,0.0197773009676905,0.0665947028468869,0.0010958230715858,2.58312962114198,0.000152588856902074,1.55894833240796,0.00377570197086433,0.0442515463308259,1.09771672207189,0.437854506224817,7.06582621606101e-05,0.00355820870693959,0.908081748612662,0.00435120661543817,43.2676418991547,2.02116227168599e-16,1.81287560072313e-16,4.34562106398137e-18,6.42644613539515e-17
2.99692450055042,0.192629676286805,1.10065869942159,0.922216362260041,0.0776436732708412,0.139836145616829,0.655528973882055,0.870026935686119,0.0766635212767787,0.385399490680205,1.70134172936562,5.34071186062013,1.3073056733392,0.231340756208222,3.49103324186965,4.96107679801338,4.89278813636816,4.2905679235732,2.58963546984927,2.45450827510057,3.23285114638439,0.0645314526100153,0.705267830799563,1.04131239832052,1.47639337768408,0.0670561998774213,1.81257832125593,0.224096373109692,0.110171794976492,0.839478721974602,0.0323448913147134,0.330690252849931,0.000538476445679346,0.00440459854361096,0.0888071878371756,0.0787811163928459,0.012264812510044,0.442643011158378,0.0577257952027938,0.0712649977338275,0.17977521947093,0.111732844369136,0.171138026009717,0.0311779852691511,0.15365228563422,0.0254008775591517,0.0682179187455919,0.010627842351598,2.38500085110997,0.00149799804077295,1.74722580852718,4.51037369660126e-05,0.0410381885619698,1.10239555160181,0.417045555492762,5.58284204904657e-05,0.00356955861226249,0.908590573331765,0.00434919610186311,43.2664221868319,2.02110497699672e-16,1.81282410390761e-16,4.34550650253367e-18,6.42625901181902e-17
0.071398740407301,0.0716164363327597,0.110215269441363,0.443233886291938,0.0642813518601013,0.759586746331004,1.17627860461433,0.392811807471856,0.186741511589426,0.0799449630301711,1.34236392281147,3.5838046662402,26.1362137646512,32.9974474723935,18.6628119324731,1.70402377058332,4.89689052156102,0.139914175429544,3.10358796275717,1.7403705823479,0.0968710456420654,0.00183976935950321,0.491186223322331,0.969654871177368,0.00622847842378731,0.182188877972477,0.035822532889211,0.15118060420508,0.042571758898367,0.0514510307460188,0.0414755514326914,0.0116010758342209,5.06508220319008e-05,0.0294464901373064,0.0472782175393444,0.00791334090549643,0.00382353759335947,0.00124060645060407,0.00749247349538064,0.00110280389801581,0.00221647405102019,0.0164107359533418,0.111728291726068,0.00147435459429855,0.0204161019894456,0.00121623036294527,0.000650911345623836,0.000478477514908215,0.000405402054890848,0.000389036908540642,0.000501010387753462,2.87001553886968e-05,1.01583177290315e-05,0.000108201304638194,7.87744105763985e-06,1.10675433675252e-09,6.49471715265136e-10,1.07670889956476e-09,3.69607728980627e-09,4.48664939769223e-17,2.33037523270855e-30,3.51000732364574e-30,4.81482486096809e-31,7.70371977754895e-32
1.7049850731294,2.70142474460981,3.44203623181779,1.07606316747082,2.48004326898416,0.0704011602802269,2.11317375134843,1.25262214660082,0.280222353872324,1.58823920983993,0.220539089371218,0.205261422234688,0.000120712863961586,0.042196418376963,0.199846790164,1.00433051221899,0.0577054113595625,0.466986048346665,0.0525333281459604,0.0440427962185435,0.0135084050446545,0.0921425878020102,0.241121839357474,0.00658786804973673,0.279385185094707,0.296070341028465,0.0383417344368561,0.165177872061367,0.0398789537645452,0.460724544887971,0.108857102267079,0.00755721147179685,0.608132903564574,0.000564282566444806,0.383110425850723,0.0634562380198786,1.22090840115382,0.333536447047685,2.88463332870374,5.838042900678,0.131503366256881,0.0586784402540074,9.17118413745347,0.0137205498972805,15.2061644532665,0.0346879959208986,0.00144962408872045,0.22344579853241,24.225660215426,0.0331067192805008,8.88278527230647,0.0311982576577517,0.00124482003560578,0.633592259688902,0.771896834599855,0.000294728543795653,0.015179481351943,3.97218670048123,0.0153365553298957,4.49217157952211,2.09944689006577e-17,1.8824607820226e-17,4.50666135185857e-19,6.67027549133569e-18
1.76277124547976,1.64051602967429,1.9679860250078,3.49120986102476,1.62653779606916,0.981832508666561,2.48592903853933,2.97117293531673,0.0434582550419494,0.0801437166816942,0.19347177156438,0.000645147103964461,0.0419950273234066,0.521433762747827,0.281248399809147,0.163674037358926,0.00426235902043623,0.127481933420362,0.872095790026821,0.689876945756562,0.2433910127021,0.0127503583842854,0.0658390354185033,0.000606895457591225,0.0579459931623389,0.230250992934906,0.0395117301327562,0.050457762248201,0.113001384459417,0.0295065715212744,0.0639059020368022,0.414822952587022,0.878716298621574,2.88529918988285,0.00143907366216539,10.9206292086979,0.203119726731069,3.3108791651351,5.11699575575557,2.32052276055357,2.0707463962871,0.11889129481107,0.83727112781236,0.430483306984571,4.56550232180591,0.131474687645355,0.0406306652599453,0.0478418949900862,0.0970483280151621,0.0418680959622356,3.73491633753599,0.0117135470892862,0.764706225722515,33.3410801202052,2.70723805602794,8.50119624533095e-05,0.00781584528092358,1.87706647463756,0.013068403293474,2.25321750295202,1.05303423616417e-17,9.4421322526475e-18,2.26040504776462e-19,3.34570766694615e-18
1.6877663680798,2.77427822328368,3.49313444474743,1.03364699605214,2.41660474366551,0.136116119622843,1.96749905744074,0.998224323568376,0.226949761908646,1.62288850164414,0.231411317826795,0.226381397293178,0.0107987873538687,0.0226406843917402,0.335086219680859,0.664320444578682,0.00141692135155065,0.775402057351657,0.270896699671013,0.583676415732613,0.151329101528756,0.0621043037281924,0.129247511164819,0.522803543676465,0.000121133841694264,0.00929338750167476,0.310625166801103,1.02367169317128,0.377601609885693,0.0067066846821798,0.00136162526255747,0.0798170383333743,0.0732273646500565,0.236818277608057,0.0368268195085619,0.212525468877022,4.04661677469364,0.00274706423069233,4.52843359126194,10.5091839540154,0.569588085617574,0.859585023369667,12.5863540083678,0.0367960330735586,0.270889743947898,0.00119513339957063,0.000241510025954841,0.0612252844877228,28.5832865560282,0.0157459314485161,5.19718253400372,0.030379473350416,0.000443441337020883,0.790040389316207,0.73815530557281,0.000383637082465862,0.0150398303169223,3.95479541783161,0.015269769953928,4.47320129180014,2.09058244518692e-17,1.87451089494711e-17,4.48764352933625e-19,6.64210878688141e-18
1.74452956364297,1.68747665065002,1.95085774959783,3.57705127881829,1.68770475619156,0.811359590201955,2.34080682184986,2.61037480826115,0.0661465060531564,0.0755092152945095,0.18747848520054,5.68444754078154e-05,0.0104248506062921,1.08395009989846,0.415796005928239,0.329819241352036,0.0129441208082262,0.282035516483708,0.461562610751939,1.74606969801948,0.541766558705782,0.00324082456503509,0.137750166125561,0.352333677050598,0.0607183173217708,0.00776156848836752,0.0130046301548608,0.0913807533827204,0.000458319216646672,0.131247167545887,0.00579071705493186,0.229831472679395,1.96645496024182,1.58766050421692,0.12306737657489,12.1583453739165,1.39071720846087,1.57978093486903,3.96193332608993,0.945363124414429,3.07208736702917,0.787717801930986,1.30022124181997,0.153020712259664,3.00005048502551,0.0532502813409518,0.024407854514275,0.0403213598132907,0.130441857545582,0.00986995650973144,3.66055290609217,0.00777364290228321,0.914811131254176,33.6612349626199,2.67404919593229,7.4359712957263e-05,0.00778036850097384,1.87136042422522,0.0130671683690451,2.24734552744027,1.050288464172e-17,9.41754795544636e-18,2.25456051398019e-19,3.33698761743145e-18
5.08376021359391,0.218751772206715,0.0380839189152231,0.230769681887084,0.467556271019974,0.00202140413483063,0.186860821545936,0.884854307460417,0.289210184870587,0.213226017257622,0.00731416949102065,5.5082186954563e-05,0.0392780064870321,0.000250803906526977,0.0377496107451493,0.00126775356110371,8.47939871341048e-05,0.227724576390703,0.00540258132388486,0.0566855856950742,0.0947475692732309,0.904930928375621,0.118952392985049,0.123717390752104,0.0325302292220788,0.900274180779678,0.270476575011784,0.80134052063206,0.800076399639669,0.396978899615956,0.0539616447655112,0.87462065282145,0.179959419365121,0.0895313152161606,0.171159829076757,1.77065829037011,0.816888860816108,1.94193101450064,4.58609907812215,0.372811327407023,0.000528374049417265,2.13769889221289,0.984243597967941,0.357269999762271,0.353025571417696,0.125398856055875,0.0599314543491609,12.6857584646047,0.0519548964591746,0.729808915092908,0.0684736837920259,1.07499285352867,56.5051661867594,1.00755035954955,0.565605480257859,2.04329040782618e-05,7.33730170265247e-06,7.48297787576882e-06,3.08554156299912e-06,6.36702597457997e-14,4.80789151316829e-28,6.62717308688509e-28,1.28446166151639e-27,1.65456114900838e-28
0.0356328176293417,1.79432514421345,0.119824208671735,2.48129271473381,0.710967983903035,11.7185963673038,1.62502724468359,0.463000571467426,0.000371675262861921,0.0160281618097767,0.556070446107813,2.31277159725078,3.12268453080934,1.47077361420147,4.50827638085064,0.133205227376277,2.87974062899716,0.000964086370461286,1.21844122515081,8.28961234392371,3.74243942420553,0.247534738825929,1.87448323349749,2.54189043024488,0.268048265928974,2.65796132605799,0.0166691441401637,14.9936687646324,1.58079047374982,0.710543633123141,0.459645503150785,2.96301335305416,12.436703895936,1.47319406384272,1.14813671068108,0.288544366059033,0.717311730106688,3.4643288056353,0.568721341038333,0.187756540432965,1.3125068711338,0.00186810797316304,2.19761879445638,0.0141982565858325,0.45299800300099,0.0504416225734228,6.45908956210557e-05,0.0243749291607416,0.00333883508792498,0.00437445957980007,0.00753994101572708,0.0110674348346057,0.115840924646483,0.00316467992141982,0.00160981574595204,3.87415190696803e-09,1.38254666607205e-08,1.15812030939563e-11,6.16298547812444e-10,2.60331019551368e-16,1.85081867655613e-29,4.03109174422401e-29,4.81482486096809e-31,1.44327384473057e-29
2.02276728161117,4.14502821314956,0.414278837691421,0.074431454658275,1.1346521685013,2.35843431772285,1.11930542504986,2.06937474756909,0.0276067816088309,0.210362945091765,0.497259876248091,1.51392378837934,0.748609288302488,0.182402501364868,1.45991923892737,0.0240662312971844,0.387167883057167,0.0269740151841213,0.338788336676189,0.269481655413604,3.04729177278056e-05,0.0953114983040765,0.772549952013465,2.76876748740483,0.894970467687485,2.59648161480872,0.570325137707291,3.41890708559743,0.683131441799261,0.628232767539727,6.56854483977255,1.67863099314447,2.78519502960712,4.22143989253654,3.02886840135058,0.0449214501956458,0.829696024721961,18.4984154123702,9.46312532244754,0.121369600072048,8.13157959870897,0.0879690084845493,11.6622165869958,0.103904048515929,0.626642613805283,0.596988264472717,0.0105185092254205,0.0526745163584009,0.00203444197085725,0.00242469284879459,0.00972539487304338,0.0193664453119807,8.52126143581159e-05,0.000113588671285153,7.13787998400261e-06,2.82074598294151e-09,1.54003864053106e-08,1.89335321597719e-08,2.26048221087569e-08,1.63446968316792e-16,2.31732254343702e-29,1.83083715338312e-30,2.35926418187437e-31,1.71535658835833e-30
0.0830270955638837,5.53027170301829,0.378898890956476,0.442043429187778,0.17265590329732,0.0102660602012473,6.61538911612512,0.558664555228072,2.64582421536965,2.92035609261444,1.34477412272277,1.6448722468334,3.75102972020538,0.0739449298795234,5.74312063695424,3.75464581704824,1.44606316047404e-05,4.88759407169419,0.000398801106821783,0.719143925126897,0.660012440552847,0.253738685614068,0.0759203793739768,0.0950882375630673,0.0145576966859986,0.016705832688595,0.000888995435514799,4.33944767939117,0.0223553777004024,4.68147274541328,4.67402354274568,4.8615964865498,0.418217826140343,1.01060272715573,0.501411943794083,0.00400377224163933,2.1762378146993,3.33226923591768,2.83551532540637,6.57653148113285,13.3693110179206,0.480863641180485,7.60540376972107,0.374113747080232,0.176189195830157,0.0876334531606562,0.00421844772396805,0.0393456278097002,0.0156263157139597,0.000193086976655674,0.0190746736018899,6.71321920415712e-08,0.000418971262601206,1.310842725643e-05,6.07674304356765e-05,6.84684101728814e-08,9.79077787305579e-10,1.66884633093411e-09,1.794405372298e-08,3.02828831584717e-16,1.14427322086445e-29,9.00643082899462e-30,1.20370621524202e-31,1.47454011367148e-32
