"PC1","PC2","PC3","PC4","PC5","PC6","PC7","PC8","PC9","PC10","PC11","PC12","PC13","PC14","PC15","PC16","PC17","PC18","PC19","PC20","PC21","PC22","PC23","PC24","PC25","PC26","PC27","PC28","PC29","PC30","PC31","PC32","PC33","PC34","PC35","PC36","PC37","PC38","PC39","PC40","PC41","PC42","PC43","PC44","PC45","PC46","PC47","PC48","PC49","PC50","PC51","PC52","PC53","PC54","PC55","PC56","PC57","PC58","PC59","PC60","PC61","PC62","PC63"
4.67507409703159,0.368376963553146,0.110220517316389,0.0265652743858085,0.0584194565211349,0.180185264204511,0.00722941034501874,0.00448905693210143,0.0282314614519687,0.0818021504517966,1.45681401735137,0.14337162935747,0.253992662445297,0.165802430352868,0.284834779011039,0.769349702874575,0.384094409590391,0.879759660386873,0.419765135972269,0.0180916380522928,1.51365658424948,0.0209149255165737,0.0278348537942587,0.32726082707577,4.15705681430623e-06,0.00184126259332555,0.580799166136125,0.000831600491558828,0.250070818103144,0.000226235801965226,0.259773334025277,0.512899196066845,0.178792152834075,0.0288161051855714,0.0260275145622176,0.113246709520765,0.121448144403838,0.494946049901605,1.772179087325,3.28177981405227,4.89196194474177,0.872613391414857,0.00106262591157459,1.08192693817968,0.0314637259296249,0.847910152628001,23.3095014204044,0.0855366022281607,2.44320542443883,0.943000476891246,0.730343299221259,44.9316443458309,1.13821338212262e-05,1.37550599672357e-08,2.31744349357586e-14,3.81746169721836e-13,4.20150975767887e-12,1.16467428267568e-12,7.11185258884608e-13,0,0,0,0
0.137015186569827,0.549384631685088,5.23455790537597,1.56857299733891,3.64118541100961,3.89198075368047,2.06450062222518,5.11457994604948,0.695852642370016,2.04145461217954,0.219102143744437,0.0239250531840508,1.59935901899796,5.94973934743057,0.0659312250542203,1.26850894822319,2.47928175022982,0.0708480755080809,0.122968366760502,0.5006936732893,0.552240134478734,0.418531947855218,0.140528730288142,0.118971827759113,0.555918634797938,2.44642334355634,0.805151105845509,4.16279028652898,0.27289461149694,0.0289159183671975,0.20728600215938,18.4843529954337,0.312361704645492,2.8439928076922,26.1723157925154,1.24801857521311,0.232918067701506,1.65536616825669,0.307271801299356,0.0488225565829202,1.26751723442007,0.15636264547027,0.213366585410763,0.0102481234828373,0.000298733518512343,0.00274640143729733,0.0719739477993744,0.00136726379285064,0.00834813475620568,0.000570574293885448,0.000177277997208104,0.0125077477277902,6.47883123200903e-09,3.40731511397085e-11,5.15894304620068e-17,4.20469257456688e-16,1.22539760408377e-15,1.3834694361537e-18,3.76683190941584e-16,9.43705672749746e-31,3.25482160601443e-30,4.33334237487128e-30,6.77084746073638e-34
1.00084443992317,2.61516227031611,1.47595991875851,1.30681511329498,1.53891969323133,3.70304429225825,1.43610674849542,0.00445158343934735,1.36033648058194,0.525414463995349,0.169394158296898,2.56940311064576,3.40242431900577,0.567295174288144,0.0211146680676229,3.09402539750655,0.0191959414002543,1.81388265905773,2.27088179250031,0.800872249646325,0.0483945476895439,2.29305580363268,0.502377032337827,0.000688792738095839,0.580465089223967,11.2242063965676,2.49687816637554,2.06755424156835,3.39134094708884,7.12333098130043,0.0975291969353621,15.7091211780388,8.31795458174062,0.00528665256348102,1.27934551406124,1.52601067039637,0.00899327272907136,1.71754546633031,5.17002944444547,0.603861748754085,5.75144423805784,0.207133697479678,0.132663463740646,6.86502194407331e-05,0.0173532201524095,0.0056523632306577,0.0193979633789211,0.00141178278826236,0.00508616953080382,5.65975545509931e-06,1.69282740581868e-05,0.000251663703229041,1.20889139762045e-10,3.40066638005059e-10,1.49624705266713e-13,1.71775567157092e-15,5.94507740018974e-16,1.70600040122406e-17,4.48738733384335e-16,4.7061646380049e-29,3.22900178046001e-29,1.18411396797698e-32,2.43092344543298e-30
0.0364954965074691,2.81674200964649,4.70208101329123,0.00766728059636423,0.422330304368228,0.526366358144235,1.05579986269724,12.3749538912085,0.671299809112608,0.161290286693273,0.0821303159396109,7.59320840116662,0.106611585834211,4.14846459191506,0.00799317216895835,1.13020614087611,0.00533685799473189,0.626876290912249,0.00735096145657367,2.12102201536716,0.026024378908659,0.558554398670371,0.138107661475358,0.219308589312061,0.907675151756859,0.0688079841477628,0.363383386921216,0.106865345911614,0.799226305574601,0.392562363089034,1.01023203729587,1.89590863720574,16.1060655296931,0.134021133353695,3.13967502663422,0.392525416580659,20.7122523830547,0.0274370886830987,10.8078883908081,0.310798058544246,2.82177704358639,0.188794802517794,0.231583745931628,0.00996163931241307,0.000502530954870153,0.000441059955018527,0.0243997538818887,4.71665629057036e-05,0.000384920640057065,0.000175789381012391,2.14322211041928e-05,0.000364197430400969,4.02696687050696e-09,7.97243929185922e-11,1.17432045631752e-14,1.34531164228268e-15,1.71739857933223e-16,2.52894996684779e-18,1.74762086972225e-16,2.18389058607234e-29,6.39403405256069e-29,2.20816111430959e-29,5.18664937708781e-30
4.01628584601511,0.968315907883241,0.886364861064755,0.514850941859674,0.0927853081059813,0.222497333726052,0.12855582214096,0.0122162205351152,0.0947970123399066,0.000691473186177692,0.224623329617947,0.0575938766059026,0.00113881578014521,0.244663267910503,1.54949411293511,0.461233591925118,0.684188173380947,1.15207771416918,1.18681727539748,0.0110846092386529,2.21235596802297,0.000773792243140447,0.107112475829,1.13652866057212,0.101402174044916,0.051761291143578,0.271449953389863,0.0425125434103528,0.013308098117373,0.226469156903413,2.11287410523519,0.378373826060462,1.0215282532433,0.0943645728972627,0.65681549909609,0.137233005979488,0.0585703892484423,0.0767320439941811,0.109960977808171,1.82123427004026,1.87657017839305,0.0522496633437173,8.77546713590948,0.525801878515304,1.13588086250801,4.19842706964586,33.2421281377927,0.010715401995915,14.8799304472567,6.40139187467436,5.66088516945728,0.0989154042313082,2.06883544193253e-07,1.82910109412199e-08,3.09705600890015e-12,5.32246598838807e-14,4.79090728049528e-13,2.5106060729055e-15,5.47019585687024e-13,4.07813669460653e-28,6.98268658946297e-28,2.96135554019452e-29,2.40025737060458e-28
3.87466488892586,1.16096373259081,1.42572023362906,0.206420725238587,0.000117184297420797,0.426007773905362,0.00473740820703401,0.00347931856493139,0.00752777052094145,0.00010726930617536,0.0607846373323656,0.0116725900026132,0.00351981862151227,0.0110184436525027,0.67564996508472,0.89455161064757,0.543722135403205,0.961290150693197,1.16762308013288,0.02737244182446,2.2944808249923,0.00049082460662319,0.00019451067616245,1.00665926856075,0.145311605166376,0.0125552351891465,0.283166171625463,0.0107809584190432,0.399957028614421,0.299446999208049,3.36186163925595,0.00481753126177284,1.19675101952522,0.0475585537914768,0.0084009268712803,0.246194779226616,0.749931297017235,1.59287385557635,2.76380111840028,9.44261310573107,11.7930099031884,2.20218479213526,9.77580075512914,32.7923747402945,2.01682662029716,4.31045687831808,0.595382625168046,0.0300276136764751,0.175805026734094,0.882024451015218,0.0608006498773635,0.0110105809320566,3.55177845362125e-09,3.80451280877617e-10,1.41914236473006e-14,2.6960357848487e-15,7.23618445304978e-14,2.19269685659228e-15,3.31888682822819e-15,0.00316832822129406,0.00629184277794392,0.00998806461798717,4.86913878078397e-05
3.61172842255707,1.48356716908573,2.38828273664859,0.0048768256050505,0.312596623384593,0.0114784851892944,0.312192081712048,0.0453845951282762,0.0464813163129819,0.00746587685787405,0.0207076057250914,0.0176795018481798,0.037349668818558,1.94871744497417e-05,0.474575580196069,0.0205470205838302,0.00640641717924263,0.279728778132977,0.367019932055844,0.0917466596338043,0.928758405232322,0.04984892869403,0.455408792622424,0.754558963984072,0.531124045427159,0.00769037610405084,1.39426428253702,0.159938807143997,0.822442484546793,0.550545105155296,3.18271262426498,1.95163875836359,3.58251961586302,0.209522671944113,2.16702348934979,0.0532936593651642,0.0339836905275142,0.125903881402681,0.0237161197591873,0.0366497111698975,0.0660822266048089,0.0648014671574249,0.00209185535394362,0.0670496158055581,0.0378537049933648,0.0451710861445378,0.00015696005448555,0.000450583386221797,3.85348193676425,17.327767005339,1.03199316891533,0.0410987464527876,3.85299700141439e-09,1.37307919389988e-08,3.24283814718219e-12,1.35924534252e-13,4.41471766014759e-13,4.34828784289995e-13,3.56440183264591e-12,8.27155369043027,16.426112357845,26.075837785972,0.127118593902758
0.000548648426254627,0.182367318434879,0.0626034930546172,0.254966979101292,2.68849934624967,1.95346369057511,2.70621130679491,1.19058640244377,6.31562602731742,0.0798963552873664,0.125948379048083,8.07836775961859,2.94229142360795,8.50843921311099,40.0237075064542,1.78366241327536,7.55589505144847,0.128908549702546,0.164146849771558,0.00146729674972771,3.82207974947751,1.0253106876576,0.0132325167637457,1.69583753509609,0.0247564927577984,0.0042878435107166,0.160825082587656,8.84035488759917e-05,0.522753179857356,3.88113580198362,0.760467017151449,0.0688697282581912,0.0600830531679582,1.06632821880466,0.0255359211718223,1.21928476506275,0.149866105529117,0.0939262526355197,0.585153876631922,0.0115494927861829,0.0146365062301775,0.0266107634864818,0.0129646068110061,0.00246169997246099,0.000828487904330926,0.00285714932061502,0.000267068894386728,3.70791526699713e-06,0.000348402454662744,4.0492538397569e-05,4.85153517325458e-06,5.26908337334922e-07,1.03057437638882e-09,8.49026503560967e-11,7.46930419748602e-15,5.39793639304162e-17,7.82737734645378e-17,4.43289913461222e-18,1.42617880666536e-16,1.15676167284758e-30,5.40343720022144e-30,1.1797524615587e-29,6.0599554971331e-31
0.0641393903714524,0.621252219972453,0.726899675670038,3.24136396790657,4.04509245257324,0.0971225574979128,1.44968486531062,1.64941454468777,0.488373591556872,0.0325180473203182,5.326826146508,2.05862509168764,12.6486945848142,6.21171971186798,2.6264979166171,11.2411873794235,3.3743752899703,3.02060950793883,1.16209777758726,0.173845160025004,2.24669069335804,15.5155428004254,3.53241881585055e-06,2.49906628504648,0.702311159104298,0.939821934355149,5.15145502523551,0.0252258648051667,1.56838795677211,1.14640285403594,4.532133956653,0.248904376488811,0.677096346104143,1.81934291633293,0.0157230720657715,1.20687326525901,0.12840462486592,0.000596020656075966,0.52418880830333,0.378148985135753,0.228987614580488,0.147082020094683,0.0213848033090369,0.00265321365432022,0.000354554933037916,0.0102446292626874,0.000346755197962426,0.000723826675587108,0.00137340544842865,0.000172690198582028,1.60043140866589e-05,1.25277272622986e-07,1.97150149909578e-10,1.27983407294764e-10,4.38910159101359e-17,2.48500870913785e-17,2.81667513497675e-16,2.3559969670231e-18,2.10862205857475e-16,2.38363923273302e-30,6.54703333633981e-32,5.12045339218188e-31,3.61755521198079e-31
0.190840937895724,0.221624253117262,0.0661541500384647,0.0479434080632163,0.471319664469026,0.527340963384886,16.9101106218494,1.10215641313248,20.1391989500072,2.74482890352304,0.599405284932206,0.756165051855722,0.940304434754135,0.0502343331261635,0.658079432535321,0.49010031331648,0.129728083752794,0.944606228838852,0.00492971709958503,0.349448561215297,0.587580903051199,0.831205221423977,0.0236364953887084,0.568686932001355,4.85158871750554e-06,0.054214085307321,0.164306464499116,0.000646423848853783,1.09477450144492,0.63943594258244,6.83035884500137,3.85055531082356,0.562682897376004,16.2257294531072,0.341493649274608,11.2291702153923,2.75328659529803,0.647718399673886,3.15466651588713,1.17137603032583,0.624317624429654,1.0349303639927,0.225211109586434,0.00749425591337327,0.000365182148237595,0.0252009638144603,0.000304159971051842,0.00287654589988566,0.00268512651448896,0.000487462033863493,2.05734562280524e-05,5.71899173979982e-05,1.39623778726444e-09,7.22207563343035e-10,1.41998706981523e-14,1.05608947849591e-15,2.05243377465689e-16,2.36471353990444e-16,2.97803436561796e-16,2.74452540239027e-30,6.95260709923792e-30,1.78419353754249e-30,4.75482762930212e-31
1.30039614537802,0.492647010170312,0.12129975975446,4.9932252745335,0.954049082436096,0.355179781997325,3.05040345810124,0.0186786351004309,0.0667377473708357,0.403033049037726,0.100166589829199,1.52053031620777,0.257420505316559,0.00331439637956945,5.85434631087268,3.99784664005347,11.0856099151337,0.278127841442273,0.0180757664388957,0.0043927965084659,18.4347702565612,17.6086097931627,0.0247186131336952,0.0101329207510669,3.25411690537161,1.66900155351087,1.62172065245106,1.33606098860681,0.026997169042587,0.0235974954189666,0.945610647550423,0.564773451872647,0.0493629750897708,3.05757060798356,0.0612647178993875,0.557696264289057,0.0521047948471535,12.7226244294662,0.181940130572378,0.682353451332247,0.0294166894907025,2.01591201266542,0.113598393163201,0.070705481259334,0.00196891441393637,0.000251685721098245,0.00343083555443106,3.82749146957955e-05,0.00306258846458505,0.00110000350750542,5.37660954099237e-06,9.0216089242358e-07,1.07018650507421e-09,2.8485415439989e-11,1.91469389684632e-15,3.64905693886304e-15,3.08411461914314e-16,5.70146488841628e-16,1.58133439646863e-17,6.77084746073638e-34,3.00926553810506e-34,1.23259516440783e-30,3.93661303146876e-30
0.127071136751784,0.51798566544761,0.325492340631511,0.0067339777618916,0.379887431721475,3.27921392424089,7.85877318298356,4.09719596921068,13.3924585667022,1.83872992687253,0.000156596155029594,13.8528617092791,0.370824468479334,1.80183332687248,0.0142152664648395,0.00808345802689831,3.07647526943519,3.67846343845245,0.412939897651054,0.919657058210997,0.885382399093817,1.08924922704553,7.27801239381306,0.0174290647523503,0.099018495492328,0.0574669442609618,0.735862993227337,0.645487250457123,0.739683509257599,0.246149822827786,2.50736143700417,2.04382050826296,0.000294499373228744,7.15637519515071,1.70213151514258,11.8516091901014,0.954282072744821,1.32055661565185,1.84226975397196,0.812296653284258,0.133311566493359,1.80475761797138,0.0992734376009252,0.00239043502662823,0.00200352337637133,0.00794394471692001,0.000569864740583491,0.00570379115166178,0.000202493937235543,1.85236368305143e-05,1.22344027868686e-06,3.14252385368931e-05,2.97933678173878e-11,3.7205481260748e-10,3.63079937940226e-14,8.34387260793649e-16,5.04750664178425e-17,2.67545371469096e-17,2.19949724589883e-16,8.13705401503608e-31,5.89816045468591e-30,4.70197740328914e-30,4.87519825082633e-31
3.59539296972798,1.48578872061522,2.40253995645804,0.00385174257086164,0.323947533035516,0.0149122571339353,0.325336693369835,0.0465595130193093,0.047449295540012,0.00777921362703824,0.0200597193848433,0.0177568416969886,0.0392020988229421,4.33978963190613e-05,0.515436685035528,0.0161610060081403,0.00446418033607588,0.269437173438085,0.354524663990829,0.0971954443251505,0.904864097747612,0.0514975959261017,0.472685476571859,0.818331216138741,0.562162821228346,0.00837955137980169,1.47160780760352,0.164190736505335,0.876394493307904,0.587570587355917,3.43490714456887,2.02797788119064,3.79995334073633,0.213262041622516,2.2419407206036,0.0600184728496811,0.042022939126754,0.113027893581508,0.0153007163183493,0.0178793921743146,0.037381956117336,0.0527450215378465,0.000247738089077213,0.0223693768144329,0.0512757236040788,0.0664719276986784,0.000791729380225754,0.0003299069542883,3.96309354939783,18.1296366707143,1.08047036583354,0.0434913379542437,4.14751965220245e-09,1.43331072163299e-08,3.37346283843406e-12,1.36930399190046e-13,4.6983627602426e-13,4.52410260269162e-13,3.69112047424667e-12,7.97567590547237,15.8385417608567,25.1430914829454,0.122571495570455
0.459555494669127,0.327586653400866,1.18942325616546,5.49137413417135,1.85603074946989,0.367275624901078,1.45712502968497,3.08101661670825,3.89131281122505,0.061225102721231,2.04661977143715,0.0416024539445438,11.4501812322604,0.587012592166856,0.00197689918552434,3.93564063333247,2.4172122480636,0.0643345120799087,0.182959935686301,5.56304477583665,0.412813778221627,4.45780958308774,1.99917035358046,1.0839491666605,6.93861070635193,0.00416021840869473,12.1234419277833,0.0463003763652113,13.1283448051779,11.5485411348046,2.19949621725568,0.0720378430356338,0.742607441227846,0.403945003119189,0.00809077679697353,0.0417239027840684,0.0516570075193492,0.0360137941776529,0.000947299886992993,0.0661067296521927,0.00214055063963226,0.00772701446311291,0.115452962759306,0.0203094823538451,0.000815700165034376,4.5719282737376e-05,0.00016516874912679,0.0143732801235772,0.000349548300401119,0.000301555369107668,3.63079519215592e-05,4.11200939817015e-06,4.78541294569266e-09,3.91317812461864e-11,3.22561003585148e-15,1.04270959469523e-15,2.34351222631244e-16,9.01020733869027e-17,1.19486702860707e-16,1.92592994438724e-30,4.62704669139033e-30,4.62704669139033e-30,2.11325672413428e-31
2.43983838009218,0.802917671192672,0.328476103870397,0.652012628229044,1.35846858462327,6.13557649363446,1.01628305223972,0.321917982906835,0.849034235300106,0.934906835647793,3.84032586402226,0.0210759519706766,0.609955950944149,0.0487048306503726,0.00648267255781416,2.12892531780036,0.78060900476134,0.348216215087128,0.0594082158185926,2.25654010720639,0.609846305917924,0.218352075500922,1.70122731261872,0.556159691910605,1.11965167386665,1.12667202338509,2.84361962899154,3.59788808389111,2.26490314520685,0.0262872207992608,1.31536964679079,1.84042362482643,2.5401950812345,1.08137881565305,3.05581968440826,0.00315854712138019,0.00637859734820967,0.0126327812705811,0.0202218153176541,0.014302740362625,0.504522493708688,0.0741248292277083,0.779433010688743,3.07799491031784,10.1544707434141,30.932599991682,3.79346187998153,0.00032203052276686,0.717887582601033,0.92835436211332,0.142287214639741,0.000376354699296172,1.17242193184528e-09,2.47590400719062e-10,1.64486509046278e-12,6.7144033772003e-14,5.13693968960512e-13,2.54364366049978e-12,7.02701270223353e-13,2.1533175716103e-29,1.37923366481415e-28,4.81482486096808e-31,3.91356158724914e-29
0.336664199394567,0.98352109637601,1.89722369713916,0.276899577723477,2.53097198430034,0.0303082158842927,0.747348246421565,0.662871503581418,0.226578934512373,11.9604685410786,2.28696435502121,2.62407998560039,6.34986911826261,0.947349701068306,5.76297378408614,2.94644141586185,5.29579847336028,21.0042248516796,3.76327726228703,0.0473516520806178,8.24445134974235,3.69451875181855,0.497572455397071,0.84132514576637,8.39212454044215,0.74229512404604,0.899484506081175,1.11673593502531,0.0357005645237897,3.01064172369699,0.541497021353897,0.257529237547988,0.163446700382081,0.54693880274971,0.0694539347176813,0.0351518430825001,0.0791966707437913,0.0404695300454262,0.00954843630011714,0.028902497694706,0.0014269194560136,0.00543851278899756,0.019536644847643,0.0311600743949607,0.00699352814781714,0.000617471398881478,0.000789041180950121,0.00315247149261378,0.00149692221263229,0.000993991824110979,0.000190533798633919,3.25206081813669e-05,9.53832961957462e-10,1.7297788396707e-11,9.98487967919615e-16,3.5095338851836e-17,6.09631065474093e-16,1.49841171193096e-16,1.26720404071619e-16,4.29730642005248e-30,1.57808894083767e-29,1.57808894083767e-29,8.75471752167565e-31
1.99191306717611,1.4479512127449,4.90495190573695,3.24814373080725,0.12823100304914,0.314949887561453,0.357949217926584,0.00136091746049947,0.01538295493725,0.0293525744975805,2.61183820122532,0.0749674925964947,0.568121060948054,0.0333090876073392,0.505314449801965,0.147310808145078,0.241496090064461,0.519595613026937,0.0608882964987118,0.00766234352969619,0.353931454997285,0.442448607367373,0.212689432838405,0.0152887057339288,0.972509670549517,0.225060012139881,1.56451503426859,0.000255553981886509,0.812182328983875,0.423656593922123,4.11099823191966,0.706195628759213,0.797684043111574,1.22967903096494,0.0279432139701875,0.179552408931066,0.319215916785174,0.208243472049455,0.752329191178699,0.34797195188152,0.199754071117262,6.85897506686386,50.7806146604904,0.360361043368343,0.00184503231409195,1.54917422669168,5.5598994419478,0.0291879102815661,1.75890506252984,1.23442040695243,0.747976688024805,0.00584591518154967,7.29345660005034e-08,1.62516982621319e-09,3.6079101810442e-13,4.81576068547422e-15,5.04826675953045e-14,3.41983738151732e-16,1.16231056368029e-13,1.5261502213562e-27,6.83872520653026e-28,3.64121130110711e-30,7.39115233256961e-29
2.21497510075617,0.825542411736481,2.92282942409644,2.17379007067923,1.83816888682186,0.0131681731897346,0.301415399360883,0.000484954974524374,0.292211099285897,0.380941898687844,1.79472515201903,0.0021282083177163,0.00169717926418194,0.0875765904144498,0.125568382112139,0.107945969541339,0.385643731563428,6.46966198589337,0.241171878451282,0.0782975988693748,1.58642546581362,1.60159522975656,1.38524466396958,2.43405048947058,4.83361730188847,8.22995728803842,6.50450972802962,2.7920128555852,5.13982694764337,0.000337450734934051,10.3311148142175,2.32668797291102,4.58044424378517,1.13297745286846,0.120013064370775,3.27326198462689,0.224661920628507,0.0955417323931589,0.00122083749419354,0.502362196040019,0.000680715470076603,4.42135098150882,12.4086786009196,4.87731931986714,0.0408507679259842,0.466244638813738,0.0165969146229186,0.00945947016868259,9.18283058666062e-05,0.179357452081098,5.94501270491781e-06,4.79606929601403e-05,7.86704307541928e-12,1.6696021636904e-10,6.56452570925027e-15,1.13034230603666e-15,8.28756375999251e-15,7.17305494830922e-16,1.33308906237375e-14,0.175845214104175,0.0451115520281726,0.00454179812542771,9.10387638707411e-06
1.21510043853883,0.0620003192510588,4.75845567439161,3.97473777954976,0.0443363617530248,2.45631715067698,0.399889965970118,0.442427836470752,0.00034867100672694,1.88617276175548,11.6992714899511,0.0377562970810896,5.93707178841572,0.217615589053691,0.711702645983834,0.148865338399454,0.275805906276629,0.277070192296825,0.815457962025112,0.165995148382511,1.53452043645555,0.0290483414073951,0.124485587303963,0.0427613841607187,0.0235742797921892,0.370695750542951,0.734620493416961,0.215734625108101,0.652186372777037,0.361286525215656,2.75570146413513,0.762629377952254,0.0945865182679976,0.786512033700901,0.297021710541127,0.146981140191676,0.0476753339667431,0.0542289096995984,0.438785269659882,0.24994391328117,0.260421494184933,0.357484392656642,2.06608927773431,0.013979443567209,0.00153306053510314,0.00310289427069838,0.000817350640196891,0.000482221369866224,0.032963933466481,0.118471450589164,0.00656034561783487,0.000298510669998717,8.56017893983517e-10,1.18390761251866e-10,1.71235609968191e-14,6.06401012922755e-17,3.24041378867752e-15,3.71483349563642e-15,2.96501991091789e-14,40.4612838404122,10.3799885620549,1.04504967072861,0.00209476572008698
8.11509159899331e-06,2.75898205000867,5.74832850662182,1.26274587271461,0.211861070161592,0.000879600712603348,0.000814768354131447,2.09397010904277,0.135757198199181,0.0573801889315929,0.043320173088588,2.23694746811009,0.0176390232009402,3.38465497033311,0.736091826248164,0.336598890052095,17.9664551578628,0.836029545815488,0.893076951308503,0.226588890059773,2.09050633165799,19.1723879481801,3.99726562271619,5.62127765876852,4.2563109073142,8.05199948435234,0.652637867644144,0.11152673230189,4.13348949236898,6.41564482978619,2.76509802159187,0.0347804897422523,0.0334933846473269,0.134528513052497,0.264365542873311,0.156494787806759,0.117782909288811,0.0716506449685332,2.48291971525154,0.201384444553812,0.0261639330884668,0.00212149108386189,0.217341166548053,0.00900622466824683,0.0247511238264243,0.000167334036092235,0.000525913844835566,0.00605252170769463,0.000143733574598498,1.23347311895391e-05,2.1024165460085e-05,1.74914594343321e-05,2.19128199253402e-09,2.88904940270154e-10,1.03067776784124e-14,6.5234040529398e-17,4.23036251589161e-17,2.17362120151884e-16,5.78045524974934e-18,6.3676058786303e-31,5.89816045468591e-32,3.25482160601442e-30,3.30193541959539e-30
0.135913343344398,0.0758307539360852,0.806126413625908,0.336874499429334,3.03308741219373,1.61133346084111,3.31683214948712,0.00367731759797644,0.243708905128728,14.1654677586097,12.9318955160176,1.84086504571661,10.1761348796059,1.11371280132869,1.72128012304761,9.68221448160837,0.0109358786372742,1.0267226695895,5.57080018133586,4.27484249570536,0.324856185593106,0.480576733551637,0.000801331457388539,10.6529941537312,4.5560974514625,0.0201082453737429,2.17068566892838,0.33350418284171,2.26481484362847,0.260721712888353,2.0770273834406,0.0740771445951344,0.0339448099622582,1.05836883392113,0.0158038473439202,0.487417247536433,0.918281575030457,0.0221801946010869,0.0494624716147864,0.000127210567765012,0.154661287850371,0.386752335395418,0.294100532158989,0.0549344419643116,0.173147823767868,0.816157662204941,0.105446764140193,0.00108631967561963,0.0268483994237435,0.0906145268809195,0.0160753466060268,6.72434578985217e-05,1.56783424972916e-09,4.89451865407601e-11,4.66009433525311e-14,5.81838812290269e-17,1.00757175714289e-15,3.3746289603296e-15,1.74887090025322e-15,1.72893869273483e-29,7.37345288474191e-31,1.62015565187394e-30,1.21879956270658e-31
0.240059032741146,2.26415497877326,0.0369113456274661,0.1860273365292,0.906784107746997,0.131361710355858,13.5166099514872,1.06431449045322,3.66433937237985,3.53271990431268,0.196158988754393,0.129089416061133,0.0353936051530664,0.114377977683512,0.455983220918107,8.0264723447979,1.59132048224132,11.5762251870331,6.06281022586793,7.10224896632484,0.430793456864641,1.34740697303533,0.334978709082856,0.0604826282062611,0.701176386615647,0.136589631283511,2.56124331123372,0.622591273561225,2.71805843029232,0.0322537560856075,3.40856204598575,0.0867133168146661,1.61157712772722,6.34026857362472,0.0222187254549662,0.265042144683997,11.6718473238008,0.0980038383240329,1.93389408316281,2.09359783856963,0.389699958714503,2.11115127999387,0.00378392944053294,0.059934216878812,0.043626175344898,0.0452820550604494,0.0222582912407598,0.000862868461835393,0.00324903010787718,0.00779999552595932,0.00163259074499122,5.73886051660161e-05,1.81707528763507e-14,2.2858165646613e-10,1.25540438787541e-14,1.12814658496163e-16,8.20281618301265e-17,7.64061719101813e-16,8.13780214070753e-17,1.2523359463378e-29,1.23259516440783e-30,3.97975367414393e-30,2.72659323606847e-30
0.522336855227127,6.26787901405756,0.675920797024214,0.168283792147371,0.0162873392777158,0.263138208651598,0.319520766997034,5.69616482641006,0.308193594136671,0.0915288074081958,0.0588916616101217,2.37886215094636,0.18066454602433,0.244585698994724,1.06426319202791,0.23385390647212,0.181896605653879,0.503823973134892,7.00375646703059,2.97544580045663,2.57453435453116,0.969805891560886,2.60261615800928,0.356721252403686,0.105856229549579,0.0069214205280367,2.96154443479048,0.05568498491888,0.799242561428829,0.77987866212268,0.0133885656727982,0.0745191007818424,2.93280719653377e-05,0.197464011112355,0.236138930942416,1.22927074528639,3.09973122229007,1.98836858440098,15.0491763312065,0.183686516547325,2.12343468958448,30.9084280845639,2.92843372165637,1.42683265084362,6.98907194064575e-05,0.0684534695941541,0.00741394234971858,0.0679244601256606,0.0227431035907241,0.00617558515729149,5.69765295646691e-07,0.000212541853652242,1.34431740743935e-10,2.15755542465309e-10,1.75966282281834e-13,7.58115373524504e-16,5.21872138457546e-16,2.43114424415573e-15,1.1945656877947e-17,1.73333694994851e-29,2.70833898429455e-29,4.81482486096808e-31,5.8561059687909e-30
0.236317656739953,0.380223196184531,1.68054726688619,1.71891907192974,1.86472477582772,0.0684448576901238,16.6990431509547,1.69529206910625,5.11123374843371,5.44678507817416,0.0153685968534705,0.00122136978443492,0.798717956182908,0.414930807151787,0.144183182724884,0.221430095587857,0.781344555824261,0.199709574834206,1.27033364816022,0.126972027037703,0.302489328488824,0.000101261012323332,0.957842132863055,1.83197566458058,5.6129690709369,5.94823001644932,1.76640497153781,0.300779755141913,0.323760100474934,0.000431319913550296,3.13026826397735,0.469600416593022,6.47588405951121,10.2183968153325,0.000856808233892459,0.422249420368972,13.399574609487,0.0299434100234055,2.18116505499769,3.39017280169966,0.471672272221865,3.08282157210233,0.544795043386226,0.243042975732386,1.01340256833501e-05,0.0138152764938657,0.00265740672938879,2.49781991441781e-05,0.000659660963828224,0.000913925302683312,0.00072818109284826,2.06046966569172e-05,1.26638447653151e-09,9.40057311586919e-11,7.3755299476064e-16,1.53962783218172e-18,3.11006880386472e-16,5.6760123532651e-17,9.58910750402281e-19,2.84544864537446e-31,1.64787380866633e-30,1.13817945814978e-30,8.00758506723651e-32
1.09270644881094,0.0387476486425381,4.6371252732329,3.89723320907183,0.0159125854497922,2.63598475352196,0.385131500560879,0.47731574517967,0.000311817498677978,1.92451043753718,13.3402128607771,0.0396413355413774,6.41896187450916,0.255939546398705,0.729068776301981,0.143705162315955,0.347268156711196,0.52197634354034,0.821392177492773,0.196525480446413,1.44733561335759,0.00820271788875312,0.0820856637650744,0.103890145945096,8.01678735675263e-05,0.190893313993644,1.13895428566402,0.136033606454481,0.992476469246506,0.389907122942765,3.79697682132724,1.02763764420522,0.21810093620899,0.99244977891052,0.295438124050729,0.273776899126461,0.0675039669600707,0.0489276371266119,0.478771579327617,0.222574941322517,0.284093061547033,0.228569351584535,1.57381725636217,0.000810946286968065,0.000722951832011009,0.000123807310798077,0.000437619849446622,0.000261936848317626,0.0359680749506664,0.150043862855523,0.00708047571288611,0.000306591582286587,9.39326366125942e-10,1.49158295593157e-10,1.97771179993932e-14,1.85553987331773e-17,5.99397435655382e-15,5.86365471596023e-15,1.93840203776656e-14,37.3403586110287,9.57934248488637,0.964441208174628,0.00193318886031096
0.553722563591256,3.6390188632111,0.0702801167668789,0.779172439704954,2.64698734746402,1.12441830134147,0.0630210940938097,0.10460823086598,0.258353886806349,0.848387267821583,0.00035415709576073,6.63743114487836,1.03413748582622,0.159425799284133,0.124383906187176,2.03084967109033,10.8714791866085,11.1709747654871,3.56351082414245,0.135726754687494,0.0973627769451489,4.82971233737548,6.51992442572638,3.54524575187907,5.40946942678458,4.18274649845929,2.95359417018252,0.257523246741555,17.3556417580704,2.42248037435305,0.172018470250084,0.014602805660993,0.354902631318482,4.42428952279162,0.519666551754685,0.0145306426427047,0.604691751915865,0.0897237505335785,0.00483696134716681,0.0253481903951539,0.00074525440452373,0.0137762758972911,0.21801225685496,0.0856879017276094,0.0237963563016347,0.022468400481269,0.0141709053885923,1.87976261481974e-05,0.00121647138637958,0.00424813455760766,0.00126505774262511,3.83354872032051e-05,4.57382489473177e-11,1.5715686495061e-11,3.5908835711686e-14,1.35873129696347e-17,3.77836824975519e-18,2.60092781258237e-16,1.96021850109012e-16,2.92933944541299e-29,1.23259516440783e-30,3.00926553810505e-30,5.43372263667603e-30
1.13980099408641,0.0462671442014583,1.37505000647966,1.23038568552097,1.46121017154715,9.01686858073964,0.0911597474985308,0.0995267835858239,0.371257544156376,3.19292884719518,0.898870217082431,1.65265922157073,2.82026337890004,0.329927497611418,2.97765298657486,4.43941665002842,2.0232248069398,2.00791092564383,0.066529447065721,2.68855737641398,1.27816340162221,0.00601485363869003,1.89208161281181,18.8436595056938,4.47817552189756,1.1210037517118,10.2900267401033,6.35855804213489,11.9491335029913,1.18200169653565,0.514217278393922,1.27319468672929,0.000734899616023985,1.06658949586895,1.01217539027213,0.0950346676129854,0.0793973016458521,0.00531431085319653,0.0273665599963932,0.0752313350778825,0.00135591656485506,0.0102414104746594,0.0799319835655876,0.0240316986898981,0.148690353732552,0.240118868946169,2.91629883441749e-05,0.00110619490270961,0.000993634370805647,0.0148628601894517,0.000908271098484931,0.000187075921722206,3.7789372016044e-11,4.66838125591027e-10,1.13953329931658e-14,2.38240177217803e-15,8.49894681561222e-16,9.19643105449032e-15,7.92315812212833e-15,2.77333911991762e-30,1.73333694994851e-31,9.32150093083421e-30,2.97924811436246e-30
1.10108727482232,0.201682931972265,1.38884982361697,0.258883781901849,3.60156319043248,1.41712382221257,3.30589089838668,0.526067977576837,0.00871490926458532,10.439075489073,0.495697919264633,0.0179908048208431,0.00160936775364842,0.0163616782213535,0.0719239156863103,8.52602401786541,0.255660093538717,4.62648066574368,0.0810889146789043,15.7314062601005,2.77970460756219,0.0302827142782639,13.9918814321275,5.28138797809334,0.199516666248605,10.8758029783601,4.78231075296362,6.32028368673153,0.978917409256059,0.837063217928843,0.349688268073976,0.0936867178537473,0.00326341690714472,0.687695234418936,0.092235522582481,0.189663376593197,0.00849320934592144,0.0866652676093363,0.0475231996265302,0.00182106901473593,0.00497041930737617,0.100345056420033,0.133767581749889,0.0276039990223796,0.00411892422794402,0.00308118725341303,0.0120096480087537,0.00253508662743543,6.89077202357048e-05,9.98017827182181e-05,0.000169480325606779,0.000159444729505849,3.0020059427959e-10,1.48907434028413e-11,7.49537043345585e-18,3.14517049290354e-16,7.9343891244376e-17,2.95968004156564e-15,8.50051023860676e-16,7.6077242068834e-30,1.35085930005536e-30,3.00926553810505e-34,4.94483571166339e-30
4.73714045213523,0.233560366991871,0.0424789892927096,0.0155130223138536,0.00221598558419418,0.251834366741476,0.000914940224690386,0.000393899349293591,0.0590583325825772,0.0813329905898582,1.10557221964187,0.229946278369178,0.23121186262549,0.297197601214794,0.513875903074801,0.944180760293779,0.336862596282331,1.07013193984357,0.444278678453371,0.0301386649083472,1.68286588547466,0.0188023833897664,0.0551178419993301,0.529041713953894,0.119871325912833,0.0291497678610596,0.891358244407158,0.00102970693365808,0.388818686390534,0.00149043166575888,0.335382957168494,0.473557352578157,0.2703220457624,0.0503348733554664,0.374337527663944,0.0203576949627206,0.0725617426544109,0.273973306259447,1.40416046122382,3.22934287315072,4.38481964878722,0.715627197003553,0.1517652539505,0.388567275710047,0.00332923075449255,0.421262382248825,8.88783762502342,0.474683495217056,43.8868977174873,12.0733286594397,6.84458620497615,0.91757844629481,1.70442947843328e-07,1.93800834438235e-08,5.84402877612707e-13,1.5402944953604e-14,4.11481487621975e-13,7.04826927399278e-13,6.75753693218219e-13,9.68128390374521e-27,9.16270921062571e-27,7.83912468970151e-28,1.3078585882277e-28
4.48691161986774,0.321161213475453,0.190573725606416,0.00707033755979629,0.187522923898916,0.483350076833642,0.0126668727324349,0.0126045750077919,0.0233582120379494,0.0588751573908555,0.0232926578694252,0.0300694357148784,2.00608399348284e-05,0.0190248934626316,0.888238131869029,1.25369696272398,0.43148538805013,2.42143682309951,0.862029664559539,0.00488771853227048,1.35034654477362,0.256761114235304,0.0996481514222216,0.552677853161236,2.26821387410851,0.805704529771697,2.10102926653777,0.0217585841125815,3.69038573821404,0.185487912071029,0.756848478042978,1.24327601777997,2.35141287270536,0.0286686012165857,0.813807582820237,0.00426622283491394,0.506656710185785,0.749176303131254,3.90471570037884,6.45922739804867,9.5980874757959,0.054546400484727,1.56764662246572e-06,45.2279006154656,0.287783305634501,0.422696539908449,2.85879560501293,0.076089215486109,0.0444378394486486,1.48165588786732,0.00743678784929719,0.0458267055606042,5.19098039516103e-09,2.2308458391672e-09,3.02225898698478e-13,1.47584040363009e-14,1.20983894262983e-13,3.5182160489895e-15,7.3567904951126e-14,0.00151615695050816,0.0125059013110577,0.0119273143090252,0.000446767161570342
3.89350064911651,1.32966962971446,1.63302534761625,0.0177292343141644,0.245763497801334,0.0729769944946057,0.383948670692217,0.0233871343379291,0.0262041466982371,0.0353543938209412,0.0590184788950788,0.0199293104463078,0.174686119776553,0.000821041792693233,0.469881487675898,0.0571793891590049,0.0115219467616754,0.227598296320033,0.236448931631824,0.056703375497582,0.696201268441698,0.0192647138550399,0.559180912170992,0.659027328702454,0.437971790761462,0.00155868882376475,1.35685436302946,0.0701577047612751,0.639306231897112,0.438410325294696,1.89819577293846,1.53269221314596,2.41989245506322,0.28858648575886,1.61955581664004,0.0060280570242501,0.00655775102243648,0.117334555142436,0.0655740996207083,0.0789786128376476,0.0858804830157445,0.00297238814827766,0.00595536584563622,2.17383807819346,0.0236158249988302,0.0355212736802519,0.158503853790281,0.00306127718802407,4.75310230767353,18.7852972490429,1.06641685371242,0.042564408867322,4.62663651820582e-09,1.53225703525099e-08,3.70694946600832e-12,1.39956184789779e-13,4.58501199455077e-13,5.01796577662862e-13,4.03757916096595e-12,2.92802345984312,24.1515711239568,23.0341958318081,0.862802976782075
0.220089682041347,1.39869661826725,8.27202142199524,1.57585545141673,2.79634531070002,3.2744598902073,0.000137153369395072,0.298349040908737,0.627316635199809,1.04811585994431,0.11036593029842,3.49795398520872,0.0456781897679237,0.127343246262646,0.40866368801218,0.0359486634576865,0.55436338307727,0.0267476760212835,0.18721207438653,1.69100168847329,0.0395553017880138,0.0481208128527167,0.143638568296311,0.404745015230176,1.70701550473197,0.412061684216127,2.43312616520521,7.48242263645318,0.209589808664775,15.4462137743955,0.0333649370722592,0.789975332963143,2.47807202924467,2.71423420414042,11.644790478086,0.00239184058279804,9.72055878476419,0.21068507421027,12.2285895956589,4.53212806506306,0.912791996852988,0.15850840222723,0.033294281522904,0.000284698804979329,0.000147676383115777,0.00236971803264813,0.0122102679129018,0.000588422312240369,0.00130520290488566,4.16228829864777e-07,9.05829391945696e-05,0.000463122458502473,8.7411375155788e-09,4.24256968774079e-11,2.22434651574063e-13,2.02636936859781e-15,1.70484632076509e-15,2.23791105468941e-17,3.17654472941412e-17,1.50992907639959e-29,3.08148791101958e-29,1.92592994438723e-32,1.92592994438724e-32
0.000696811205003198,0.15379132034782,1.22054762120857,0.148051152245076,1.18943748141375,0.275584507402989,0.163114519292989,5.44115947415376,1.29158863998777,3.25298469004577,0.0237120404086618,2.00355999962551,20.7407289532919,35.6013369774087,11.8356497097695,2.22564418119927,0.305147169254253,0.839866602176515,0.978336585797295,1.1711674754592,1.09835127925059,0.280118234199898,0.698250857607248,1.49115918969096,1.20008428915326,0.106911428552492,3.61283623080282e-05,0.0548555147943194,0.624613237068928,0.556742871339903,1.76804245120062,0.478351476049786,0.803562877257657,0.0111300550944929,0.0148269166228286,0.243548637250024,0.293163158869797,0.0156580838600381,0.020091522021606,1.09056117111569,0.102991471358664,0.136491398082687,0.0189537861250613,0.000979554840115736,0.000946615683578517,0.0223707011225975,0.00200958343633253,0.000453806320995922,4.76548179569537e-05,0.00221095608969517,0.000345390317628276,3.37903919206399e-05,6.78951455846642e-11,2.87992206864516e-10,8.12526765273166e-15,5.8875720998018e-17,8.74459405725692e-17,2.10845160706473e-18,1.6513633627013e-17,2.03426350375902e-31,1.73333694994851e-31,2.03426350375901e-31,3.90000813738416e-31
0.63947080361318,6.10121125241417,1.02507745375083,0.0907901936014065,0.0027364296865181,0.0186800332302779,0.0833864111549276,1.36512968276328,3.8843437352025,0.140415915477051,0.439943346107354,3.55559536119596,0.804599837380135,0.0266087760827701,1.74121166836895,1.08390161441473,1.02540710135172,0.46408650123646,0.0466767654421959,0.287494901629749,0.0573185281966723,0.30540373876405,2.70720399254883,0.603284495197529,5.54255129050192,0.226707010235555,3.18113924935831,4.81288340144834,2.76288809922718,1.48921387837638,0.314942677711829,4.0084138243301,5.69979338830945,0.260750253892261,0.749312654037933,2.98611071296839,0.868150420758204,0.19423238457139,2.61297508648951,28.8274669540569,0.809483961469577,6.74024803199903,1.37213567996606,0.00012658199290684,2.74449251397066e-05,0.0283171459569451,0.00325723362131583,0.000107465505458164,0.00544947032427138,0.00257315499102883,0.000699661338549895,6.43420535113566e-05,7.02236826035944e-10,6.88108628833163e-11,2.83396858923525e-13,1.79642263125944e-16,4.12810412754631e-17,4.60177320482133e-18,1.5917776485815e-16,2.32568077846911e-29,7.70371977754894e-32,1.92592994438723e-32,5.02714735259102e-30
0.751669842376221,6.03875195115371,0.601362030467207,0.174627489817092,0.069787331551903,0.106121746473365,0.154361908884962,3.7606102658764,0.0115843039530767,0.293826574964797,0.0102741460170956,1.99686923455232,0.074772728204299,0.202993596702941,0.0651826096800451,0.797407062238374,0.0147310418272302,0.223000095636126,8.57045693072556,5.42181946087567,0.485448783000732,4.3913388660053,5.00632186751683,0.656505701256733,0.888214261705358,2.0069604628195,1.21553586915597,0.0140776838427025,0.0585621488894898,0.0745202917443353,1.20250519383503,2.71011482857673,0.00749936425803672,5.05441946785473,1.10104274437762,10.0212404079081,1.1113966140644,1.27921242024874,2.26704495235676,0.436525164552658,2.95904372180775,23.62684010644,2.85999113250941,1.07886251899707,0.0127017069952902,0.0514497938142468,0.0086475590446195,0.0345149737609177,0.0336535959349902,0.00556858183162216,3.02911808153856e-06,2.58324865090208e-05,1.30952728796917e-09,1.71318228108929e-12,9.36172535750349e-14,1.78937868437879e-15,4.27344999847677e-15,2.47365891890065e-15,6.4655729279865e-17,1.43012335432905e-29,5.24334427359425e-30,3.25482160601442e-30,2.25160770724866e-30
0.86706289528551,2.8960956812954,0.222016407638926,0.628671510906279,0.190464177067779,0.944178157603801,2.10542160860627,1.29526591024248,4.81781257939423,1.45796231928675,0.376747289157256,1.51026387541215,0.133248790650605,1.80515270498314,1.26077892741227,8.41471251602319,1.49669369841745,2.54516050690056,1.52767113406301,23.1285854354329,0.495561006838737,0.188092092818577,4.43274460294047,0.444191459292986,0.728535312271354,7.71916126524664,3.03056780142882,0.613899693192984,2.81674511839305,2.18212880454333,0.877421905129864,0.0197791603686642,1.79790784368895,1.26000885222458,0.0181630229501206,2.66810149529048,4.52952285522169,0.494438103852818,2.35955281458605,1.30088988746512,0.0750351161841059,4.10982896098055,0.103329241293179,0.100462055710396,0.000323447043942629,0.00798169855187219,7.36338431383163e-05,0.000984223322015709,3.36584644143043e-05,0.000444284962526928,9.81808551944714e-05,2.62752363538953e-05,8.74752003300676e-12,1.83297088050941e-11,1.45301824188049e-14,3.6100790099211e-16,3.44400082524499e-18,6.11795655062031e-17,1.54903776413583e-17,1.08333559371782e-30,4.33334237487128e-30,1.23259516440783e-30,1.33077245258851e-30
3.85531711531537,1.35262204014189,1.67269109784653,0.0189794703295979,0.265958759084404,0.0850786428749255,0.40276991153324,0.0235258555353433,0.0284468755690492,0.0346542551835483,0.0631710744833872,0.0195915856634478,0.181655181577846,0.000677325843332431,0.519933892170367,0.0474875063877101,0.00888133006610756,0.202947296050436,0.22508941638736,0.0597852124597871,0.679146876096786,0.0235115096065697,0.570649647559945,0.714527325045542,0.504082113684118,0.000377752158384089,1.49275239791952,0.0748539350165557,0.739852469389428,0.469725459230935,2.03204792065976,1.66064830529485,2.63187599736785,0.304568260678491,1.73978714653547,0.00651402059655264,0.00982494343683946,0.108440213179346,0.046367564626114,0.0518302693008921,0.0515321807973735,0.00372477377699674,0.00620055110890481,1.816534328635,0.0286284575671646,0.0429860862278359,0.198321196714506,0.00250329927873498,4.96692275236809,19.7948648549675,1.11372305341456,0.0464000041004731,5.04840582031985e-09,1.62196711145124e-08,3.90666886975607e-12,1.45994485047032e-13,4.93253294864029e-13,5.18934299135895e-13,4.21395390938904e-12,2.81431901515698,23.2136889585262,22.1397048955948,0.829297598599933
0.679700624207449,1.3018859511434,0.681032909789577,1.43501310391276,3.71767915490423,0.79080156356578,0.244409390529663,13.1135597028559,0.248593525007726,1.09500570395898,0.0250618426724577,2.72914953663526,0.301419633877906,0.599676183700422,1.13533259283742,1.76895159813906,1.51020934839809,0.421310189050369,1.7753676829016,8.44083070744904,0.692447386391018,3.38784031447109,0.355641708864422,0.0853237774772083,0.00182049099797178,2.93346091330408,0.00318093229379829,4.42838894548686,0.149316079195163,20.9743450909543,4.90648846676957,0.0607866105228967,3.04053008505312,2.91314865257566,6.77502263803753,0.252074703783699,2.25752701047396,0.0017739537199495,2.84842572230591,1.17002107425268,0.220250808792276,0.332587725546821,0.145847162623802,0.034776646205925,0.00291933055483383,0.00263256623166569,2.27472902720938e-06,0.00721453485607259,7.7335850864828e-05,0.000939222844477428,0.000187357263291114,9.53187296521629e-06,1.25600563790964e-10,3.44204617598484e-11,1.03993863519218e-14,8.17038841649844e-16,4.14409688388932e-17,7.45572333800945e-19,8.20283287423318e-17,5.89816045468591e-30,2.12333776368693e-30,5.5659375392791e-30,1.73333694994851e-31
2.3182495542053,0.704169078353744,0.19009648621576,0.774271458638448,1.21623105080122,6.68437629027375,1.13828011537067,0.294216706812775,0.984811800316172,1.60296144899455,4.85202262810362,0.00553342165885958,0.439893196335962,0.0863884882178954,0.00951741027673348,1.8876322664415,0.666669197973256,0.084621475776926,0.0225068688280691,2.01111231923531,0.571472789356411,0.278208110270189,1.71228472647065,2.26844985053718,2.63558776786226,0.965402094408415,1.59137788839854,2.83242505556068,0.774367926639989,0.0203019127721354,2.03233307776529,1.97666123838979,3.10929854385491,0.543811414723917,3.49135681615663,0.0353129708939594,0.00426300563374429,0.179191721620869,0.44542283884877,0.404750249312685,0.583523897720622,0.560288262537409,0.0771735742451275,2.57281338393,10.4714420951929,29.8893745938663,2.57621687757436,5.13024553213855e-05,0.0587379351913452,1.1902623804759,0.173587705901715,0.000686728250582952,3.27035804221522e-10,1.72277876079786e-11,2.04814823772884e-12,6.86247314860155e-14,5.72549874161197e-13,3.06625961176595e-12,7.9944278738425e-13,1.71081560666134e-28,1.21723587310134e-28,1.23259516440783e-30,3.38121075861484e-30
0.331595841263328,0.298711699095059,2.33881330801352,0.201416334676781,7.03572161604949,1.29261310316488,2.48543119263807,0.453480896204717,2.30924004118834,5.65082007468697,1.83230155992515,0.0809885073051569,0.136036354702855,0.641831888252039,0.374279216093738,3.98039194289608,4.48708252908489,0.00319919194227684,18.7085643158809,0.0119178348762839,2.40788178175197,0.657037682951838,26.580669474657,0.365275005846848,0.900050784196531,2.72091579164743,1.71204599513989,0.000572028398561133,1.22458553549106,6.91615604499559,1.02069579392944,0.788362935856692,0.3547028024838,0.260539323801724,0.468590655100116,0.457151729980636,0.0310491674380398,0.00202676504605147,0.000731183272015904,0.212415290873971,0.00382301833295434,0.0502319918329309,0.165796077413998,0.036965764801402,0.00326043466490884,0.000525669935754106,0.000233483987102271,0.00100569460324094,0.00222407510629122,3.37106461997877e-05,6.45984961677782e-06,3.97713740396385e-07,2.97841220557426e-10,1.42407244486251e-11,7.8835905691238e-15,1.5666476027799e-16,6.39010617714232e-18,4.16167700795624e-16,1.3538551870145e-16,1.08333559371782e-30,7.70371977754894e-32,1.92592994438723e-30,3.38121075861484e-30
1.50655874525727,0.450018387328394,4.92139052302518,2.64747006821352,5.03811628488105,0.42940938415196,0.193673360082178,1.46541191546914,0.352078133084765,0.0378066893367645,2.18815550144206,0.801668111610997,0.0743774268457956,0.28319381257961,0.580302794326002,0.0427650365543463,0.171962030737859,0.0666718059134878,1.04436508736368,0.0209933646751054,2.31587736052274,0.631833036495677,0.0489661495850526,0.215984510020804,2.02376302234513,0.738299920390587,1.29441003748987,0.399664324298917,0.478225545151181,0.357325408428926,0.227025292374346,0.0645566215438407,0.086171142664082,0.0917330161859785,0.215185376243482,0.0828025904255616,0.00219596494739341,1.98269061797541e-06,0.00397127067690264,0.00013084510851143,0.0384165525347911,0.0330150205641561,0.0698684928620844,0.00838940008649885,0.00787579716435588,0.00113794726083221,0.000964187097802077,0.000335292460608208,0.270487604852437,0.000637196305007273,1.29017740099122,0.017014275583509,16.6654784595892,0.00169042174217433,5.9566013062685e-08,6.76634719862454e-09,2.98011775614577e-09,2.45812118165524e-11,1.10995520757465e-09,0.014127889191501,0.173422727879947,0.785610973861438,49.0268384090567
3.2789700007163,1.32235581390196,2.066385934852,0.246354048545639,0.00681502875577055,1.03110326395978,0.000993972514075285,0.117872954303022,0.474437593263707,1.10397663245735,1.11137982317274,0.00557659245177733,0.169803289760563,0.00801471064531127,1.81179430736603,0.450328999683457,0.607723890381572,2.38164003843146,2.06025070964694,0.0786293977936579,3.38960588047559,0.0791148270471195,0.243010017346036,0.121086825674825,0.00097406566967234,0.434195028304446,0.25860982367815,0.241029845129489,0.175688114599931,0.00930017847047842,0.292001656230902,1.03377164587575,0.603691979526313,1.11714119795428,1.69996359313789,0.294814582743431,0.00134566990174285,0.00319133858131184,0.0172122374077059,0.0620618805958788,0.159453466810705,0.0526048694267107,0.0757490308002599,0.0741495124113612,0.0480358074279146,0.121445034122503,0.197624089385526,0.00824006949571473,3.53128780253239,0.0175862438324865,17.0509003175701,0.252142091019898,0.00504936187678344,49.993514314754,3.40264616679736e-07,3.80631673967823e-09,2.45713713285468e-07,6.66657556723409e-11,7.72831548002899e-09,1.44586417717234e-24,7.90353050308453e-23,5.26179162023286e-24,2.30006880587453e-23
1.50657065286633,0.450015270474335,4.92136837401391,2.64745511385106,5.03809121653837,0.429414062526915,0.193679199465442,1.46542488889703,0.352093586749278,0.0378035065616586,2.18814941399128,0.801660257507125,0.0743842877791604,0.283160941313468,0.580327726433963,0.0427540874130847,0.171951759112417,0.0666815522549006,1.04433989401346,0.0210027096504811,2.31578952081684,0.631901049171691,0.0489480384492466,0.21600569061026,2.02381247385016,0.73835131458867,1.29437395930892,0.399708123043644,0.478272512623133,0.3572610869965,0.227091201862721,0.0645263126895581,0.086212322194189,0.0916750922375312,0.215213377005722,0.0828229420758118,0.00219941903378318,1.65815941178482e-06,0.00396102240488048,0.000130833224632107,0.0384700420238103,0.0330199688401047,0.0699583095885053,0.00836609442666437,0.00788117259844726,0.00112445518345103,0.000931890066098576,0.000338036119560874,0.270160350488221,0.00062190513386261,1.29033131894837,0.0185710365865026,66.6588631610351,0.00677552603009963,2.37595178525394e-07,2.71269381260664e-08,1.19538528116612e-08,1.01840738737701e-10,4.39237211693136e-09,1.16153543111639e-22,1.31704459294527e-23,4.50228976441778e-25,3.29963471037944e-24
3.2789687802763,1.32235513481789,2.0663910272646,0.246356243116414,0.00681570455480635,1.03110880580148,0.000993995424118485,0.117868111564672,0.474439487958111,1.10396826404011,1.11137729680408,0.00557688706127246,0.169808659068132,0.00801739262415528,1.81178037779651,0.450335670942375,0.607730822828247,2.38165227854006,2.0602419786301,0.0786327441880849,3.38961458430565,0.0791184719299164,0.243000800503596,0.121067203868999,0.000975298635337829,0.434191801707124,0.258585555165058,0.241010857723197,0.175686504592299,0.00929726700156621,0.291998616654827,1.03375411674669,0.603653658002316,1.11719061743466,1.69997472392089,0.294839446197487,0.00134916276937366,0.00319250286625452,0.0171998600225912,0.0620546420773473,0.159451385578841,0.0526050014454414,0.0757498987910902,0.0741604931932749,0.048073775402028,0.121379278451414,0.197714072115038,0.00826827279860123,3.53212564204003,0.0176413935752461,17.0474278834845,0.251791946162376,0.0051070715646056,49.9963279347619,3.38475848689233e-07,3.74547878877525e-09,2.45336678136685e-07,7.29420265468176e-11,7.57791195543236e-09,1.4549730133076e-24,7.90723221747484e-23,5.26402021488283e-24,2.30624606580739e-23
4.0903590507479,0.582162625566774,0.215665710560925,0.0209050440220767,0.5914155792955,1.42992966390188,0.0341160504395413,0.590305863114807,0.739365964692744,0.758224716483142,0.224257952154981,0.141561335028818,0.0984734909637467,0.0703647805733142,0.965003442257355,0.449010594511073,0.304246547577787,2.33600974650297,0.940493707154766,0.112399477508205,1.1820589686434,0.320064686030583,0.309750616839206,0.0411609510951411,0.316393960237969,0.933639231506738,0.00135111373086646,0.546307204615617,0.0131735515641324,0.128262315850957,0.59061208692934,0.86255778641645,0.488936553964876,1.02321261639071,1.61049388004442,0.428174612155814,7.36342993368465e-05,0.0197404114678341,0.00579925599808807,0.000537660844435479,0.0120397130877692,0.0583770785052446,0.210712668153123,0.000599413297983382,0.050414444514383,0.208257761944579,0.151233535589797,0.0135635889005077,4.18614130707519,0.00521602352358247,21.2818968818564,0.304983230352258,5.91151624966131e-08,8.80181160885261e-10,4.19742515208881e-05,0.000680000584866189,3.18620840756013e-05,3.67491274044074,46.3243252741585,4.75964648759824e-16,1.05552068674254e-16,6.17275660891155e-19,3.1312291088652e-16
4.09035909554202,0.58216263292663,0.215665708983182,0.0209050482199287,0.591415552429206,1.42992954259739,0.0341160447519461,0.590305839588823,0.739365920488045,0.758224650593833,0.224257918396044,0.141561326005468,0.098473487049537,0.0703647775797186,0.965003433396932,0.449010581033524,0.304246547911398,2.33600963086408,0.940493680840667,0.112399465278986,1.18205893476291,0.320064661939645,0.30975057667702,0.0411609705855863,0.316393963429436,0.933639109784696,0.00135111333263731,0.5463071234183,0.0131735523382907,0.128262300492688,0.590611978956117,0.862557765149584,0.488936558099873,1.02321255621546,1.61049382163611,0.42817455211928,7.36341454154756e-05,0.0197404112437848,0.00579925440372676,0.000537659551843948,0.0120396969957484,0.0583770254131301,0.210712704846121,0.000599427981189256,0.0504144431838092,0.20825752831034,0.151233882999228,0.0135635643941499,4.18613442042735,0.00521531855752634,21.2818904825738,0.304981934191443,1.98281053914565e-08,3.79329337151682e-08,4.19486318472793e-05,0.00068002860297946,3.18662418473055e-05,3.67491472427181,46.3243395618569,4.75964390651554e-16,1.05552062258228e-16,6.17277732528754e-19,3.13123108417991e-16
3.13258099635085,0.113277249148276,0.0512871172257779,0.024366958644331,3.25017368012618,3.10765848792466,0.310895367077055,0.828805658686801,0.698780500996633,1.69002710795033,2.27973510222778,1.13718888890556,1.34932132959274,0.513062332620231,0.00422428765704354,1.5080400872991,0.00618647539259639,0.144452435715874,0.623511993107311,0.145898806250178,2.5369768007733,0.537264579463037,0.0402664925588604,0.0172855947414081,2.07090044213988,1.46401203919896,0.0705159690564243,2.57025452696744,0.251749408829296,1.52147210406231,4.96335100031643,2.16636678289674,0.678519324393584,2.69985556874874,3.59797249630977,1.86054147412002,0.000101416586401699,4.07833727025405e-05,0.0566982743912686,0.197085108221752,0.56156389006127,0.468251437244388,0.625938031958218,0.0851700568826382,0.000501924710031375,0.0309850203369845,0.00189707795453119,0.000504878025287463,0.00156873247793929,0.00280675667760657,8.9286228416722e-05,1.92229116392257e-05,1.56003337393897e-07,3.49906477232992e-07,49.9880945306758,0.00651210785431293,0.00359509268360253,0.00176650030264946,2.98970572492166e-05,1.66199220761632e-19,1.29298079162493e-19,7.51743593747918e-20,2.43460829515184e-20
3.13258096462794,0.113277263022872,0.0512871261629255,0.0243669573411163,3.25017360617866,3.10765877711226,0.310895460670965,0.828805649908269,0.698780538631031,1.69002725181656,2.27973484083317,1.13718884930161,1.34932138243244,0.513062406785292,0.00422427557791376,1.50804001066794,0.00618644643264087,0.144452405220242,0.623512116432133,0.145898707254944,2.53697681564765,0.537264486964578,0.0402665930125396,0.0172855880071746,2.07089968964111,1.46401244601492,0.0705160775332024,2.57025516163015,0.251749415081621,1.52147102123749,4.96335075343496,2.16636769631641,0.678518262738364,2.69985554421093,3.59797314352462,1.86053958968833,0.00010142404909477,4.07792460878697e-05,0.0566982969724398,0.197085727555264,0.561563332080477,0.4682505627012,0.625937965502881,0.0851698314737106,0.000501878724813796,0.0309862445473004,0.00189696933976401,0.000505004525468992,0.00156853256104049,0.00280633558580201,8.91991430768239e-05,1.92287046338356e-05,1.87192975517802e-07,3.49769333974969e-07,49.9880972383535,0.00651210416488078,0.00359508497358367,0.00176650493164312,2.98968060685645e-05,1.66198287253579e-19,1.29297729850074e-19,7.51759955353882e-20,2.43464429478298e-20
1.50655874525727,0.450018387328394,4.92139052302519,2.64747006821352,5.03811628488106,0.42940938415196,0.193673360082178,1.46541191546914,0.352078133084765,0.0378066893367648,2.18815550144206,0.801668111610998,0.0743774268457958,0.28319381257961,0.580302794326004,0.0427650365543473,0.17196203073786,0.0666718059134887,1.04436508736368,0.0209933646751054,2.31587736052274,0.631833036495678,0.0489661495850529,0.215984510020805,2.02376302234514,0.73829992039059,1.29441003748989,0.399664324298915,0.478225545151184,0.357325408428928,0.227025292374344,0.0645566215438409,0.0861711426640845,0.0917330161859795,0.215185376243482,0.0828025904255603,0.00219596494739334,1.9826906179885e-06,0.00397127067690227,0.000130845108511277,0.0384165525347906,0.0330150205641565,0.0698684928620845,0.00838940008649902,0.00787579716435748,0.00113794726083234,0.000964187097798613,0.000335292460608054,0.270487604852414,0.000637196305003381,1.29017740099127,0.0170142755834981,16.665478459569,0.00169042174292765,5.95661732908403e-08,6.76730485462269e-09,2.97962598048426e-09,2.46769261448033e-11,1.10769327956255e-09,0.0141278891889403,0.173422727876919,0.785610973862626,49.026838409082
0.454884951707354,2.09680742494298,0.00909109868329691,8.05343175323716,1.90043412260977,4.58057984596489,0.0747708057636837,0.295122923950468,3.71633944366218,0.913893594878427,0.290521641782272,0.141167409148779,0.000248696440811077,0.0633301394525487,0.207324093183672,0.835459280590168,2.93457775886701,0.519807017728352,0.844450895782508,0.347772313140812,0.543442529922438,3.77100905587971,0.512156964584344,0.128700555678334,0.48894227558053,0.169340599389007,0.153197996456255,0.0195069198995827,0.0167081034334462,0.000113228446289288,0.0872641068813973,1.28058028115374,0.000591776745885127,0.611986130253597,0.0995676877586026,0.0423437074094716,0.545260278293238,12.658482982028,0.0403877040104829,1.30276929691791,0.00699084115679579,0.583968395672531,0.0366805735657389,0.0661914094015554,0.0112193645926868,0.0202292110453484,0.0356381484325773,48.1952819827982,0.248449756720886,0.0402765903046025,0.00106161309310685,0.00164471586475077,2.02079015965387e-11,5.08975425806058e-09,1.88169937639035e-12,6.84559478287522e-16,4.45046832584032e-15,2.47328475965197e-15,1.63514907230944e-15,5.8524497111621e-29,3.47871096204944e-29,2.74457054137333e-29,4.86320350647054e-30
0.151658048010295,4.42089603211917,1.67604014292542,3.56745880468162,2.25101276122935,0.615010470033691,2.51640176396299,0.415088531355467,2.11701869303717,0.754564490690869,0.322905097886911,2.33842769956001,0.0902211313826431,0.0384644102766105,0.000543818293907628,0.66538254387069,1.70975821971779,0.0485103094032578,4.78714501227634,0.957094208989726,1.0759266873159,0.213753057954123,0.178478511086353,3.18762306151158,1.52009621400226,1.98003153215502,0.137863663230214,0.00043813493547491,0.84864781562071,0.149955878625864,0.232474995250764,0.426675070754922,0.21149531568944,0.887483814000156,0.0577153413548235,2.3635377666996,0.388627594022168,0.0393835808515185,0.385673892950267,0.00188908324809164,0.00302839234103798,0.0170370222442991,0.220792052991137,0.00596842262782165,42.3684543197781,13.3648858137818,0.235794632249125,0.024210050639133,0.014881046382364,0.0128557641706304,2.56651733365461e-06,0.000716709410760875,5.0307023642731e-10,5.39840147314681e-09,1.78558870369012e-12,6.85700318931684e-15,1.5666243077019e-15,9.89738933477441e-15,7.27944402529363e-15,3.31693284672092e-29,3.77482269099898e-30,3.25482160601442e-30,2.60994352436236e-29
0.454716470560957,2.03542425950103,0.0108390064091816,8.02161715993654,2.03610014542546,4.56269597710406,0.0689165190329733,0.396486470381732,3.84390273531014,0.956382886851366,0.331231230936006,0.262728081013361,0.00161437717306873,0.0528799863568512,0.237072969825195,0.651995307130427,3.13595147673165,0.4793086014984,0.754655239639065,0.201763546741938,0.512097763408043,3.40761862700441,0.644053897014066,0.106174075848919,0.329534846796552,0.169194094127204,0.180672130030262,0.00458897584487838,0.022153585649989,0.0195503473349956,0.052431658255856,1.10104138850623,0.00916401030023506,0.338807487347594,0.158233360842115,4.43954796133963e-07,0.245328779588824,11.9860441550727,0.00250959457640756,0.796831847552062,0.000775833767760501,0.2195758569952,0.00484553059939927,0.0223153194315415,0.0673617906523142,0.00493201615704092,0.0723424523045007,50.725089828993,0.247957793564184,0.0484741673813978,0.00218827625220416,0.00182760954739553,1.98470668054441e-09,5.75186373741897e-09,1.88581383801295e-12,9.13486487049415e-19,4.89059979145039e-15,1.20876942674658e-15,2.00965373503941e-15,3.8460294367944e-29,2.79936926682223e-29,7.70371977754893e-30,2.04209511732194e-29
0.11367893244647,3.79118370836426,1.48691382080199,4.27190346575813,2.71402844175079,0.829689270338395,2.33915584273257,0.0994169172522633,1.65499472286918,0.597262890636904,0.274506705214045,3.68012601657227,0.232089183096129,0.0702738404612904,0.00114878108657622,0.551508491916097,2.5249161457726,0.00672896742376068,5.96009907696365,1.40468301843686,2.0814936776008,0.132797540048058,0.20593253463688,3.92167447656585,1.50523372234536,2.21444635079009,0.231100350861251,0.00876576564813532,1.45147911703492,0.156751513359262,0.632171730724698,0.924829202869376,0.275346198263455,1.70190603308565,0.206992041573348,6.23961357308574,1.1975969542823,0.266965108803294,0.904212836717646,0.0460876612945621,0.192821758979724,0.108797079989218,0.24556779638837,0.00557601212848555,31.8987830063713,10.4606402308426,0.136838888902616,0.016956792440104,0.00941835105845597,0.0143035055792983,3.26239819352436e-06,0.000588680546865968,2.10833518167682e-09,2.78024443316402e-09,1.32588772074123e-12,9.73630231985979e-15,1.93249838722467e-15,4.70448948204495e-15,3.559276122961e-15,8.64549952035431e-29,1.73333694994851e-31,9.43705672749745e-31,8.69677740512362e-30
2.54870072100819,0.408234419660486,0.030103676576771,0.797577707868565,1.19002098701571,6.03247438760483,0.247548371608759,0.108356146586195,1.05702086830252,1.49353604142651,5.84901441738415,0.430327429966722,0.670450030610287,0.018758129671709,0.111216835456222,0.00836996175149366,0.550363942351885,1.34390066116814,0.296185035363769,2.38702733872677,1.1165066640609,0.601506065148227,3.11231891235788,10.0942125463951,3.34552527388913,2.15713437963316,0.430695527329033,1.41972008696197,0.108631979475457,0.00259622590468907,0.142759246143941,0.515671083894301,0.383413212663346,0.133087865141621,0.761785381244254,0.0123902361777721,0.000170786921263411,0.0011210944866857,0.00536085302307038,0.00362823428874264,0.0190514697425248,0.000900716204145289,0.0326029347671988,0.000183449064624202,6.73266963762445e-06,0.00953686329461789,0.00831236755637641,0.00134865878235006,5.48210578771364e-05,0.00056119193340416,7.92397059214717e-06,1.01673515742168e-05,7.72560570081334e-13,8.26415166467888e-10,0.0016981432245488,0.00556792671146213,0.000199918460243451,46.3189480874179,3.67358586171342,1.51402080917433e-18,4.20392254542154e-19,3.95458893558604e-18,9.47012256796993e-20
2.5487007666456,0.408234426667557,0.0301036734250104,0.797577687068884,1.1900209846545,6.03247420346567,0.247548344632413,0.108356143196911,1.05702082342092,1.4935359008772,5.849014164057,0.430327429594638,0.670450034285017,0.0187581332374005,0.111216847900015,0.00836996911173123,0.550363930070099,1.34390062185025,0.296184964103685,2.38702754119036,1.11650655834476,0.601506090364639,3.11231917856606,10.0942131142,3.34552569593947,2.15713425932542,0.430695502860534,1.41972006895407,0.108631967948901,0.00259622754083596,0.14275931866879,0.515671044043006,0.38341325961792,0.133087853717009,0.761785447229409,0.012390259060877,0.000170787171748143,0.0011210976139811,0.0053608721980753,0.0036282135786584,0.0190514004004441,0.000900729294681184,0.0326029244413358,0.000183443837665504,6.7397194785513e-06,0.00953630656412301,0.00831242403801312,0.00134866892166558,5.48192428592952e-05,0.000561010701699643,7.91821080261504e-06,1.01453833901036e-05,2.36263619245848e-09,1.71093839554033e-09,0.00169811743322254,0.00556792545225676,0.000199919184433,46.3189481237176,3.67358597298375,1.51402687116066e-18,4.2039000503684e-19,3.95458507192654e-18,9.4700932069993e-20
0.618282284463674,6.50160409474981,0.378325820302494,1.64999759707634,0.43679780091232,0.388957687084902,0.303717773096764,3.97051180329106,1.12280630054428,0.719438426617352,0.0115409601071294,0.118566812935915,0.0281209869991761,0.0332260867463114,1.48053006255021,0.00186661832607829,0.179202452890069,0.000880572372182256,0.00753360655022109,0.57509443821688,0.462070574935734,0.0428870486795866,0.248478962857697,0.306934514003758,1.59792879612794,0.331567676122585,0.00477644948365993,0.12908272908019,0.00204497618562829,0.0128834918041919,0.233262043144206,1.83037974712802,0.215423133157618,3.54583624118054,0.466918836914617,14.1822330998792,3.97908217598449,0.181100519678767,2.19943101939144,0.00715744313304738,0.00353306525504853,0.948632043137404,0.121050341444055,2.56062767003051e-06,0.30371640260005,0.0813141741779799,0.0038064530698234,0.0313032708846427,5.95613554411482e-05,6.62696056692476e-05,3.40175023154783e-05,5.67745755484397e-07,1.60171655062556e-08,1.68696593640447e-10,0.00558519873750127,49.4901378808954,0.497970943382589,0.00429059188211194,0.00201497680458593,2.17644077679548e-17,1.12843043980572e-18,2.01450090106592e-18,9.31363857932463e-18
1.21527349194277,1.19557176354371,0.0268524943926682,9.02019111055521,1.91762009490631,3.1481090616302,1.23288926705811,0.239736562013173,1.41990006653752,0.778534765249081,0.0435670938521429,0.0454539323684401,0.0165536692822566,0.00874971667462867,0.13080407325323,0.0951352285000353,0.00478498308384173,0.0396055470265144,0.429685346318542,0.0322465720116326,0.409469854757991,0.0509753558634889,0.340765510131975,0.00773885354012892,0.0247136819173702,0.0459310166714981,0.0528748433239652,0.0756001972352119,0.105852113703931,0.00609204906641245,0.0229925702778486,1.41319459858059,0.00700491090868641,0.128396102550652,0.00228367133639722,0.278705670542567,0.16431741568797,23.2014887851966,0.00302774548535966,2.05475062417045,0.0210759817223673,0.480621793297143,0.0403356911861493,0.00442670023010389,0.00131293009282848,0.000580484470633202,0.00201392927239302,0.0115622496485352,0.000123263210540426,0.000364640431481875,0.000127464717260537,1.30613114898278e-05,3.02995927870019e-08,2.35755990577573e-07,0.00457827735030275,0.497101765232536,49.4982032389954,8.10707973729049e-05,3.67808287715556e-05,3.36136092387456e-17,4.49641216839767e-19,4.2914619406042e-19,4.54000405851578e-18
0.618282292758808,6.50160407245672,0.378325803888072,1.64999760770058,0.436797795637519,0.388957672973784,0.303717768185586,3.97051185173181,1.12280630749547,0.719438451523256,0.0115409624108466,0.118566812580577,0.0281209714724622,0.0332260985985689,1.48053011021335,0.00186661780867,0.179202473827294,0.000880574134463066,0.00753360611339191,0.575094497468733,0.462070576715688,0.0428870508629485,0.248478941403671,0.306934427089397,1.59792900748761,0.331567654408714,0.00477645357460498,0.129082687006746,0.00204497936282858,0.0128834957683708,0.233261967993044,1.83037971237899,0.215423163392994,3.54583616628444,0.466918875512364,14.1822320954094,3.97908190344746,0.181100466721323,2.19943113755425,0.00715744692445134,0.00353304664046945,0.948632108001317,0.121050359094504,2.56050339120845e-06,0.303716782387731,0.0813139851583128,0.00380651464263402,0.0313032806668454,5.95503933978649e-05,6.62798463651934e-05,3.40157910844676e-05,5.65706566511248e-07,2.1952786660747e-08,4.00331390425023e-10,0.00558524254871099,49.4901385465897,0.497971021032365,0.00429058555349322,0.00201497481071444,2.17644498510075e-17,1.12843383047789e-18,2.01448947671976e-18,9.31364043225036e-18
1.21527347113942,1.19557176475691,0.0268524929046877,9.02019112573721,1.9176200897121,3.14810910857925,1.23288928508032,0.239736566179144,1.41990009052881,0.778534756619645,0.0435670995212365,0.045453926967984,0.0165536690589272,0.0087497179048573,0.130804059010541,0.0951352410465644,0.00478498293660217,0.0396055565414886,0.429685372570872,0.0322465772740702,0.409469862679481,0.0509753562358513,0.340765519090962,0.00773884701132932,0.0247136637346504,0.0459310066736331,0.0528748115942828,0.0756002112004285,0.105852129087061,0.00609204724994537,0.0229925937358192,1.41319477757344,0.00700490421874742,0.128396161528387,0.0022836707720295,0.27870567396194,0.164317432080256,23.2014906359417,0.003027746902829,2.05475108821459,0.0210759366111275,0.480621904011113,0.0403357349474671,0.00442662863773501,0.00131290118402864,0.000580526163252517,0.00201386720395209,0.011562250346826,0.000123261709412606,0.000364729530009514,0.000127464663815701,1.30941985853156e-05,3.69508402390707e-09,2.49137413957376e-07,0.00457829329411139,0.497101665697083,49.4982005439856,8.1070381294981e-05,3.67810440987296e-05,3.36136269398578e-17,4.49646428097894e-19,4.29151376079911e-19,4.54001782696359e-18
4.67944186628194,0.35315149580051,0.10826522252956,0.0269343301857921,0.056250528341396,0.179837618601738,0.00662727564984662,0.00269234126098556,0.0302144418674751,0.0893287994644019,1.49697474370057,0.142058439527318,0.272055149934815,0.169362939538937,0.299897835053452,0.779202755844765,0.360471989823322,0.822291511379749,0.436033391570317,0.016202663881533,1.52165493382016,0.0178235170941051,0.0303454615941846,0.351685097172165,0.000364346524698519,0.000253563550819331,0.652553191662239,0.00220282409950099,0.257400092234302,9.70323256385598e-05,0.286498342617026,0.365774510779726,0.145516294203021,0.0466890623275912,0.0917024231153853,0.0989130377786084,0.1209961837326,0.447922130459003,1.84864831582713,3.31868920710457,5.11990340062322,0.870621979433529,0.0121988041351821,1.18619676336759,0.0515956544608374,0.580136729175969,17.253900629138,0.0137074578050015,1.52382664835672,0.0686041794182775,0.766437622283961,52.619834138351,1.10701030535934e-05,1.50776090233437e-08,4.53127345710769e-13,8.99541351284334e-13,3.95382919213454e-12,3.21719073168458e-12,5.45849923508839e-13,9.26261080795973e-27,7.45111480604311e-27,6.47882833291865e-29,1.01770983178938e-27
0.0041573954817412,1.22461962337585,2.67155290097678,1.02990381826016,4.51985408512062,1.93708818369779,1.36000136767217,2.38020422386691,1.14041480382864,4.48695882178047,0.781168744506435,5.83246513686635,0.568919885097449,14.3629361624047,0.193976212895128,0.0651244505692729,1.80929711100371,1.47375754396956,2.72340227651912,0.0757238814912558,0.261259403393685,0.0568308592532613,0.162567265463149,1.23250670719443,1.36679348408008,5.89913527154073,0.679931677789153,27.8120468293267,3.88254552482375,0.0855531080352749,0.631227045302566,2.96737598459684,1.00327982279332,0.0409735620318381,2.83746560391131,0.00287257519732462,0.698876652797887,0.105359302061637,0.584578563208699,0.421101515389238,0.567224755490825,0.00932982371457704,0.00903657869653182,0.0114939899532842,0.000372487691166778,0.00201871202370566,0.0157818104943053,0.000157609803798167,0.0032216810659759,2.84228867287287e-05,9.66762274286446e-05,0.00743006412246537,2.15946764733323e-10,3.81837537594461e-11,9.5760825134426e-16,1.87314282485658e-18,2.22098587451154e-16,5.98801366729253e-16,1.07853831495439e-17,4.93038065763133e-30,4.81482486096809e-31,4.81482486096808e-33,7.29916164176995e-31
0.754043368749386,6.00067505433522,0.240671478219878,0.604766866631842,1.29621664205537,0.627245182780387,0.743241908962391,2.65162393459677,1.59885578425596,0.733843973503944,0.816335670852636,0.0758709864105532,1.39495636895369,0.541141993539519,0.837814625486249,0.113179011613417,0.02043099566217,0.165707667125566,0.231631133885295,0.188082506553516,0.0663401962608157,0.058548081387108,0.822413476043137,0.000382849878870883,0.64772082161146,0.0626696097432893,2.03514636039284,0.350328992215074,2.28443155854531,0.719114973108483,0.837083334960519,0.0783833121197692,6.65786091855822,1.89668862976375,2.76328628014846,2.9801066211182,8.51101034587186,0.575189137703089,6.02057402159193,14.4485140073479,28.3142333232946,0.0429224736011187,0.109030237239981,0.00726897228659494,0.0103091543005531,0.0417736521247121,0.00366165758961043,0.0115213879813393,0.00648356960633552,1.74324733141059e-05,2.6832009679675e-06,0.000646763809866279,9.2650687448899e-09,6.82067231447234e-10,1.00612716322399e-13,2.97323853250537e-15,2.14995035857432e-20,9.3151835995656e-17,4.59320669393901e-16,5.82593808177139e-31,2.33037523270856e-30,6.93334779979404e-31,7.07854486200762e-31
0.00749644536558251,2.74396847460825,3.0568173504353,0.0354745370357242,1.9624538029224,0.0471523072921397,1.58701717736806,9.63509619191404,0.773915878796805,0.637708185169744,0.494791055659467,11.2478797151184,0.283802304294014,7.52058266396529,0.340884415471722,0.456061628247202,0.0597184022425004,0.00319346540847214,0.713958134068228,1.07355278254717,0.0152432683172877,0.57607391894622,0.302927099177976,0.0276201071000653,1.35909184119036,0.849057226237494,1.95124927333583,9.24340280443366,0.0816909922067819,2.84408388731568,0.166953033198347,4.418885253249,8.20304123881798,0.0113623713868564,4.17507640363045,0.552859618064912,3.89014056106376,0.00397424433387407,6.68627786431969,1.19625447194285,10.3768646171566,0.142540536346407,0.230426285777744,0.000143256641446359,0.00271277119594195,0.00509359260944999,0.00187646488947526,0.0016517847260021,0.00184081355268912,4.61669610196735e-05,1.27023957592988e-05,6.04846421921436e-07,6.69486123679364e-09,6.49566043990138e-12,1.77569923172581e-13,5.24855242870597e-15,1.14692736576493e-17,2.02304731638101e-17,1.02583295038652e-16,5.24334427359425e-30,2.33037523270856e-30,1.23259516440783e-30,4.04926770807417e-30
