"PC1","PC2","PC3","PC4","PC5","PC6","PC7","PC8","PC9","PC10","PC11","PC12","PC13","PC14","PC15","PC16","PC17","PC18","PC19","PC20","PC21","PC22","PC23","PC24","PC25","PC26","PC27","PC28","PC29","PC30","PC31","PC32","PC33","PC34","PC35","PC36","PC37","PC38","PC39","PC40","PC41","PC42","PC43","PC44","PC45","PC46","PC47","PC48","PC49","PC50","PC51","PC52","PC53","PC54"
2.31937340725994,0.799197768702976,0.0240629881891624,0.124071596237743,1.57128975740713,2.65300570600054,0.336026439737854,1.71062041639522,2.07399005991168,0.00365470482243918,0.011023053039775,0.000447543905956324,0.0232684068118365,2.25750586963456,1.26517117034354,0.270577056292697,8.88373284905549,0.0223115758996248,2.30227618433922,2.98307046019215,15.5181408260824,9.22235691932777,0.178248066360791,0.023757220242641,7.31625635806496,1.69576998700937,0.378526136311679,11.2094717437977,1.94924069027941,0.504016509268294,1.24700012992073,1.31203871856289,5.60051057491758,2.09471983056225,1.26806729407092,0.440687464532751,0.837038554014864,0.64498799190607,0.477653758920591,6.30185838117218e-05,0.00795934123873602,0.00111544586235766,0.124250334657795,0.0184389022709212,0.00115686381672303,0.000388355366057115,0.001034610628343,0.00858415683898707,0.000353843949553077,0.00134567487195572,8.21074452747277,0.0713991361087791,0,0
1.47969962515567,6.70700831596406,0.0034840532773666,0.00936516843273482,0.123816584173461,0.390679004249509,0.0245133016797837,0.00118827988126518,0.0661671247362857,0.275101429160575,0.00846717881671991,0.00193035262464466,0.0276057062879664,0.146684441351724,0.406462325327028,0.000787370893792543,5.44373949439099,0.717855273312518,0.198090608877934,1.87438638287194,2.8079124085906,0.0349459430144821,2.75580678388819,0.0457621337485241,0.0103755621706431,0.105078330512384,0.205710364559051,1.97866202619102,0.0618333752188928,0.53857826835129,22.9058828378002,0.632505177421794,8.82988593428121,0.716772976117975,0.118983665934063,0.00889754931266395,0.188654820494827,0.440856321462407,4.98468420364796,0.016237465033793,0.908044884262699,0.555617191681016,8.72636414755928e-06,0.201594700932755,0.431638879421621,1.1727822333081,30.438604032633,5.976981112264e-05,0.0132538387820101,0.983337573585535,3.79670125516722e-27,3.43790532135274e-29,4.3713420635328e-28,8.49335105474771e-30
4.42105455835699,0.791355014424784,0.0963067651904876,0.0188341974033377,0.641186049343662,0.660200973549215,0.139011985379978,0.00051317264030573,0.00430870016636672,0.0114553753048115,0.112367125204804,0.00115092918811712,0.0802702148368938,0.00302411180670754,0.0577990640969612,0.13750395549015,0.00782021652576478,0.141361324102887,0.232613003356854,0.0122881390662834,0.153089775157774,0.0284060372561654,0.0285594672047222,0.924938409989742,1.3251859555105,1.09745122512059,0.129461282378548,0.14776772783941,0.792944177229565,1.39076997439246,0.0317450756523593,0.109036378277129,1.43231738540867,9.24581375134198e-05,0.0987864615867552,0.00471924852184735,0.0580250252810427,1.42769235871063,0.0148828363794895,0.0323780374326109,0.00345891789027209,4.83531840374326,0.289495477493747,4.46346560077109,6.35606582868873,10.2881993286385,0.293716622746428,0.387281353557319,0.812688791995658,55.4716355015721,1.50992907639959e-29,1.36703711158821e-28,6.29842878016497e-27,2.18813972637293e-28
2.39468549138842,2.64185376994889,2.52786586825734,0.496336280737223,4.01668559674342,0.776860575830527,1.1423375535468,0.0353860187600395,0.128742141891624,3.1541300904184,0.153952683222978,0.00285994543224884,1.32763400286591,0.0526617267567384,0.252560544101486,0.186113652836926,0.0439328258478364,0.00139848351802279,0.86815386027408,1.49883470564152,0.0877335078312843,2.92618631687711,0.0594591330442965,3.39362335632322,0.029107039465925,0.575873854516663,0.229998273237071,2.94483829967355,0.396331578599226,0.0166165792248498,1.2922818068005,0.768848114151879,0.627244447168391,8.89251270142367,2.63427267964577,0.364422091375962,0.797808094109815,0.106510217567432,0.0294386146782912,3.74513126925126,1.62509896782072,0.617809839659268,9.06363240254221,1.98959567689022,25.7884116111286,5.27729875614273,2.96229085279778e-05,3.96198348618021,0.0538873500978255,0.00102849364321582,2.59153133316747e-28,8.77501830911434e-31,3.90098307113228e-28,1.37382102569668e-28
0.38035320294154,0.644140901233334,0.000666656369187611,0.59417556459367,0.0798573114807998,0.000279254178201463,3.6175109512705,2.44388396696733,0.115176619210994,0.517605230007305,8.82267293414731,35.5465956182059,15.2945669763938,6.7962231138913,2.6823464869128,0.012541813694911,0.00135236177149997,10.4499294663839,0.917991182574619,0.675813498127145,2.06017877618066,0.806166750602211,0.0214572389960639,0.902388632120497,0.0522651379888014,0.410449017189694,0.00687130561919655,0.0294197401600275,0.104847594495707,0.0295702220915796,1.85437778795403e-06,0.221984340928402,6.09650681394382e-05,0.0714994059761382,0.0327430609268187,0.00749099285428113,0.101439640499945,0.19722525149939,0.0541703627319985,0.021768477418495,0.00792831923328947,0.0122938819182433,0.00181898635639014,0.0121374162966581,0.00559186163372069,2.75520110726501e-05,0.000169940835757548,4.76904272426562e-05,0.00557742834673862,1.09216190360039e-05,5.1836381517858,0.0450759714541932,2.03056507238013e-29,4.40038863445144e-30
0.648874056864939,3.36489522187102,0.0179239374857308,0.229074548296069,2.09242967397463,0.620203980735954,3.62100456716015,3.58004554886489,0.426836578184827,7.11367232289164,0.000152578134074847,0.127215541206881,1.94680519590405,0.63152302643682,0.0369622591330815,0.00338598223437472,0.147507370905146,0.269062048833666,5.69196476994136,0.26596281649821,5.48534032260569,8.07401556386002,0.986943548441139,39.9964736568078,7.3463919319568,0.764554062927729,0.626937413032779,0.00303878625546354,0.000446472317278454,0.352312325670727,0.467027716473948,1.80933803180612,0.186845727209416,0.0425116101217288,0.183118471244417,0.0560092579656571,0.0143998651076625,1.03534682800978,0.748663232119398,0.308723511125645,0.623329665934852,0.0480993249503189,0.000377848757718876,0.00167148029920097,4.50149651991357e-05,0.000636152299232625,7.91706307549287e-05,0.00146635508751817,0.000306061576516716,4.85648819607053e-05,1.97215226305253e-29,4.81482486096809e-31,7.19181104510642e-31,3.7261393038199e-31
0.173519817505143,0.108177939207083,1.29806868466148,0.00226862347460898,1.10413777326343,1.13597082799404,0.56333390374391,0.112985349806731,16.1800308867232,3.05354499606873,17.2444691190568,14.1655181304097,24.6556613514528,1.584189724772,0.225286308118181,5.85405254497326,0.139842543408591,0.00285196574795952,0.0404986335827861,0.773168281378668,0.114645706654145,0.85470213084037,0.0306939179412531,2.59842386089731,1.3271350142713,1.81034001760636,0.0218805030388563,0.121374213917577,0.385265445723572,1.26561529424352,0.00654346381588247,0.473101946289987,0.980596521306593,0.137597489242986,0.116675070349011,0.0137966860301016,0.000180032153328573,0.317835468523599,0.255617452229759,0.083505607499916,0.550092544602659,0.0425893609785871,0.00315895017235247,0.0629886826047845,0.00599666919776365,7.77640964665915e-05,0.000626192978277358,0.000313175499693151,0.000868859043548222,0.000184552901250991,4.93038065763132e-30,4.33334237487128e-30,6.46980234392856e-30,1.08608782336427e-29
4.31656942820546,0.724959052114867,0.0297221755205735,0.0148347037223799,0.0605322559925765,0.43625896686558,0.381763100291003,0.0399760919854327,0.902915099168339,0.317172423919646,0.00261343212156988,4.96727520256214e-06,0.0271464944807348,0.0767349965037131,0.061411747271829,0.141646036787391,0.987431369289838,0.00399569895791899,0.192513349849958,0.180178648329566,0.501267575940666,1.111237102699,0.00112573259098316,0.235988057598669,0.0274840290520286,0.0403387431812873,0.0286222822901718,0.90652458992184,0.519749207196798,2.53023928371627,0.967432563451294,5.42780050178765,5.63723119440756,3.33701602441398,3.11264511149318,0.00220802155422083,0.487285136098507,0.00232901625470499,0.0647755442995186,0.970971214340944,2.09051473183736,1.17717748974157,0.962128827716954,10.3052413697704,2.89498814938377,9.72262103763414,0.0944451065164437,36.7211404997729,1.19496375137503,0.0261280653085304,2.9594609897432e-27,2.0931127006222e-28,3.54688557949909e-31,2.23780596879441e-28
1.26156157397493,6.4479812805863,0.224122570657743,0.382901474668315,0.0250795548754418,0.319029043576597,1.34648522303401,0.0119809858234204,0.241518600124214,0.758867684802495,0.00244588722591436,0.129920606393266,0.206059814046942,0.0645266544238078,0.00593641400917214,0.916829806824607,0.264700883994871,0.0981065377367238,1.97413619062719,0.321232935076012,3.4239111787117,0.205475695404493,20.7497559440676,0.343356012613244,3.06853164625545,0.672071111413402,0.204175133198895,1.19735976636107,1.37359476076418,0.438062189551952,0.00295673741502777,2.18358869040876,0.000905055083990594,1.71341247732003,5.38039871243629e-06,0.00163584567218518,0.0452844824826252,0.0318572183538701,0.0497812864701685,1.88413659031802,0.558475763940745,0.728875556794791,33.1919842993273,1.29547060860808,9.25259158530289,2.27153276921291,2.49367217436019e-05,0.0959029161727385,0.0111120580079918,0.000748581163462644,2.96130988248981e-28,1.97215226305253e-29,3.11916546029941e-30,3.72776411055763e-29
1.48192328293634,6.28140731552687,0.0273751051551337,0.000593121856745733,0.168166610017683,5.35972890270209,0.0248383716540249,0.406084895202291,0.0631969156348429,1.17767728877453,0.182297796690624,0.00281977995362262,0.0797109136628734,0.603633037444139,0.0115491359352339,0.178762192386022,3.47308136961036,0.289354401284776,0.208041742563054,0.889934865658936,0.640160477614538,0.421273289733261,1.78843729222305,0.884163921432079,0.418375621780319,0.218833187367333,2.05698735038989e-05,0.395949663409793,0.148075325048682,0.000346378684404503,6.53818139882978,0.593350775983232,2.84054683737936,0.271126608115169,0.166828454933814,0.0188553671520092,0.121776234703958,0.0364298503021878,2.08562853686796,0.0579897370892707,0.328873992981233,0.814977951723565,0.0110564338393526,0.0324920455536898,0.280241730836712,1.4687371800757,56.7488580729082,0.00405084745911824,0.00154389891583182,1.75264127253268,5.20771456962309e-27,1.09056986807142e-28,1.08939617705387e-27,2.05606067123874e-30
0.463982284547474,0.0454951775962984,0.768171007256828,0.006893486857169,0.662130217105292,13.3499967460808,1.06488024021942,7.03188753897969,0.673018599516234,13.3511984376144,2.06787683113435,2.33833912224623,2.83755995309186,6.93216049650449,7.94994640445554,2.03192975552506,0.0227567087144207,0.508133799187003,2.07056983178574,0.0349108196824567,13.7947227512291,1.01453271550873,8.40863789469147,0.339062386910668,2.54752198597983,0.199649706294693,0.700572819335977,2.07420614269464,0.0214681080984394,0.4145708697776,0.400685409637306,0.832310280942174,0.0861028470085128,0.0125197641145397,0.0432857981035058,0.00923362638819732,0.0336144678511371,0.216306014859419,0.162200243298102,2.56485141896164e-05,0.00938147201855232,0.0466512036375712,0.00175401328211305,2.27419361248968e-05,0.00922460434045907,9.26184808849923e-05,0.000821069736494948,0.000323353816856434,0.000795680764238641,6.31135811018104e-06,0.4301878978643,1.72380482967669,2.24330501522369,0.0105622485249646
0.317013872800702,1.01589714530364,0.438823120217959,0.162063345506445,0.00179655902115466,29.2514867217545,0.0498061931442893,4.37653609945008,5.16569143211928e-07,2.0863452713621,0.881524359584168,0.117363964714115,0.00244199616999111,3.36947770021925,1.26270163958186,1.59595711862141,0.254178892688758,0.150131126575731,0.0917436038751168,0.796850919771716,3.45070753922105,5.84281369800067,0.0001712908079479,8.37828364460177,5.93003595470191,6.94148858529087,0.966069329971566,9.51025967825839,2.58529147102747,0.0097850910993662,2.01409438570617,0.913172435047815,1.62942755361865,0.0521030871429211,0.0143280891747676,0.0173642915852881,0.0503625720129555,0.0165491572374204,0.00121309193949768,0.000679432895561067,0.0413001784141057,0.062453045885316,0.0288164992666514,0.015460313984348,0.0415432441090379,0.167108209453433,4.9286298501908,0.000855710213491867,7.61643601713095e-06,0.167484785772606,3.77482269099898e-28,1.55064443913015e-29,8.84013881535894e-29,1.75143956295118e-31
1.61547362381304,6.85565537830839,0.0012044174782285,0.0218860380057721,0.0927105033448185,0.057182991298347,0.729844587042026,0.0248067009063652,0.0652177280919277,0.011271954834726,0.000853852589516863,0.00810431283368582,0.199260776138984,0.0235928385395262,0.131028007195877,0.116097618471582,0.0182430436413286,0.308362932431014,0.207637335614681,2.46376134011566,0.00605007394740054,0.575600446556488,0.350921796585561,0.00751871200698619,0.00591162079688099,0.421777735610828,2.29067078060882,0.385684611584555,0.613778616134686,5.36633338215464,0.59775872151971,22.6627191200727,6.30712082933491,8.46950939718228,3.05027162870681,0.0978838119140387,0.484226070438666,0.00563060709979726,0.10116254376778,27.3629982217605,7.44679157668635,0.280773309477565,0.0573406782386224,0.0426461235974506,0.000181620451914212,0.0119889440335516,0.0420206639043872,0.0022966135554008,0.000194606109826398,4.11554654033593e-05,6.93334779979405e-29,3.47871096204944e-31,2.15130559547943e-29,1.57453765669111e-29
2.7800041860682,3.72262930442312,1.86052360661203,0.172022673263199,0.171055972559612,0.0186274734373135,3.14681110019155,0.150866358336708,0.128888834565527,0.374764900966444,0.0494832200063662,0.0451589379656209,0.43560168065905,0.272051262829112,0.0173296267649557,0.418846277048175,0.423735055512637,0.463493958349296,1.02324245491562,0.36953195288348,0.0224689120051417,0.0527961075300634,0.00377954700659447,0.950539210732392,0.941666410677638,0.113248648993921,0.00382512834935457,0.35719268384398,0.239733620484629,0.082995850228163,0.278598742389825,0.498662623722028,0.810160663928535,0.0944756872543049,0.311919965798153,0.000728747247374376,0.351718470901952,0.685938090737964,0.580706254574236,0.147147672674716,0.0947169412095054,0.0389481331849593,0.00591700405654927,0.00308647333657271,0.00859335750488391,0.00642473140695006,6.22325114852185e-05,0.00109924677064225,1.92697252972652e-05,0.000120989396515222,12.808218371551,7.97059846021618,9.76085280775466,46.7283701049359
2.97599097531745,1.55811118727399,0.029216149530482,0.054562675606012,0.0918007242372439,4.74336773920249,0.307398549245697,0.000311188513008645,0.60112696615806,0.0138217703524154,0.702084592150992,0.348981129772986,0.123809144869025,0.146441129060574,0.348676168069824,0.255241619769949,0.540853968103054,0.0232004351949684,0.476400971640109,0.619721623100258,1.26467860484174,0.129253070202537,0.403937646605138,1.43341263324685,1.13119439955132,8.62665583367255,0.848705529927259,6.77245652624409,12.7732304264786,13.535755414824,0.177130373198117,2.01413826773565,14.5543233661477,0.955768711300442,7.73660226551013,0.587853386707399,1.61960189150049,1.16680968191051,2.19648005149117,0.161118030904926,0.000803882267916278,0.032941675941536,0.000867264721737344,0.23865849112921,0.553820644667842,1.42791470513945,0.0287536898073982,0.038648489682975,0.116718797312004,5.51064754016066,5.56593753927911e-30,4.57709288345779e-31,3.40677747862658e-28,2.22637501571164e-29
0.116684325314846,0.0568455692869157,0.178021663079401,0.0201458767660006,0.30358137499511,2.72861968517215,0.412308499996302,5.88226819902409,0.0203283523406906,13.6818290696346,29.2520203119491,3.00287804054878,11.5025798638273,2.29953046099481,16.5706114790112,0.00913913848100128,5.15847890331988,3.50374703813908,0.418903981764635,0.224914065096212,0.0733125155068237,2.41223752317956,0.0530599508752892,0.539954706414774,0.0291939328523956,0.27951674690102,0.0869141786110066,0.572474014156939,0.0383142125904142,0.0138423673208595,0.0598781955744116,0.138926411624722,0.207155682652796,0.00428511638183859,0.0266819000055657,0.0735435611381164,0.00175496150584595,0.00104597110084056,0.015463237088491,0.00489471504999433,0.0023388103495882,0.011200871646322,0.00409002605209438,0.00237916981397331,0.00167104146770262,0.00158537776666638,8.73237700347503e-05,5.59317727586023e-05,0.000705488416379201,1.59670645171961e-07,9.43705672749746e-31,5.82593808177138e-31,2.70833898429455e-31,2.4375050858651e-32
2.7800041860682,3.72262930442312,1.86052360661202,0.172022673263198,0.171055972559611,0.0186274734373134,3.14681110019155,0.150866358336706,0.12888883456553,0.374764900966446,0.0494832200063652,0.0451589379656209,0.435601680659049,0.272051262829112,0.0173296267649557,0.418846277048174,0.423735055512629,0.463493958349294,1.02324245491562,0.369531952883483,0.022468912005142,0.0527961075300639,0.00377954700659439,0.950539210732396,0.941666410677638,0.113248648993921,0.00382512834935477,0.357192683843978,0.239733620484631,0.0829958502281619,0.278598742389822,0.498662623722022,0.810160663928532,0.0944756872543021,0.311919965798147,0.000728747247374675,0.351718470901952,0.685938090737964,0.580706254574231,0.147147672674722,0.0947169412095051,0.0389481331849545,0.0059170040565483,0.00308647333657226,0.00859335750488232,0.00642473140694951,6.22325114852661e-05,0.00109924677064406,1.92697252970198e-05,0.000120989396515789,12.0760774784502,2.92474955480525,9.5302558041596,52.7369569070426
4.36514406171787,0.8434093543781,0.0131319735406001,0.000573289340595443,0.0813640823284566,0.304883331995543,0.31620410368321,0.00678682305940619,0.967580952671182,0.102611114838953,0.00194985668324782,0.0388426321425977,0.0681438620875637,0.0532596234633746,0.142769798751754,0.0987981646379117,0.663463729488734,0.00718522567810591,0.0440682238466069,0.0007150528820803,0.106293245988858,0.567727027407359,0.0854610204285263,0.0768412039844855,0.0171910465231035,0.0261285365996142,0.0396539671577339,1.50445301571487,0.391092365460475,0.998486452590209,0.304183807465879,7.20031714206459,1.82241976169764,0.00644989646867664,3.03924590541318,0.137262742084523,0.122132228432014,0.023413787491102,4.73558010174287e-05,0.529283230608732,6.8319199945435,4.95959019048363,0.598031889551425,28.7790579875021,0.123828249251857,27.0986032371603,0.343688537639973,0.0114889784071011,6.12719830859953,0.00762363026207256,4.56753545610877e-28,2.96280266627581e-28,2.85470966006798e-29,7.40327470622453e-29
3.48518612953043,1.19249933529869,2.09046819245676e-08,0.134599246810052,0.948912443499983,0.439354162120206,1.38088445375638,0.0768456288321704,5.18022366543404,0.0119726513246933,0.00506610081056148,0.258573945078678,0.119933886748848,0.502933010210431,0.103644201960255,0.00265958746467836,4.67167233860417e-07,0.434485729508833,0.200637100091942,0.163409018603018,0.491297327909176,0.485229909801437,0.635282688760884,2.18677062635582,0.305965572049278,1.01542903335705,0.00254142753345198,0.542232023159207,0.773350776427927,5.63762318157667,1.03590058634831,2.94935776339326,14.6035472239161,6.70670779711883,18.0322938578043,0.105406701605038,0.703547576961263,0.172708615134706,1.32569235845784,0.660806827024181,0.929596688770282,24.3343889290893,1.24555915745643,0.0925030909816885,0.169775115458004,0.000112710993409862,0.00130546655334203,0.000756395465231995,0.0141994912854612,0.198290294096329,5.24334427359425e-30,1.51697075775876e-30,9.01222554594644e-29,2.25099833097719e-29
1.26049615581497,0.812431404432932,0.00296911131777543,0.0876070020921866,1.50898930770226,0.585837978400412,0.911157368257354,0.113745002543454,2.05992672383799,2.96055988859005,1.18759259205321,0.987794276375003,0.477772279088521,30.8492388793323,0.388240105463877,0.00106206906491534,5.70175483613029,10.0158822740256,5.26842534038471,0.172979813212484,3.61338556439936,0.00166123407227802,6.12532071965551,1.61669217405262,12.4839664583658,0.176257785582363,0.297463603222458,1.85508069949307,0.0384584023017411,0.0361360881753619,1.55202106347878,0.530305393259087,0.00235145793080106,0.525139783022641,0.203442286873597,0.0981791401117852,0.142040206862133,0.00817626795972448,0.225315510584287,0.0154032739793285,0.00552670191925667,0.0182498455201299,0.000124335186904648,0.000211142586807846,0.000473028019609702,0.00217235476542652,5.04913334609965e-05,6.07963927403788e-06,0.000657934415797881,0.000547317664407736,5.02700730921655,0.043713938229312,6.68287346352084e-29,1.92592994438724e-32
0.133721111965741,0.166830486860539,0.015447691693883,0.223870606277938,0.59935872547454,0.0577935327954515,3.55402906437176,0.720510937041793,40.2992819259815,4.45838717200991,14.8520962668943,2.84863392976628,5.81927699732749,5.98253261439284,0.3577113427669,0.145636842748519,0.0739695242436229,0.9458066380162,1.24974228284893,0.187663033352568,0.000571977781826596,1.47674163934842,0.11194627160629,2.52352966145659,0.779316830839349,0.308615931025547,0.00418932140128975,0.337270922384648,0.00313493229594303,1.61293105669472,0.101998176282319,1.31634256815368,2.86710151934835,0.320353398810921,0.357521954683114,0.0638618536622053,0.234442386333902,2.23426582002573,0.208713937158127,0.318122488460393,1.92775011886337,0.00880085140459911,0.0652692151097732,0.0966598729803395,0.0108887965974453,0.0136926597240385,0.00158226509348912,0.000305766459953955,0.00135178712391412,0.000425292058983947,1.56000325495366e-30,2.1107176563365e-30,6.93334779979405e-31,3.77482269099898e-30
2.48056260098656,2.4246757734962,2.50135009020216,0.4484486588991,4.17187480987582,0.624295011595524,1.24843697872599,0.0295574821705395,0.121219949365677,3.52875743082978,0.188452218918924,0.0240246291900638,1.30016911753268,0.0437153150916162,0.212123378748122,0.134065114380025,0.00522905507942791,0.000934495842749011,0.854101880630208,1.53429957596358,0.222302354272902,3.07017648184662,0.180193405112165,3.4942686781527,0.00943090810435775,0.617404776613274,0.110793492272518,1.97875687889538,0.374451717469295,0.00434044616146915,1.47627679158412,0.0462825700809761,0.291108144303446,8.11683924507952,0.976686021565136,0.00296864731758929,0.50161856890125,0.0505914170583318,0.403386349547637,2.96515712926384,0.0765732353225522,0.832521087212326,10.7239539541958,11.2544028018105,24.3345965808825,2.55869583916886,0.000132991579566343,3.43541518881115,0.014294830852115,8.58990373330194e-05,4.2543792471514e-29,1.38134504074732e-29,2.30923815156891e-28,6.70416213641197e-29
1.32081685836722,3.18906011872808,3.94190034386602,0.324654514793064,1.95446368199701,0.0513201479718348,5.81495216050628,2.20342322377892,0.193080126834917,1.32704941116214,2.80815933494275,1.74506355267533,0.0044759185522992,7.57190103587507,0.0976169579302541,0.548618470608451,1.90973159795464,0.866931930915822,2.61389186225102,2.0380934630459,0.108197862066664,3.52281501792398,0.572378636645783,0.341567532230655,0.661049136070058,0.870400186926029,0.0989381610787588,1.06585355242591,0.00316136692618035,2.70356175534134e-05,0.014425005772635,0.35955920054555,0.073495206364187,0.000331991542427528,0.164979286717736,0.0567512705175221,0.223416207375764,0.511485871886111,1.26317089508782,0.283939267147274,0.172399271302735,0.0336076178971264,0.000381266738852466,0.0304069763916144,0.0217324056039218,0.00767068131224225,7.57678932803478e-05,0.000131123093859211,0.000313997322568022,4.60907522027378e-05,48.5895614384527,0.422525959613311,3.32403772265638e-28,3.49377609764958e-30
4.36061267287217,0.124382040217876,1.18592444540713,0.103508621593178,1.70303955606539,0.0866445875999402,1.00490647560144,0.0712154896154375,0.283399202907133,0.321218670877126,0.0732896970175613,0.0968249670687723,0.102164225453078,0.0044203386715881,0.0389219653779525,0.0725669797733991,0.180454206505716,0.587196890837254,0.0961838592253566,0.00319971664720365,0.107169581579682,0.0371333552623274,0.291670964258991,0.145595394819076,1.15012044875132,0.0361471194360194,0.0111264508810307,0.635971689214267,0.586715898719019,0.67233756631223,0.109457885365372,1.27771716691665,0.033869031433567,0.832217321086535,1.68936613911352,1.45387600745419e-05,0.0695740812169519,4.62502762657898,3.58123462380797,0.258146440936152,3.27019776336064,22.739982232504,0.252348631162002,8.86783378518138,11.392438512885,22.6560842634794,2.87578529412935,0.0967071807518028,0.0456854897610736,1.15224891300098,6.53815901226794e-28,1.15676167284758e-30,1.30662732842488e-29,3.43790532135274e-29
4.35792903657889,0.788626070444517,0.0136410455740119,0.0157331055216685,0.0679532502644094,0.45621928521441,0.346366956032011,0.0464834432434322,0.892801682072494,0.232348661811674,0.00505084015764891,0.00462002115755945,0.0247936893095616,0.0827408454229502,0.0577328538189412,0.116645640283127,0.689074168309665,0.000693486679247433,0.150165235070283,0.133662876089397,0.528612988228722,0.979086703949373,0.0110276163879051,0.178243396460567,0.0195958304912196,0.0155403744811272,0.00346930107716436,0.654326341566486,0.532928692576168,2.09474136954802,0.940476297640226,3.77448732820181,3.83466434543361,2.82001018841465,1.65530293124396,0.023749361490447,0.217465156941719,3.67720390878445e-05,0.0143221606996028,0.634845192530255,0.229486099380578,2.45298184745338,1.7816383658637,13.4093914512017,0.345253390742268,0.656728600109852,0.0373721658922697,51.4460575658003,2.16548701410288,0.0593889569950087,1.46178564261477e-27,7.78877854877444e-31,8.04444386810089e-30,1.96464113626942e-28
3.59756412898273,1.93858858049437,0.522648714440015,0.16333920042689,0.363625316983003,0.262774502493606,2.9047208057461,0.0779418643584969,0.0707190568448713,0.121246687771435,0.0232759689575465,0.0507693965201168,0.03363971765475,0.641075750939445,0.000433770300585479,0.25653245494524,0.00416371485259883,0.0574725706020324,0.538162961591491,0.126286703443922,0.361597467594598,0.0526452763718697,0.164567049730487,0.228466389821481,0.590856695716379,0.00413072824492276,0.0711171636118096,0.0222003716458632,0.11351069422154,0.089824186520101,0.160416425095759,0.356258447987576,0.283934143907795,0.316410472468952,0.502878394103521,0.0149432148269233,0.870144087096806,19.3531415505242,25.0381831021056,12.0100550154967,25.2293446919563,1.81960886950521,0.218477049440583,0.0244875530511836,0.0589810213202725,0.157828502718506,0.0169200521546315,0.108396380515387,0.00369043575185085,0.00200269814384239,2.70833898429455e-29,3.12982423872539e-31,2.79936926682223e-31,6.99842316705557e-32
3.74975503908018,1.02573249503796,0.00941371964854352,0.257646781343614,1.31785508360976,0.0458846276568909,2.15389425586348,0.0704390308790714,5.35821815440442,0.0176701707483553,0.276558636281164,0.00754773975428582,0.00193317868995402,0.211810797534834,0.114024393365176,0.0688416804034109,0.0151584324880355,0.0222940926797195,0.00495004907173901,0.0772993344155807,0.271164858166217,0.0128077658005073,0.381388179385796,0.421982635783251,0.0110529598780711,0.310795187742656,0.0058195028097339,0.338414462873682,0.000291071004925487,0.0155137760283388,0.0367864002918606,0.472340249913665,4.08908536806495,0.046610546673273,0.232630954628599,0.0161063345379688,0.327065770378923,16.1991744192053,8.3381465892439,4.98507691556108,30.347929485547,7.0662104298249,2.59196080615194,0.272945275935214,1.49320923609857e-05,0.248540251801282,0.0198943895639835,0.0954684626487915,2.98987061164146,0.0103936690677938,0.0254376018638058,2.92526859116394,2.06934911359543,0.0175347381731583
4.57466131363699,0.378417179333782,0.325462666475282,0.0672713516222232,0.813591031746186,8.64281720346002e-05,0.439874130937155,0.00629159804515329,0.204602968450406,0.0874066332164215,0.0016844312999847,0.0563031750379951,0.0471442185487192,0.0248452025757696,0.00110068936674228,0.046062143221155,0.000911416703638189,0.464295324862152,0.22841046057676,0.0128211407087321,0.0518863218975204,0.000166942254379509,0.0591208452903955,0.436860282486775,0.708952543037562,0.064318339077401,0.000131963192730124,0.467931404509296,0.33114122331656,0.174375162850466,0.330776467728659,0.117137247278042,0.000178330513973475,1.53326765974568,6.31499796132113,1.35017849090963e-05,0.0181930346796633,3.64710474409349,1.04464899788967,0.720436156215313,0.191646975187228,14.4249277843122,0.486501384629754,8.65514191494066,7.75505051531913,9.58340673273094,2.86553251000374,0.000578860523293359,0.0654739195541556,32.168856769098,3.29563401755859e-28,1.067133637531e-29,1.70492649281117e-27,1.45198233005942e-28
4.22806314310798,0.0584347438815714,1.46301728114242,0.0604094079947396,1.22997588415081,0.604465696570165,0.30766760730309,0.0885155801501234,2.52386055892891,0.267026492672334,0.0203532505708585,0.419727606205148,0.0196826105235128,0.17200305664282,0.0523842175263476,0.0852455072203853,0.183531988009281,0.252282586192552,0.0225807299373703,0.000222598263757286,0.0119174316578289,0.191229977336564,0.9771337024048,0.139821517192165,0.747876755605195,0.931355381036519,0.00485763420251072,2.98507969841687,2.45552914920337,0.027781698031007,0.0286409562813201,0.391378847523496,0.322209305191082,2.06748156309516,5.82929609437113,0.397598964217851,0.191251109858705,0.0857020911100626,3.67913560037743,0.157003187632037,3.84483783772082,5.44624848804496,0.926928872827896,1.84579537230068,0.0480262663114392,0.044799618927029,0.00118754741297995,0.833186200610911,18.6840721076378,0.223152751268979,0.173805948132801,19.9873039822146,14.139115260627,0.119808534222842
0.425367444996017,0.584929381692289,7.09106972017704,2.23456077087035,2.38317622102032,8.04695397266152,6.39092534904085,5.76970008572243,0.0218560552979723,0.00114109474324178,0.00494832371002849,0.223224701472587,0.034900816616538,0.879296228092928,3.65683183792058,0.749735824196588,1.65629551704981,1.99585434129389,0.000201899860523811,3.56566824606925,0.43283459781586,0.0074425848993507,2.74474296821201,0.00146172540053747,4.59720672921769,38.7748653429366,0.860761388565264,3.08746627246168,0.220297111781064,0.0666503840640763,2.72465283798073,0.0925591685928503,0.0332335491818117,0.510428175588618,0.0397490131309147,0.00240151286905587,0.0142060299562559,0.00430500059186917,0.00184472800287134,0.0481954454607656,3.21337619674681e-06,0.00169565648348405,0.0111192178576918,1.14775357413442e-05,0.000206199665154072,0.00256438775250025,0.00048440210100196,9.13269056602148e-05,0.00187261518213233,9.10392580772726e-06,3.31693284672092e-29,1.30092430003243e-30,1.01231692701854e-30,6.06788303103504e-30
3.81997551436576,0.587338010478648,0.167589182020622,0.135878134471055,1.33122142624134,0.779984323239129,1.14244889783652,0.0158043703781571,0.0472091417241792,1.92340008894383e-05,0.418315951659077,0.156756848856908,0.229517008577851,1.55687800854626,0.0476386046777157,0.480140746114221,1.24893183153216,0.0659559414579286,0.0151197884651629,0.209567509521239,1.63764439302565,0.426219077865459,0.405367618867579,1.68621137108472,5.39248852102198,0.0321627595617735,0.150874383145354,0.0307490575295358,0.340290224987074,0.552834013032478,7.46888538763496,0.0642290022025961,0.530560827072484,3.21474140632832,0.438205301543756,5.59774475284141,19.2346639257939,13.4926723363,21.2961741030243,0.0146557639008358,0.0172366223213099,2.66612811453095,0.273442212369236,0.865526326438313,0.313560964185434,0.0549952890462335,0.0364357424551974,0.0379432997286965,0.0268207797347362,1.24424594826101,2.32508193462703e-28,1.49302946431556e-30,1.12526143351108e-28,2.12333776368693e-30
4.44782788904801,0.225068294205566,0.883599196808022,0.110051678504863,1.36275271062821,0.275028835094951,0.708250177058811,0.0218364378325856,0.281059909234856,0.183162633939003,0.0672192794518753,0.214771054105629,0.0140342432091923,0.0323838466968253,0.0728887446509631,0.0208692282897693,0.0826602862332652,0.17790791154316,0.0178486363840132,0.00836286551085105,0.00461001123955867,0.0882573638409369,0.321711094752796,0.00894188979188098,0.465658120731684,0.789398000693802,0.00555875399842906,2.1624698795559,1.38443173862982,0.0261163272576721,0.0334637796449063,0.448843212838445,0.0241188921257381,1.04426313876995,3.84003276073705,0.262196663485595,0.244740528920274,1.90916192112896,0.376164968352877,0.11921950610034,0.0122331211508847,0.985762858681452,0.0683997056070509,0.763340175090763,0.0269371451213481,0.000249188717560592,0.000216162414139391,0.604317547066929,14.1224415189564,0.106783936160094,0.305712225237216,35.1562374161448,24.8696919504077,0.21073463821668
2.39257047292539,2.61642577204021,3.3608952569422,0.0851911516777453,3.51993472827274,0.443386962013853,0.992529416535796,0.00126729970133648,0.0232542277660795,1.86739619368405,0.283368184325685,0.00270831420574139,0.528082739632441,0.00961490443833562,0.00164161017802603,0.188624832220595,0.178727838304539,0.0208255539850467,0.416448820187965,0.0260379631986227,1.99702463796171,3.63695164536965,5.10981053828794,1.82429511598669,0.44973713983351,0.0204250058816671,0.0275117645324057,0.629328367909557,0.206218200035177,2.82040273674346,0.265175759346324,4.17173832603704,2.91758809511781,12.8814242321724,0.572201069167482,1.94702937310858,0.000177720924841189,0.000601558262491564,1.06818712964116,29.0222831601819,8.22287286329679,0.000832295914240976,0.341268506637457,3.88485825667388,0.000263099733948243,0.951319810053603,0.0423432702976116,0.0225221101989819,0.00498619300251591,0.00168977545279204,4.11968452166582e-31,4.12525354370228e-29,3.19252980937566e-30,1.91669573096492e-29
4.20243555210564,0.113624808932037,1.42729839809576,0.161929802125028,2.03639695684848,0.226689553800969,1.42055952570952,0.0461585576895246,0.120778196779257,0.172483307697063,0.110496455340518,0.210261826228414,0.0246680851199563,0.0871601070824645,0.259944767840772,0.0882614313908361,0.390470965013569,0.344399283359225,0.0711718454155195,0.0182177749023771,0.0383077757075376,0.0250213375161849,0.368248799228538,1.77633684428029e-05,0.708498243315512,1.17571331099867,0.0352169246287363,2.08678445914497,1.44396806865511,0.298501023209376,0.202213972278703,2.83014268927891,0.475178304395923,1.9512462313432,10.0281639097918,0.597485451889479,0.350890417739018,3.7632023258321,0.490952188251385,0.499563190749686,0.39092812453648,1.0196377954622,0.345698711966228,1.05942764892525,0.0204635425975523,1.70028918517172,0.237826682395815,1.96168324158709,53.4908281037899,0.870493374767545,2.44428063530324e-28,8.19272542749101e-30,4.32253911158949e-29,9.30272311387645e-29
1.13820199382607,5.11507789367417,0.00190216835185566,0.165509709229073,1.84889941428485,3.3114320346538,0.32818929712811,0.113671626230333,0.151939601852993,2.05559148479971,0.335691449621986,0.155731599416839,0.75416651788003,0.0925766264063037,0.0176940996450522,0.0280065320318682,7.67858914221041,0.3204147201466,0.13597491042394,2.15769991215299,1.19256761138007,0.00075869127729894,3.12389306886597,0.124751482939208,1.15863257117292,0.195656207538329,0.0374558826269069,16.2480340764745,1.48467907497438,17.1085359267386,17.334335540128,0.303299783300559,1.82113635832082,0.131086128157134,0.542499807302386,1.80338408892105,1.70208685967585,3.39548774001719,4.57338343500909,0.536638144063814,0.000617251540800604,0.245280570652911,0.00911979588221187,0.0456597087409735,0.00156175627471689,0.0192899685158597,0.917241575161691,0.000502148823473761,0.000110790943968882,0.0353532206123426,3.53521180331833e-29,9.10302825276779e-31,4.11938359511201e-30,3.1308398658445e-30
2.33137439632785,4.04899128847447,2.56095373196291,0.160789797176638,0.383729675701535,0.572071494081832,4.22215560615441,1.09019217530154,0.0268116207324435,0.074618515796018,0.0159449807665121,0.348623069827608,0.066475661135797,0.0132457344041771,0.310173370433495,1.0132441395753,0.487495461913482,0.750293295911157,0.45575830400206,0.326897160517478,1.12795647503468,0.000177243095964411,0.597150871577562,0.718698246449496,0.353779484280429,0.203674485546432,0.0202204412983621,0.064687280189739,0.212971789365974,0.018207183634061,0.145258862898796,0.885132374063133,0.972627697229947,0.115358176222598,0.266646949087904,1.50923853941605e-05,0.310850078744671,0.529116821685185,0.456239768721426,0.152812986075606,0.08346834590486,0.021777162179848,0.00460786688095225,0.00331820805940078,0.00499027184825869,0.00701925989872113,9.89501295893841e-07,0.000857034189356907,6.00410175948782e-06,0.000138982189880083,7.1696090499729,28.7293221603729,37.387430048232,0.176032828883843
1.36281156856374,6.41915063117504,0.143519782920161,0.349502051310094,0.0591204083547367,0.249870451104671,1.35249104506327,0.00804951341120101,0.228745681783243,0.85193214017283,0.00126861950385365,0.161562686761494,0.189993873465736,0.0784590121826444,0.00363454855760982,1.01616941459011,0.111645466981764,0.0721201511855507,1.76433920316441,0.359188402920253,2.68602779332686,0.144534435424595,18.2609690636725,0.586640306041063,2.90976779325808,0.840577850837607,0.159344696014023,2.04777601319005,1.43179306015311,0.374812692665062,0.00203428655365703,0.764593038142013,0.0717387264676732,1.83448613362597,0.448025371717694,0.0514936912806851,0.195995027085242,0.096351117854679,0.086351994054177,0.453179663563882,1.26429328749752,1.1487027440087,36.1148001380136,1.27839725149643,9.54746149265622,2.29039241514959,0.0003226240224704,0.106377007743707,0.0188854372108433,0.000300194099928851,3.27676592263468e-28,1.47454011367148e-32,5.56413197995625e-31,3.91084149332133e-30
0.979393745822101,0.147451020607161,0.596614798351241,0.0147252716468816,7.3138908447014,0.450509537054527,0.748340923428761,0.717565343255971,3.4388091670531,7.60481847781035,0.485082165153112,0.0588597918326261,0.12430506473047,7.20217559047716,2.31034302471897e-06,9.32579054904323,1.18956410045494,0.026735924565593,24.2789418538825,20.9389288913785,2.89209362026634,0.214777435885886,5.72092541854734,0.206477126435672,4.26005666025729,0.157769048239928,0.141053016675322,0.0508833591876534,0.00986215384795196,0.0144510351938449,0.258585082066488,0.0711121321032003,0.12190974794391,0.0818904487660496,0.0910713065809985,0.0184781831266334,0.0279750710208214,0.000994274381001913,0.000967523646732709,0.00877379076229411,0.00462440212085868,0.000439784579519601,0.00108737537733158,0.00058633056078689,4.16281786476094e-06,0.000160441674913453,8.27274402147558e-08,5.9446309159115e-05,0.000186722684258511,0.00023944461997278,2.53079231754635e-31,1.73815177480948e-30,2.57480282604114e-30,1.20370621524202e-31
0.0322118421074208,0.0518083325749121,2.86144824821515,1.21096195731217,2.3404114283473,3.59097621040058,5.85223623684114,4.66491440317787,10.6543833074506,0.0776662037533564,7.0467518587079,3.37916358063329,9.72028543925675,4.69192349649584,15.4393428479608,0.573520473123188,3.17693597552461,1.23839690614208,2.13817750687794,0.169928716822202,5.20246441667625,5.17859967369347,0.0587211556157523,0.668283336716047,4.10391428070705,1.29950263597182,1.83156659397813,1.71085261882459,0.47938321004519,0.301397116172644,0.0689673299408698,0.00120325116799323,2.48281406263576e-05,0.0128123931524026,0.111334769051389,0.0515997579786014,0.000181363562654643,0.000311846738453684,4.63275071485311e-05,0.00130443017684882,0.00149462190912281,3.20456517129063e-05,0.00227049389804698,0.000186520620733977,0.00024921722492269,0.000545265552878026,0.00100322309087766,0.000181973709979466,9.96418173459026e-05,2.06889813832006e-05,5.94036540385783e-30,5.30834440921732e-31,2.80230330072188e-30,1.92592994438724e-30
0.00573005155914006,0.292618748515195,0.474220304657595,2.26779184896176,0.0883272836638836,3.11141855486045,2.83673827631573,4.09772927639329,0.526113758690068,6.15653988017237,7.65090766082061,21.8634750491001,4.8421924576687,7.21348926561957,7.70881690762027,16.5039164796457,4.53304993305755,7.23738877846502,0.125329159713109,0.802224576685564,0.425678949267197,0.136542506082345,0.215794612345766,0.0820128914229656,0.0125260322576275,0.602899700926194,0.112565079210684,0.000679007140788412,0.00192533804565773,0.00611913775491911,0.0134344994734521,0.00119933262069573,8.47284591275563e-05,0.000211585114558066,0.0125634541567489,0.000472236487960657,0.00782253196558109,0.0137031994213119,0.0114554309626996,0.00234929001723712,0.0001827043412974,0.00111735181247058,5.48331638202201e-05,0.000350249528500679,4.75867905333824e-05,0.000168085170787382,4.60756080481216e-07,4.51752606510461e-08,9.00505875646e-08,2.07978914613915e-05,7.67437943855242e-31,1.73333694994851e-31,1.99882940204783e-30,9.43705672749746e-31
1.98793956360208,0.109319009343145,2.58776238855011,0.0432385503176715,2.77503689350367,10.0348590557354,0.731244537498067,0.459820245434061,0.425087266708554,3.95673084717477e-05,0.0490218767290966,0.762613193031603,0.010560640585212,0.0103894780826777,0.0605655911571721,0.91246820076482,1.82794327732345,1.06625669280643,2.56300234458272,0.0392685619513081,1.0666395811516,10.3449960415156,6.45132701579569,10.9718944793641,1.47184827871011,0.451657614474607,5.10617856261107,0.231593524245853,14.5848640776301,9.00654345012472,4.3565849115418,4.39025603326642,0.324192784216413,0.584684863721944,2.5048417615303,0.135782287164545,0.0262259871494634,0.120518787265491,0.603928908436032,0.031564156503716,0.578449201848746,0.0233252301747653,0.0587112780126442,0.00775179235497119,0.0497553046620269,0.0494291400955996,0.00636772769769607,0.00216902855717485,0.000230626125780655,0.00125062903528297,6.91891084837499e-29,3.16160960597162e-30,2.08559028909332e-30,9.53455693093206e-30
0.529954569265872,0.132577042503971,6.27003938959986,0.359498793487778,7.74379637354648,0.273342576762013,0.283868553144092,3.07216812084558,0.230131903307174,0.431419013668388,0.0114319189822287,7.37647021633283,1.81451620495402,0.421250346033221,8.39631255366625,3.18965177946498,2.98608860716756,25.8734146192236,5.81671971409837,0.531613613067424,3.25448463091127,9.79671549475399,1.97697375192257,2.68054107210583,0.175646737128656,4.94666532317755,0.0978903019660303,0.365823789115842,0.592453274895478,0.0283791228780732,0.133848244744115,0.0553085971533124,0.00215147071150776,0.00219439551017863,0.00949317587211533,0.000284191156564247,0.0404636414386866,0.0229012291351218,0.0133135407966461,0.0367773737851044,0.0037137544070218,0.00477630502427558,0.0074152189662088,0.000599876830959988,0.00339214976188469,0.00198437922033425,0.00033709268210162,2.73575654039531e-05,0.00114386394812734,3.47333133905868e-05,1.13817945814978e-30,2.53079231754635e-31,6.32698079386588e-30,1.73333694994851e-31
0.381626628283542,0.0103279226262277,0.454170841343769,20.6027908700123,0.983013303145082,0.0867891506315904,0.239607394159176,0.0104115795883675,0.42435654913604,1.4600787590705,0.0959422952676598,0.277560181143994,0.0227035716968037,0.286697257622917,13.4305366485717,0.786148435116942,8.58440091758333,10.7824820058897,17.8316908049651,3.14423032322807,0.528534132848897,3.9355147988503,0.0152535694002368,1.33956601511135,0.00234728645841627,0.363106764618066,0.25154319663587,0.442211685748995,0.00542457037299452,0.116403733858459,0.172254509449521,0.000393113080765347,0.355744951264229,0.45267664380327,0.0431736103318802,0.581852693262189,7.44602517220507,2.36981372308209,1.48814916855283,0.0902049870799701,0.0716359899621285,0.0148887984048619,0.0106376162967216,2.49420060292658e-05,0.00203601061947527,0.00424326134769165,6.93500345457809e-05,4.29244439536028e-05,0.00054093793796509,0.000120403848452787,2.30481340275331e-29,1.23259516440783e-30,9.77710373330333e-31,1.01231692701854e-30
0.0582548436188841,0.229078931928466,0.995991396563313,37.0228122365679,0.175133837298108,0.03087289283757,5.31919852675662,0.22881081823242,0.0598512636202315,0.0298536167767267,0.00416826710722155,0.0179553275247296,0.0065504662059273,0.0011686822771461,0.231427531399711,0.0724930311102272,0.116979415217619,0.000492395548007529,0.00757319929737723,0.210505291083199,0.00353001694104362,0.150486936530368,0.141372922237743,0.145473834376448,0.0132010314446329,0.000427167918712057,0.0268195992763144,0.0442982060228064,0.0505180259008848,0.0110647147787447,0.263981620007254,0.204107125719092,0.449373242400302,0.152745905619874,0.697732261910506,2.81876718712733,30.8043933864818,11.9577282390931,6.8850364813877,0.0140555557360449,0.207581784442925,0.11779580672946,0.00697251737653859,0.00100510998824167,0.00233985536813047,0.00544119406615879,0.00281707380117959,0.00016618400065959,0.00148947181272579,0.000105570531873006,9.46683429345448e-29,1.2199353547357e-29,8.34373237053353e-33,1.26409018454941e-30
0.00393366866161252,0.121616339100789,0.79024000292855,28.057061337674,1.71190638337251,0.10354931539644,4.42166590585327,0.990677065242258,0.426103299173732,0.85575618357291,0.0286973751914312,0.241131027614526,8.24896070189408e-05,0.13588458381057,8.24314701770013,0.0527928922153171,4.79072700945671,3.39780996481536,6.47252494077851,1.83480203768202,0.998902005514172,2.118945446245,0.537775553215301,1.08785450401018,1.68272442183203e-05,0.0428001371525148,0.215562403332062,0.35524432753238,0.0151995214853783,0.0525203899419569,0.202429693996116,0.155617015554272,0.25020735387946,0.00465682641812221,0.571129227382209,1.70998731095525,17.8483563625053,7.03245810476233,3.93527506765159,0.000638011302387446,0.102870447421504,0.071364656775491,0.00201589369896999,0.00160897314992521,0.000937528409292382,0.00233400320954435,0.00247330760014718,0.000132112763227779,0.000536773255496086,4.13737884990301e-05,9.99268939724414e-29,5.48438644319646e-30,4.28839147089584e-31,4.33334237487128e-32
2.85097519234421,1.17667295522285,0.0750820910326491,0.400457433870095,1.06418588900028,0.304401584641222,2.2620610212536,0.0466824288780735,0.064118401688477,0.34051680048317,0.0144839075145009,0.0131559482938611,0.140241738977355,0.14928810328334,0.259438254221001,0.160744899562082,3.73958129825644,0.00553863733942482,0.662038824164902,0.887621636516275,0.952813443066621,9.83778801697562,0.0108718055393083,1.75831509212478e-07,14.4447800234014,11.5112183414407,0.465561877679219,2.19098763479814,6.11018432350653,0.844071413410817,6.47352028338936,6.46619741453437,6.04548607394608,3.45822078177896,5.64704008361926,8.95786710254833,0.999362566941699,0.0093572309483672,0.338867406383393,0.424924138890565,0.102330896882429,0.0679753375860114,0.000196256671320483,0.000190928069884919,0.00719881041831557,0.00729256040228213,0.0068490140005818,0.000763169903032096,0.000772800453172291,2.30404389206072e-05,4.45607456454628e-30,1.11516327876068e-30,7.3468396926393e-34,2.00308751278425e-29
1.33081772982699,5.37210193440074,3.1295938622728,0.673522359809305,0.583644970991525,0.47067073939604,1.62526729861072,0.117498544859386,0.359333932037747,1.81928270147239,0.0118068535519587,0.230812516815508,0.70650114656426,0.0020132884727914,0.18975684011811,1.18773037567797,0.193518911663539,0.0038969427283107,0.0761235893234204,0.421083170056063,1.51423251810021,1.32621177423378,0.149818432869621,0.0706042481014602,2.76863448927003,7.16150880446459,2.83951170533791,1.66332682281564,2.38747153342975,2.3035659254648,1.10097307058299,2.02779056506336,0.772649605459268,12.3954268221473,8.08249304022365,30.3831586391693,2.69207506250512,0.158244415432967,0.381493913908906,1.1759176074721,0.0483135562929716,0.00131239150141983,0.00142012168546247,0.0032231703260905,0.0684986545819069,0.0170480132967308,7.24200087347569e-05,2.11776769097576e-05,2.01000001655024e-06,1.77992744565338e-06,1.52767245832865e-30,5.60693878223579e-30,4.13700660641954e-30,1.04752533381437e-30
0.00127249071151997,2.97143005691738,8.84958682687789,0.0134923633695356,11.499359382888,0.360130080611895,1.85588339539358,1.20345222584047,0.08655010597933,0.0131956371100598,0.261532458716954,0.148793173205806,0.195959586766203,0.165637483858541,0.0840882565357159,1.6769854369879,0.017068419178917,0.942932387209434,0.00128282995249131,18.5258420776582,1.1908294390447,1.10923548060515,0.00926438468876477,7.51434180891958e-08,0.012870293344691,0.221076925869643,27.1465883114643,2.6377446656292,9.95690443471998,0.595062895854497,0.126642995977002,0.396136740445221,0.13614482113915,1.6273055801001,0.913193031554708,3.39468442788079,1.01323415584435,3.01377818484279e-07,0.024938305491011,0.578496814275485,0.0190244097324925,0.00868658112546801,0.000400961568491487,0.00322736762024522,0.000874196574754505,0.00167102944191994,2.27677861710243e-05,6.80772990102775e-05,0.00118475810714186,1.10945244816154e-05,2.60994352436236e-29,4.93038065763132e-30,8.06906342178451e-30,2.8900986227961e-30
0.830652783154832,1.09811046433331,11.3052468066347,0.0711745835686351,0.0617756926205429,0.0518613356788689,0.852729384411172,18.2891875737,0.00524969680163163,3.36896351582527,0.573096798025903,0.0508746016099183,0.171811080379264,0.172540003186006,0.591352738935243,0.157674689995962,2.15549372744527,0.372514186460514,0.879916779814718,0.293530484388511,3.91422182801566,0.131252941226345,0.345721761612195,0.923179305675792,0.0179376428126665,0.85002350022036,9.28363584434227,3.17871736443457,12.2128791393799,17.1620370860425,8.90268512288584,0.102386256512609,0.473579544286331,0.000176492956988153,0.0507157514978856,6.18149359912504e-06,0.0595896560800694,0.00311364153966624,0.00622081222722872,0.250770162380237,0.721392735050112,0.00996183209395672,4.62904633699251e-06,0.00224403330392226,0.0232746203395215,0.0174802054162181,0.000781141017852629,0.00167344567763919,0.000540282879621538,4.01125819124471e-05,4.28839147089584e-31,1.32708610230433e-31,9.21587571044674e-32,1.08333559371782e-30
0.260383837136114,1.31258382291536,7.54059089329762,0.0676799040900066,0.0293753199957762,0.0802923965589636,1.61908123397799,24.3339091654053,0.00201645766712711,12.2142109657847,0.821465774570797,0.000787696784103223,2.27745866296639,0.0433397314841707,1.15942357091903,0.305199232824475,0.658078176829964,0.887797165149824,0.760438378727299,0.556044850486828,0.282225676956841,5.13446875062949,2.36750458115109,1.94123837608859,0.335766361077282,0.0470837870404984,2.80468630197761,2.77091034152183,12.754664550523,8.66503907290471,5.41041966025304,0.483583672759079,0.345806846263935,0.400394672836016,0.0764617325596753,0.176303777788856,0.326462609020218,0.0153866887213021,0.0273569635104166,0.406372481569479,0.278811954740788,0.00385869700532242,0.010873900409745,7.90876679840968e-06,0.00116484681224915,0.00122754562063,6.15856850685354e-05,0.00105632567606932,0.000642867066201025,2.25492330158169e-07,3.89370748766375e-30,1.88079096131566e-31,5.56413197995625e-31,6.59149523466531e-30
0.00330396842647237,0.559275441260373,3.99809062831237,0.00451968211231175,6.92749541459309,0.289695988728487,6.92682284424944,0.376618141566553,1.15056048019208,0.00361098387650533,1.62200548463594,0.284351629197985,6.3722472737357,0.837136151833261,3.14502964470806,43.2489455486316,6.67936685673584,0.438446908754467,0.0157656249731465,12.8065474710331,1.66090403566423,0.0767409127811839,0.133521726267786,0.567302804018859,0.109390159281422,0.0216714943660236,1.02849389018421,0.00066659037354721,0.00871412500560716,0.00126724609788331,0.180797305308247,0.00802203311682802,0.000257338620715054,0.234004315699439,0.0919019051318146,0.00349840869925379,0.00650765920231707,0.000294332943900466,0.00447257229258478,0.156095947372247,0.0084486580888871,0.000890321138816817,0.0052067996236471,0.000148694656093157,0.000757490117834856,0.000149005493448497,1.45998579681722e-05,4.88907678260546e-06,1.37380942278466e-05,4.83386739407353e-06,7.1517076304028e-33,1.029845898778e-30,1.43790700772245e-30,1.56000325495366e-30
1.83105643888897,1.10216609673807,3.20923570663245,0.474278911111987,4.01729613822584,0.308311922257172,0.845234843582283,2.26014596535279,0.439804774767505,0.11957355688863,0.393498692304982,1.00232658610798,2.03167262591957,2.58262412367455,2.07564852933384,0.626514998663817,7.82755775265451,8.43311541821535,2.70243864351191,3.26886640150569,3.71953132066041,0.00370380330957817,0.0132777548721975,0.492531000706043,4.02693002768305,0.0260301047245638,2.82187125749151,4.12230613591689,5.14925335508607,0.592968348769986,0.149000898006472,11.9328268727656,2.52551951350069,2.26905219000232,1.72279455965227,10.2074135136432,2.16904513522538,0.274953064302297,0.286029061970848,1.75296896929037,0.138133747672754,0.0122939710254003,0.0104032915284707,0.0133916439964483,0.000173103053441033,0.0107678190977154,0.00246318350347686,0.00177212954264257,0.000783251961829366,0.000442844700106871,4.742873321952e-29,5.8981604546859e-30,6.32698079386588e-32,1.39148438481978e-30
0.947267734853229,4.9765156494776,5.01351007708937,0.867336538920378,0.183326148010497,0.245299788047397,0.630876239953707,2.05113219492352,0.289825633282356,0.0996857698900603,0.638955292120549,0.158257279830239,2.49607050763805,1.41883731409659,1.44083086257008,3.02808474708876,4.00185325009027,4.24864069145573,1.06883742438706,3.02122696735863,1.08773536601005,1.82962298283832,0.0543138209161562,0.0185252839383112,2.20535595412473,0.111468720317613,0.0119578481917132,1.21025435237869,0.592106433712467,0.194175410972879,0.606131991873872,2.51685342367745,2.14574463627159,6.34811079135534,4.97274269837825,26.8628987518304,5.25733570969284,0.874550799275579,0.0958817056719145,5.69324541040746,0.260350748421032,0.0830877840534321,0.0666042020269776,0.0461166743598473,0.0224234104712002,0.0015720822203671,1.57265956540796e-05,0.00385411850409073,0.000559098550372932,3.39518772863864e-05,4.78889176287708e-28,1.32708610230433e-31,1.53841177471776e-30,1.73815177480948e-30
0.00337992841753713,2.19441292206177,6.83075882059829,0.0755304263965553,13.4384774899511,0.261915885099507,5.9538140417303,0.540633567445434,0.540782041980183,0.48531092394874,0.0665807065503979,0.236598368451212,0.000288223034721754,0.243502307690272,0.304020227865143,0.481293209543098,0.0244098128945022,0.224117906503869,2.51299482702092,7.07134936130347,6.88701887774346,0.182817875056026,5.44540181153342,0.114672310675653,0.0693351147788931,1.68974814235664,37.134681827702,1.3147602094031,0.515897671735936,0.902349741499481,0.0465643357494242,1.74480046220083,0.4403799766284,0.0401827732196512,1.63965678798608e-05,1.81227975478959,0.0555541352198591,0.0246541805259415,0.0220435087054919,0.0458015654578637,0.00995176126771687,0.00546691414093321,0.00347875021755845,0.00152323490378241,1.37009877395953e-05,0.000190565002925812,0.00022694361555777,6.85175838339046e-06,9.08370456894741e-06,5.24364307306604e-07,1.10602263468869e-28,5.81420194617278e-30,4.96897448815752e-30,3.08148791101958e-31
