"PC1","PC2","PC3","PC4","PC5","PC6","PC7","PC8","PC9","PC10","PC11","PC12","PC13","PC14","PC15","PC16","PC17","PC18","PC19","PC20","PC21","PC22","PC23","PC24","PC25","PC26","PC27","PC28","PC29","PC30","PC31","PC32","PC33","PC34","PC35","PC36","PC37","PC38","PC39","PC40","PC41","PC42","PC43","PC44","PC45","PC46","PC47","PC48","PC49","PC50","PC51","PC52","PC53","PC54","PC55"
0.00998037303344526,0.0597722008446429,0.0684396924738306,0.122296048439076,0.930141928861907,0.092242180954666,1.31568812446106,38.6324698653187,0.400199875231218,37.0855514069436,9.55523052289892,0.638775855859342,4.93062117250104,0.393549748047051,3.89114604332235,0.56944578734914,0.326066745309027,0.0901193792100502,0.262227291591426,0.133074691719466,0.120973779834583,0.15119655111449,0.0312371670587695,0.0081848087754916,0.0755060166644373,0.0281706747404008,0.00537425961912603,0.00680003385692459,2.94847914286076e-08,0.0504046126921359,0.00439147697052589,0.00155614662778626,0.0035813753812794,0.00309045651919252,0.000267922143866346,0.0012384077049914,0.000439898311693863,0.000352219581687739,3.62188909847999e-05,4.58302300281948e-05,2.92817439018213e-05,6.03680746555252e-05,4.99556216473392e-07,2.21109517811728e-06,3.87522224708102e-06,7.30152132364977e-06,1.91276424480573e-06,1.38994736244856e-07,6.80496813170126e-06,2.68469233392268e-07,2.96671932132138e-07,2.20345105428399e-07,1.14832886982187e-29,0,0
3.30371209640289,0.0719653040084007,0.100564965361867,0.0212573694194815,0.102556636063582,0.947919955810935,0.00108478791441935,0.279854259591246,0.739607236792202,0.66114770137174,0.363756301369079,0.0642156022308756,1.79907376831062,2.35091165588087,0.627435879994548,0.00136000017152753,0.676220855492559,1.8312221757088,0.0655621461606425,0.056226451546485,2.51834878158775,1.13750704757731,18.1512735516682,2.01503169753111,6.4112197900652,6.87378729995888,16.0595890844695,0.211125958402886,9.06745533949653,3.92034768309783,8.1581807765712,0.399384575893205,0.0233448352495881,0.00215968061982132,1.23399409232069,6.20319663793435,0.00833334281277407,0.213141916252323,2.64708730056724,0.0316160719458989,0.186943703356169,0.204543140276024,0.0623857884024759,0.00084526638301325,0.000203490994197057,0.0226359132303404,0.000664142662582063,0.00559050284495776,0.000262447671083812,0.00287029514789027,0.015059766429853,4.35879901195334e-05,0.0471716321856695,0.057660085429964,0.0413396233706228
0.0296476218202882,7.4739180888812,3.57827719721678,0.125224275312592,0.604286529940192,0.639404294312824,1.22968212556444,3.56386995122594e-05,0.143120883884888,0.512831921445717,0.0115967506566058,2.14022095987719,1.02440020536766,0.881918223885391,0.466662582660185,0.00873553250053266,1.71672682895238,0.804335723956995,0.0550274904529037,0.278985737671307,0.352515674287653,0.512566590161122,4.43377158151229,25.4303385099155,2.79859575336955,0.100974421372215,1.03460051737191,4.1853312530745,0.000619010874135991,0.534196380820194,8.23680324590889e-06,0.109379416793185,0.150897118311567,0.0646180206412539,0.200523505290272,0.100292796561252,0.000691061012804674,0.0209280377194295,1.07434597159983,0.000785511168471894,36.4591378154803,0.672411899217631,0.0228505230691772,5.23667666723308e-05,0.00175168255623309,0.00977786893664331,8.58719255861134e-06,0.00186354576830855,1.46430584855431e-08,2.27174598102094e-05,7.78069945054179e-06,0.0010972164901863,3.05575187141253e-30,3.77908503351506e-29,1.14745175758907e-30
4.05081338652575,0.0362720166321543,0.0171413642469792,5.78312731174849e-05,0.0102772217678392,0.00101042590043591,0.00017600800636533,0.00449030276718756,0.00151389359356232,0.0348026866470013,0.0098533307081034,0.0178885789017399,0.00827248578363246,0.00823355941668848,8.44471637775204e-05,7.86633883745208e-05,0.000320947154557816,0.0286651047332837,0.0730100861391645,0.0198250976529435,0.0366670924035364,0.00537218103326178,0.195951741711038,0.0477381831733495,0.054780202204288,0.00510597377479098,0.00566306460655518,2.7535745990614e-05,0.257476166004555,7.03601397465826e-06,0.0752885234037485,0.00532390077786519,0.0101347662121666,0.0486702167159054,0.78728718499049,1.91357891899129,0.00174802775932121,0.0925949855520131,0.157961258748982,0.0880819727255913,0.00238438274481243,0.028905916199843,0.571788196619531,3.41086178727953,0.127578853464965,8.26077716729683,12.9776896186423,7.56290106524165,0.161624699178497,2.06124733532321,0.0151605606297404,56.7068340464277,1.61949941849313e-25,9.17520625573702e-26,3.55207803797495e-28
0.195973389209805,5.99363443297621,5.34833465675747,0.402562437318381,0.0749666684376418,0.0294289400067029,1.70895072157683,1.04753647607349,0.605444351628137,1.56281334743446,0.108690230638197,1.85237049933028,0.578140437882046,4.9766364584473,0.598650490587649,1.07517553818208,4.25313530562027,0.533632192759047,0.876549273013564,3.42587493686243,0.0377127044583467,0.698893024376787,0.719181941589032,0.17113390116272,5.26793358308525e-05,0.631619051773064,1.09163965715683,2.90845251166584,0.718167873555801,0.701165616618489,0.242348479973138,0.1835378377202,29.7215049607611,0.408534790828035,11.3245468026784,8.45521570897435,5.66312876148552,0.0712221594183187,0.445963788117492,0.326362240589732,0.0158958878812893,0.0140662498318184,0.0278672927804358,1.04765686575613e-05,0.131955101292083,4.2922992902756e-09,0.0096647941159731,0.0261163909020154,0.00261280897556946,0.00274598404521484,0.000104864854008025,7.48674796360964e-05,5.61763911284636e-30,1.55459127896247e-32,1.47981103034056e-30
3.59073237215245,0.184892693811174,0.115630219898016,0.0412482994161034,0.0150124650445148,0.0142868377074,0.0485829950261486,0.0294987443915515,4.2607475088869e-06,0.0199855234428968,0.0472917031364886,0.0111541985889532,0.0264951644135685,0.0523342811965007,0.0266831127126482,0.0668989433989856,0.0273072787962536,0.0609980732992339,0.565149586517803,0.0684290234174691,0.0290777761020973,0.0377872074133831,0.239925945685728,8.73180277953499e-05,8.33550667586707,2.32591437840718,10.2602292032318,3.35427234364593,68.7411931741226,0.322314357750157,0.558545038965373,0.218162215073654,0.108131225627248,0.0306197274054648,0.0325068533778726,0.185144728027582,5.24114858827772e-05,0.0208417155350134,0.11470578591694,0.022554565506816,1.41090390778875e-08,0.0133527760121035,0.000513651300497322,2.18505885690298e-05,0.00245298558963601,0.00124141044097554,3.3552548087829e-05,2.29270353419068e-05,0.000625247781132255,3.11095855554053e-06,0.00328284218687811,3.5384365570534e-06,0.00911916348549677,0.0111467787155129,0.00799172652032878
0.0104763257688145,3.52861614082664,0.00189693620433609,0.15761417543519,1.4823963042565,8.84897502312032,7.83079619669619,0.790192967972453,0.00081453356760394,1.72809299120708,1.11015035871537,5.39571486426123,6.6710895688287,1.90373428034048,0.0998423310596886,0.0147135624612106,33.3406794734131,2.48950027075393,0.38562934130941,7.44405567654302,13.7044916637561,0.444163674444982,0.0363864003085885,0.0335487804742167,0.00020104727558842,0.820860474192129,0.517218788528481,0.296863046937227,0.0127773344732032,0.508629839644188,0.0149593064484698,0.305154902126989,0.00136175909285452,0.0247245279460153,0.0149180733195394,3.6482089682756e-06,0.00301386579907919,0.00360579290307708,0.00372295203462326,0.000146825720250256,3.50851073848835e-07,0.00136690451515816,0.00186918916322334,0.000652542359209643,0.0141827534315828,1.05062747631221e-06,5.85478050312725e-06,0.000172589608660679,6.76680929029943e-06,6.99800339453579e-06,9.72485482720951e-07,9.89112382440612e-10,1.66417612943831e-31,1.58326158617903e-31,1.72104127903891e-32
3.9356862639606,0.140066942223345,0.0845018763196578,8.30666360779257e-05,0.0308825142190209,0.228640936724839,0.0010925914677577,0.00319788531818414,0.0217043579124129,0.00400441705712654,2.9734711333288e-05,0.00843406959251633,0.277966177524968,0.105212804989073,0.105418482732763,0.0183161736141869,0.133207199479298,0.10299975795874,0.37530623101052,0.0674885450248455,0.0556203547198654,0.192863321701937,0.361041785820593,0.00680678540356648,0.894179837605382,0.0320398466223001,0.0465289132624767,0.00516906679383632,0.453047622262935,0.00350856307609974,0.00219798090057419,0.0252721967747328,0.039949706387871,0.444919997001677,0.270003817715754,0.912185211880385,0.321420278679069,84.1417724880354,0.0312173973239218,5.86216323847439,0.0173843090990935,0.0938039222905309,0.043114208184732,0.00851650371248604,0.0024970255995438,0.0665330913154582,0.0215753114682196,6.66490872557927e-05,8.50450997563842e-07,6.56474675341544e-05,0.000168840644573013,0.000125201759522372,2.66856113947953e-28,6.9871672282461e-29,4.93937613549783e-29
4.02331576635424,0.0710398295308692,0.0301262407230752,0.00435059446267945,0.0225587898435162,0.0842609023245162,0.00696065335022707,0.00581743604802802,0.00521863546151054,0.0179541970876847,0.0024059906057407,0.00610865432614644,0.0753060333286398,0.000413410687074174,0.0109175656037729,0.000839223178378217,0.0255679716650969,0.00581909267743474,0.179310635699435,0.0880959004763456,0.00317773277450709,0.0352432864996809,0.0168178700215002,0.0213902279496016,0.12651964709649,0.0121140352345466,0.0866586196084217,0.00506944317288801,0.467453292425476,0.00328923231901338,0.277569982452274,0.00378719455725005,0.0323740785999698,1.78895305261505e-05,0.165128744779964,1.20081211737323,0.0069773610811743,0.00740093378197755,6.08579904717385,1.8729739301865,0.00232989743976986,9.64839304693036,8.568976574392,0.132997290037617,2.50892296989295,7.32474980967949,14.9163215384736,3.00176992834295,16.1688537197253,21.6320570550767,0.745615488956657,0.252050490999317,3.2802189672552e-26,1.14354810010494e-26,3.4738786559462e-27
0.040228878678773,7.98902022282323,0.17275594419282,0.0103279754893072,0.774547979147757,4.23954787407519,3.03224990043763,0.377425861636438,0.222949605865653,0.128292559573421,0.177918516920471,0.518023017145238,0.0229522045395617,0.634519037647471,0.235582580861568,0.0014888146729036,0.564146836828921,2.82188070036486,1.05380646489846,0.548205488681769,10.0733082398504,2.28581567161151,0.133176757824863,1.1015249657631,0.848139165177679,3.69563088943952,1.21611923827956,1.71535076775454,0.00935300093565146,0.166116036616455,0.00508933042898707,0.0143107877722938,10.2451034846429,8.73765036122818,28.0106794032162,6.77179655519985,1.1636045056104,0.0246279846790829,0.0819707705501118,0.0791723055252629,0.0267257884449216,0.000108852879265897,0.0029501297398785,5.15908119716817e-06,0.0206515523507006,0.000796460817358479,0.00129714295999836,0.00216727896280698,5.84529147991936e-05,0.00055630933172911,0.000264408029682671,7.77789966951764e-06,2.65162948043097e-29,1.13704128758131e-29,2.72457954536889e-30
0.0251507579045999,7.15039222484428,4.5069795304832,0.000490559802046472,0.502311322738879,3.81812196349793,0.229877696445244,0.0079014597350397,0.0438105892657799,0.172170388291427,0.196445100810698,0.437838767437494,2.49889418642781,2.33918449306806,0.094934144072553,0.00303000495733994,0.750317812421126,0.836937357629241,0.0434354594471753,0.000860518930768365,0.351289821260313,0.144231180889887,2.04518265753597,11.896007330164,0.92315768390787,0.0256584034282179,0.378898224401273,1.73395581974214,0.0017628121667808,0.211956009686161,0.00187763503886886,0.0572724945286895,0.136146820218363,0.0747538801443675,0.0864012066707828,8.70460967845216e-05,0.00223532913919704,0.0078347430738797,1.34484728143871,0.00207721276065994,55.8023033377976,1.10181987680425,1.36971801344584e-07,0.00304361400289235,0.000324340733030314,0.00110357489500829,0.000173956908515986,0.00465034587993187,5.41827576742379e-07,0.000324407233779879,3.92777848722756e-05,0.00149865865720195,4.40226667906395e-29,1.10095443275508e-28,3.89156838181883e-30
3.72607605340312,0.042648568092622,0.0311196408870223,0.0171764621476033,0.0173676409394755,0.000191035311117545,0.0203548589932353,7.90088157080119e-06,0.0058857931570291,0.00663469460253097,0.161168886232509,0.103041681877446,0.000706021613576873,0.0701826704895156,0.00761953704669651,0.000564464453667991,0.220905770342964,0.028858103792792,0.0233620390382421,0.31483809895705,0.0591007794438918,0.558052522947077,13.1538886920393,1.2692565543999,0.990116904310456,0.0376486240506866,3.18596341118673,0.641480146299686,0.289232950563766,1.05931737208343,67.089257799654,5.20900189390913,0.130915841497812,3.19301525143509e-05,0.0259936847856705,0.00957707849632099,0.0462018575519911,0.556646501284995,0.447243376488354,0.00853645972912374,0.0073644581398719,0.11956709417602,0.000658963021374508,0.00633222110372389,0.0158553507429332,0.000343615030409501,0.0034364643289127,2.42480751124234e-05,1.43619694497691e-05,0.00174105129895834,0.026935344550356,6.00330306031065e-11,0.249094081823026,0.000159955726564664,0.00229848681863971
0.000375182913007252,0.676131209937998,2.57733265018305,2.93163539198579,0.132609816860841,18.9538332162173,8.49272248386229,0.0218189653730331,0.370137608846499,1.31157337376778,5.14322942801295,9.2454543799524,7.20403411449657,9.07871836965459,3.55941772777655,0.0137710871333967,4.02105830778757,0.0663557332725611,4.67677394885459,12.5434052413721,0.193097578369994,2.30261798651286,0.138221495683665,0.585861703084438,1.08396868690976,0.00108162406768445,1.69868783741567,0.0336502186736412,0.00294249139202555,0.108524241212947,0.00262379353867987,0.00345836691565456,0.024222957059516,0.0082465279366193,0.0174149615966924,0.00113997067471206,0.00048764214386946,0.00506767724250915,0.0391026565530216,0.00510396284219807,2.64746136630798,0.0743132865229882,0.00155794871229118,0.000252522488824165,0.000104008894193639,4.10438724631713e-06,3.72040435784024e-07,0.000289861154901407,6.52801851139467e-06,9.11623026048529e-06,7.79797470573405e-07,8.94873579813644e-05,3.27347842947175e-30,7.45967629536258e-30,3.44732085477867e-32
0.0445475405810048,8.27550976733294,0.436495229864382,0.0292021859569009,0.16694128309767,2.890939417798,2.11657492233472,0.284700482534989,0.00155788617585859,0.315808735786278,0.0111236224235307,0.490146051125021,0.599186384804122,0.770725355936671,0.201261219384823,0.00703982836860141,0.0590467305464928,0.384972862142426,0.0130078822239352,1.62918527475911,1.87842582914792,1.16524828097928,2.88766608563624,2.51865011600886,0.594486370707776,28.5831237470216,9.17683130042365,2.71600854489895,0.638867558409854,4.06914088715661,0.358397481556743,3.6611222870621,0.000654199752330093,12.3449595385419,7.19354997163188,3.16942815323132,0.0854804427760363,0.0228525115594909,0.140991188054195,0.0426035652389008,0.00221830793436413,0.000610513705703696,0.0025869904555419,0.00467573893694794,0.00276282921551673,0.00662945598164538,6.32042371361894e-05,0.00267257984257047,0.0012732110257097,8.56853632776909e-06,3.41773059333692e-05,3.69984948321631e-06,1.07475235113035e-29,5.73115870694855e-31,2.37193630484981e-30
3.97602005405457,0.153857039992979,0.0674669478764211,0.00216410116141865,0.0142145639932533,0.126849145102028,6.94820754243257e-05,0.00418549032985524,0.0228596600445143,0.000101077649951136,5.66419291152778e-05,0.0168093231819532,0.137171932917398,0.0372943646096449,0.0396213518027494,0.00299403790429023,0.0279247767953685,0.0334474505528111,0.171604420494193,0.054412176951313,0.0014735811216629,0.0946362496465649,0.0111754576693541,0.00450974723224124,0.106988694528502,0.138912206805744,0.033833352625154,0.0410068734978977,0.66325462700373,0.0807114173928833,0.454619591138058,0.143645407691288,0.257151574379366,0.0144556059756569,1.92443367292395,4.00256540357538,0.0292629089492274,2.23564148088421,1.36982458435953,3.40038448059649,0.101272001064883,0.641051079513559,2.60036963037774,0.331771219704253,0.6751507729093,0.10673957213715,0.241442861458163,0.231081424153925,0.0212566370151942,2.28899946194543,72.8629849998764,0.000269382427889041,1.79552023452595e-27,2.43387472821557e-27,3.96495153262959e-28
3.38628399999009,0.00499276943693193,0.0313928680895679,2.70743466288132e-06,0.0498868014275228,1.41283712761117,0.10594668311277,0.0169577318650206,0.275043704984555,0.036863497653825,0.00249594317105159,0.878427237720773,0.294589728004587,0.0362163474289287,1.04953884781782,2.98927361995205e-05,1.43143411626311,1.06721480989362,1.54249603871464,0.0248017090333494,0.160788863024102,0.570378735120307,3.59852636246216,0.449880430584899,36.13915147706,3.95196224771622,32.381614292837,4.3526602544668,0.25143743472619,3.57372407999669,0.341413410903236,0.144341145468621,0.000596574250523557,0.243203604059542,0.000654584617376833,0.0462439448266361,0.0304968175937963,0.856209774146662,0.0468956893130297,0.605453248247975,0.00490034321155839,0.0201193497096245,0.145695869915926,0.0965610307149119,0.0200437287532814,0.042375608523834,0.0526510787722191,0.0314632628389693,1.42722104913306e-07,0.00649203020806461,0.000185543132945605,0.186426477684598,6.88975621303098e-28,2.46126065120086e-28,5.8338257223338e-30
3.92196007538897,0.180915694645832,0.166941687997971,0.0073353333456547,0.0109586363291045,0.190199053028558,0.00348663632452812,0.00134477151081415,0.0466157206983323,0.000907208565710007,0.00348318725564642,0.0117986085013496,0.197674791246349,0.0843826168453821,0.152392622130833,4.62852834290697e-05,0.0519602483346054,0.0745968614519351,0.399223213357151,0.0510471923858482,0.0260073370762813,0.160823523058895,0.216412565759128,0.0145263183059298,0.777124468649486,0.0834629584916368,0.0368017776439283,0.00792797056407814,0.103539103078027,0.0234251722065851,0.0435965620710889,0.0110207969670592,0.507457104242918,0.00890526791000847,4.90023271261637,9.26312865971302,0.21128221025451,0.871452440268065,14.5246292248348,60.3919077040851,0.21272045493284,0.0581707291054942,1.53586677045208,0.0446934114390207,0.00985247496972648,0.0404196662742891,0.247334303986542,0.0318721482568544,0.0164070282810577,0.0021057552664582,0.059596157541382,2.67770693299956e-05,6.0649881045598e-29,1.12664198109646e-28,6.56646690282119e-30
3.97481241872851,0.155350583463266,0.0697970315936647,0.00222369372590836,0.013859262468465,0.130504274673185,0.000100007194640247,0.00410449592139013,0.0240447814129525,5.21130327987318e-05,1.66083078421697e-05,0.0161366229564511,0.14103792185068,0.0396366839479742,0.0407168957787821,0.00332960862477333,0.0295475687464175,0.0357769568157553,0.176746188933852,0.0528904398236165,0.000812185027659666,0.0943247353383899,0.0136589220803521,0.00474121119979509,0.124101083763801,0.135867392808253,0.0292141953260654,0.0389746841143939,0.635041498468287,0.0724017041799277,0.425148305041413,0.134343459595709,0.254672851133017,0.0136999578178915,1.94308748611608,4.15789386947057,0.0245272873275653,1.97299358278952,1.17456231660308,2.41777510571455,0.090141700989233,0.63386327444416,2.43287373147744,0.218960703888504,0.522533983335256,0.0840131137291176,0.543530836912595,0.0243227273989685,0.00110119000635083,0.27556498329754,7.28563874225568,0.000312249032967818,13.2026685990124,26.9619051801346,29.1440429921679
4.02503472892161,0.0768434277528937,0.0329875725690697,0.00157771119245404,0.0200186171255174,0.0701581327181769,0.00312380627010199,0.00322917732096132,0.00462245551578289,0.0111761218533955,0.00194313985998761,0.01441256336309,0.0545848706332897,4.96183146451849e-07,0.0140976906706666,9.36048143619455e-05,0.0157655892254696,0.00400476315057206,0.168097631646131,0.0557191423340694,0.00476906093737212,0.0451821466116982,0.0209716486694042,0.0108022394467802,0.10155062404392,0.0263595219796009,0.0395818082809153,0.0296352588547592,0.463791152470783,0.012156003844963,0.241331983124697,0.0136944933305731,0.00501510422994698,0.0168860876902895,0.144476659258622,0.229203283640226,0.000877579451248813,0.152114101397537,3.59394390785289,1.35254787946865,0.00450931586723864,6.27336644258718,1.23242530137845,0.0335154121989991,12.7557387077434,0.0126177442153657,11.0517062570384,39.5075899632693,13.6949953373078,4.05195408096274,0.242768196854027,0.0564314528715529,2.03300424615274e-30,3.57530838582261e-30,3.97621026397282e-29
4.04900572248772,0.0238124260994008,0.00736452962313856,0.00881733155613713,0.00166968080906913,0.00769786873126643,0.00804931315769617,0.00263331649388809,0.0100575670643687,0.0234698605251738,0.0316737089072024,0.0301760741339303,0.010126595295837,0.0181717071934287,0.000911750194641401,0.00154317965841578,0.011109169129313,0.0722623583680012,0.0217278462681904,4.42172452837251e-07,0.0540202924098153,0.00143274863153949,0.334342934223393,0.0394181641070401,0.0057384243062742,0.0123730427945781,0.0794945608775912,0.0225339761486952,0.00961685353688731,0.012414373507145,0.120569696453646,0.000585189549422832,0.00122518006050594,0.196689962339521,0.184585497743014,0.174436832114337,0.0685648284731265,1.27215215032816,24.0298323875128,8.96012963746361,2.34867209264639,23.8704679834597,3.88754827195202,19.517784573357,2.11086137367685,5.0652699235296,1.04188578499185,1.68774165975185,0.0563689024137542,0.485179525770509,0.00283248607132109,0.00495024192864494,1.75577189993545e-28,1.30945060254482e-27,1.29388511366002e-28
3.37978344081004,0.0531853823480585,0.00971422043665636,0.0419005642990416,0.0280408590519335,0.0013627909978715,0.0837326599279772,0.00326919474565176,0.0277437757500921,0.27760059196669,0.0558235424325045,0.0110004856953029,0.226575449791688,0.914932861948142,0.00370529784739492,0.00436143809757039,0.173496467134658,2.23127957724127,3.58931141977277,1.19861839086561,0.513408142487678,0.0250255862589321,32.5586726831795,10.7041189242212,18.7638689846258,6.56168445048385,6.36805809000894,0.0172177546722049,7.44754207366143,0.0340287895510888,3.33551719551412,0.56312192177341,0.627383737563962,0.089121478901632,0.0146290407210819,6.22005486291146e-05,0.000132944924268386,0.030877722670787,0.000108379207157195,0.0103100114856463,0.00307539430439647,5.85805557604536e-05,0.000626657444571059,0.00645178060298506,0.000118897869781432,7.49526035528385e-06,0.000136060051366856,1.48213483635509e-07,8.58348492666776e-05,5.80200739933572e-05,0.00104157977325237,6.64679473525031e-07,0.00258506134216569,0.00315984100876959,0.00226546034816903
2.73545853257922,0.0692020634445064,0.0104307152720587,0.00296465579980974,0.159519726069806,0.0397396072813244,0.242023102037599,0.755755591559731,0.34368724485568,1.05920561756702,0.0707524981675463,0.842135833441466,0.0211425646933142,1.4119000331811,3.49176483052774,0.784600059191676,1.13279957527377,4.99208019052966,36.0421561294087,15.0834732047695,9.73601263257643,4.67082787318855,2.13222741918701,2.81026206430897,3.20138045338,1.4256715762896,6.53254648960255e-05,2.85380244542393,0.214545354644817,3.30205881698209,0.276871453558501,0.000604565290588166,0.0279441953522333,0.00379852714868886,9.79898089473889e-05,2.01930486828556e-05,0.00066647301690722,0.0078539604216764,0.0154536051298492,0.00348534177023459,2.97306747856189e-05,0.00528215279160905,0.000962941326549398,0.0145700433836628,0.000867275864069015,0.00279593343355666,0.000916979322251494,3.35702745040875e-05,1.72944676975712e-05,1.62145205857198e-05,6.37205172784967e-05,2.10177973526931e-06,1.33287446856816e-30,3.4131842049572e-30,8.93827096455654e-31
0.294760384570307,5.07296838508457,7.26050821859089,1.58830293581397,0.346663661295455,0.0439837403584179,0.813582356054945,0.412973009747661,0.344788883728524,0.798764661281391,1.02455534081851,1.05489506047642,1.53031012168007,4.80554320737356,0.428412968323114,0.6186537226091,3.28313074428548,0.471212245596124,0.265305646258294,2.74941923278051,0.0679700241511911,0.0457485940306126,0.145387884655866,0.0697761057225096,0.539887741645806,0.519727544002112,0.303589812746386,1.55565205207664,0.0448103109980034,2.65369329623724,0.00129646542111931,0.0106197484363678,36.7739633169333,15.4826956943852,0.15561413757096,0.433410726592704,7.22709550981705,0.573849786229785,0.0387976287751505,0.0746035840636333,0.00812025219928192,0.00060585369969677,0.0282336340764493,0.000252455638760434,0.0184112067323612,0.0136134704418056,0.00155749256313402,0.00147991713600746,0.00031134776120954,0.00036744693423626,2.09364175292864e-05,0.000101495180593049,9.96626628852431e-33,1.64423447815618e-31,6.33304634471612e-31
3.94674895417259,0.178829827795671,0.0838196036514357,0.00206943183072394,0.021194536193323,0.184757736174567,0.000118327771062577,0.00958312098439566,0.0420000869486161,0.000783604358418118,0.000293062988824436,0.0150870998766145,0.21845798788751,0.0731249596907599,0.0663559498093833,0.00345965214079582,0.046174278761023,0.0599632973355484,0.218383481679628,0.063716890016151,0.00111287683775953,0.139445452366646,0.0751790456663386,0.0109242559194467,0.235259021411693,0.265764205968462,0.111809565421237,0.0373768134506878,1.43785944737138,0.138472881062282,0.63576266242182,0.179409604822579,0.316793949759263,0.0145102394152756,2.08423853526003,4.29385109650138,0.0296425540505263,2.30960093461822,1.15618047110202,2.78137217369377,0.0900345056119414,0.685257997007855,2.74278263201173,0.252811907724621,0.595647666469818,0.100199770913048,0.620195770566531,0.026701911369388,0.00127071434628031,0.312430785197032,8.29673000084001,0.000368203072329353,20.9074168539613,25.5561104431031,18.3225531606171
4.04026646127456,0.0212076861860229,0.0152020361841319,0.00229096213506389,0.0172423944019445,0.00111369517021562,1.91486497746675e-05,0.0200427395352783,0.00449502686864547,0.0769124966881392,0.0192496032247475,0.0015215460047577,0.00539362550559769,0.0424456004060615,0.00128841563882144,0.000238399643639926,0.010314578630949,0.0413505292791238,0.157525668904352,0.0268009096417887,0.070381995457921,0.0106372953924807,0.2616480497541,0.220960005058795,0.00104568465041821,0.198959657204317,0.601963685377925,0.012960091119511,0.156153588601561,0.0514978066856996,0.0178624902730505,0.00319893766405298,0.132243194038871,0.142065818720022,3.88240478305007,9.6722793340823,0.000259644007478023,0.0174144713855679,0.0788397888068986,0.584620784813867,0.00271215533719433,0.838955633307102,0.831641856803603,0.121183973394202,0.195710865827517,35.2653281883583,34.4151916834717,6.71125458740152,0.168715644576977,0.824713625394216,0.00134718708239557,0.000925968926765859,3.44070808949861e-27,1.83592281214251e-27,2.25681674589511e-28
4.02405904490989,0.0710688756724976,0.0286897979646096,0.00384033952310883,0.02093419138465,0.0851457198317813,0.00693351467512953,0.00489608661988143,0.00512048961799032,0.0185527056925662,0.0024594223556643,0.005060825065336,0.0775018422086416,0.000440754828378099,0.00996990431366,0.00107589086531922,0.0263120624503207,0.00594599323441076,0.171813740182501,0.0885392681032056,0.00375092478808043,0.0292587655265978,0.0115916077881875,0.02636533006006,0.115644145974484,0.0125087499643088,0.0841628467095731,0.00634763226577877,0.462995521947002,0.00107713652436831,0.287209806422235,0.00909080523289558,0.000251284134122659,0.00386468507906618,0.114457135280985,1.20500597139292,0.0180399868164161,0.04022157259712,6.61800784635523,1.73403510223759,0.00428162701782599,8.2180606868799,4.1448241933446,0.216970862536392,1.67449214617639,0.741546661539099,0.487527559205964,16.8384542274096,14.5732178302355,36.3139806679426,1.31005416019652,0.0343420509191019,4.90072877407683e-26,1.55735021169382e-26,1.08452081601908e-26
3.99395713800474,0.112624460279396,0.0503779932997664,4.41911829911857e-06,0.0137617471287563,0.150800562351359,0.0110415425564659,0.000467669960908596,0.0154559439541372,0.00811685842345147,0.000135411280289951,0.00146296369751529,0.197087447817445,0.00774907229415645,0.0327011343889647,0.00786886691122757,0.0262395047961277,0.0598266432743344,0.145811806012335,0.0798226455155204,0.011168842555477,0.0694716613027005,0.0238681546449347,0.00297852345374119,0.253857459230854,0.0273583499221136,2.47101996688159e-06,0.00212736499060285,0.573779322974391,0.0392169978333698,0.485236599949747,0.0767442819939032,0.221743742367207,8.08578740226775e-06,0.762104980204303,0.607709487325166,0.120071797538101,0.43840132521368,6.64936914344433,0.229971005033661,0.103083175528395,0.38616582213564,8.37254323105518,0.155725247588272,70.6302711729664,0.41536184076768,1.9495277852681,2.43801653262785,0.00379253457179164,0.0187629637687421,0.0135159741760589,0.00273029169512898,1.18514277098535e-28,1.04809380288243e-29,1.20744693213993e-28
4.05225237170655,0.0202506927527896,0.00683781465968408,0.00512447312437162,0.00741749581123702,0.00726855664669103,0.00567596159258127,0.00497808932803173,0.01109018566019,0.0241028758999335,0.0256176077788053,0.0434804167805829,0.00643188480707993,0.0253210616461125,0.0042731018966416,0.000395237054833877,0.0140837074571604,0.0785329169966251,0.084083321870046,0.0012419181218706,0.0532893204306532,0.0052424167746456,0.196878496860913,0.0137864897070822,0.0146389635288466,0.0173948986299296,0.111904050215177,0.022641716874249,0.0268701195385146,0.0599731512777485,0.0509981124330319,0.000329777833689247,0.011727573874662,0.0875366367933939,0.232550326144835,0.0465226825395833,0.0287241703166518,0.82394063058521,15.8283527139855,3.23663736577117,0.775965066675946,3.92712653081505,10.134034808457,47.9443371228359,0.0658348843825555,2.54723106505243,1.15057011135812,0.226469560552227,1.98579456029109,0.490085388465854,0.066502830588438,0.000154614049643677,0.0404326042499993,2.55196041623621,2.79510113028238
4.04506951970223,0.038625096327063,0.0191945994486155,0.000590723432668835,0.016032296650295,0.0130839852403982,6.07715855294558e-06,0.00784480520149757,8.53340752798664e-05,0.0359459921351756,0.0110585930038199,0.00602664523519269,0.0166647002725297,0.00972123639452119,0.00380370963236243,0.000126534699207393,0.00906933784687179,0.0112734653651563,0.137330832300267,0.0268624465172946,0.0292620781264398,0.0133843923722513,0.109849257651678,0.105204797841806,0.0293056155172301,0.069927075258786,0.246501311224722,0.0250887246594954,0.263284694209047,0.0164341540087943,0.0577927380496991,0.00207014747220659,0.0257951648664089,0.0704026484588902,1.23589585527112,3.23607713895559,0.000229601121151812,0.102432922600518,0.000387655891379803,0.247747979425133,0.0325397967803364,0.418804989159069,3.38961134495147,2.59286485525483,0.0272658582313892,9.35789748545675,14.9016924385588,11.6091930047141,1.55679259869334,4.155534901213,0.0236161428562324,41.6386967005093,1.24510590832004e-25,2.821793478541e-26,2.00541736139549e-27
4.03319708950839,0.0445653889248267,0.0261595836484726,0.00372095961519725,0.025795893709226,0.0293742167485136,0.000340820704340855,0.0101395087883237,0.000304343885066345,0.040343094724541,0.00591253978904014,0.00183772405560058,0.0424587062762047,0.00576721755609202,0.0111959908591848,3.34727720935041e-05,0.0303729306673429,0.00109777720036371,0.189604692006231,0.0299850890277802,0.0254510491520505,0.0476482001749815,0.0740783372629897,0.123605588049769,0.0892285722250471,0.0865506858992457,0.355394245538563,0.0138083779508142,0.414675877004512,0.0176738547795199,0.166025866411634,0.00296355132640321,0.0665622139751233,0.0265362349640676,2.1793530240521,7.03955330502599,9.85064881907682e-05,0.0175271861292931,1.01766841901106,1.00517056036586,0.190665622068423,5.59511210694114,5.00884069461735,0.0816189908570011,5.13897824468572e-07,12.1211547917049,1.81900283323117,4.50535784612723,12.6577604668602,8.79148654682747,0.281160029943298,0.0314836876385708,0.237264221682838,14.9752634824093,16.4020474689392
0.0292366705385877,1.80431292990762,1.4570063857982,11.3503580369305,0.987922784122232,4.85127191454243,10.67131750561,0.335218580136592,0.428332216930446,0.0158628754642985,5.4016215980174,0.500858913307008,0.0551238769128177,2.48280645268137,5.02744732119699,2.18298178527103,0.461839654290113,2.25654850923108,20.2670090281342,23.5377666905376,0.845530324490066,2.97635775442786,0.420696136783566,0.625243064866569,0.241844486036025,0.262179586110339,0.00116933995843142,0.0462471048335338,0.356321261361848,0.054086907063232,0.000437650498497616,0.00833345837793131,0.00456170672702465,0.00494114130354609,0.0090654298673697,0.0292971336402295,0.00131123237724603,0.00169880168491634,8.20180671072907e-05,0.00489274578806443,0.000544544521200845,0.000128285835867646,2.52213062700285e-05,7.27665093350065e-05,1.20558409378251e-05,4.28066388491795e-05,8.88591112218123e-06,1.67279380560719e-05,9.7696270772436e-07,1.26307964627546e-09,6.64785665041009e-06,6.55920553794538e-08,7.49603302553327e-31,3.08148791101957e-31,0
4.02780034752233,0.0738004430297215,0.0474765510439696,0.00418929454023262,0.0130691153984901,0.00803891735816521,0.00270642803181105,7.82333343602305e-05,0.000179576510269111,0.0184204080703564,0.00371300251587841,0.0162265943164079,0.0310881173144985,0.00190458527020561,0.023446551914821,6.45127024174594e-05,0.00937497160994407,0.0175249368007296,0.0993124320052843,4.28239541820407e-06,0.0354432261690646,0.0457745109954987,0.185475800131454,0.00455834994071682,0.0185315153960915,0.0865956580319401,0.00247442361326389,0.0143616628644749,0.250410904420357,0.0001845602011941,0.141176629244789,0.0106000709871613,0.00344820342944102,0.00588826209134446,0.0179101654463061,0.529551384296201,0.129864934059798,0.264092596671762,7.14409610091813,1.34157830964586,0.0944241763283624,25.7862934986266,38.8780476039023,15.919132297675,3.40146754296766,0.0514207953584094,0.0270175976887605,0.0349724106974069,0.00988319091330868,0.104930753465453,0.000484842648262432,1.06148871948838,3.95345775613745e-27,1.85828917825447e-27,3.27709017099644e-29
4.04553885529912,0.0365431424391844,0.0192538994093855,0.000496319738888227,0.0193108087109762,0.00930853255046556,8.01693628589808e-05,0.00845769315068299,0.000339958508650807,0.0352267465656664,0.0102570440113274,0.00834425009408505,0.015010427198477,0.0100664677354344,0.00884975677656527,9.82536950592958e-05,0.0078773760408196,0.0111139413775505,0.154655264920943,0.0176821443716779,0.0325880245090541,0.0309081839569686,0.104048225296792,0.0803121954505149,0.0310555880386897,0.0609980957675829,0.27054560778155,0.0161918150453399,0.254131905538296,0.0274873394443101,0.0495542627086199,0.00110581839451958,0.0459821898048551,0.040771781372475,1.40852325646516,3.29956601890179,0.00320282705041307,0.029467685684681,0.201436752079839,0.0339006925858735,0.0026752646573056,1.20151676689013,0.428367705793007,3.32148547229998,0.0055541551531558,3.99843624072394,1.61063092237696,1.86179987635567,8.59916992180466,5.31380683436074,0.203438132696129,0.0148987128531088,0.472793162891121,29.8410023085627,32.6841352047463
0.235350114924951,5.93763198627319,6.02312742907821,0.319792451430592,0.034917093442795,0.277406933486989,0.914309420786005,0.810625819225331,1.01760469021739,0.315493218434598,0.604007951769716,0.0593593622379138,0.195060352577083,4.999673801661,0.000120592265008352,0.581288865560328,1.90661325423797,2.31021789046471,2.13010510375384,0.048058977338177,1.2374153019948,2.66785572050979,0.0874362202492347,0.328697298014943,1.24710853324745,9.96040199965453,8.22598724847425,0.0579165481018972,0.210957782702117,1.76470949402612,0.185338121996838,0.2195828399652,0.331689786770421,23.835350015819,12.4784736081025,7.95013131905175,0.00382615769243336,0.137584182368075,0.158085156384864,0.0419033959549051,0.0140848456142226,0.0507273298769402,0.0120642227308116,0.000880880104973646,1.17083520255824e-05,0.00992256935921471,0.0176251631740673,0.0421490505219252,0.000965694307860887,0.000320759982002935,2.42908629110819e-05,7.44486605398082e-06,1.14427322086445e-29,1.40400292945829e-29,4.93038065763132e-30
4.04700642840452,0.0210380243408507,0.0134872488530272,0.000250443168834943,0.0185022054452481,5.24283148875717e-05,0.0014057681370765,0.0121914993430426,0.00408470753713028,0.056761003474688,0.0178788357444147,0.00469796987211551,0.00475239277526687,0.0216850247371878,0.00620847176834526,0.000191742163083665,0.00539711481459704,0.0393175742787817,0.149259742083612,0.00658307308340894,0.0539965452455536,0.0244358555831081,0.159876598866715,0.141645642451491,0.0118490726075643,0.0753767421480269,0.41297309639129,0.00977694097585736,0.164929663634885,0.0288926242144689,0.0180399944170546,0.000635276675312969,0.0880352110294711,0.0332317866954473,2.58356276156499,7.17319726416719,0.00788355063749869,0.00174843069722919,2.12791815362964,0.198677023595479,0.0270781713315287,8.66864587290711,2.07452965261311,5.26573097852712,3.85017932631106,14.2297532521558,1.28018672071725,3.55356376291661,30.3138575584763,12.5539935258793,0.430930840013035,0.00411640458334037,2.26137959178704e-28,1.63089673620655e-27,5.61515708642036e-28
0.00477247974728428,3.3802893586604,6.55213601235519,0.0794219632677957,2.63805012162922,6.13551629905946,3.21725708315399,0.34349338198347,0.0113280497255387,1.06284005861308,0.274244594078384,3.1549316813894,3.62814904787473,1.05868477257289,0.996736528628054,0.022474595664339,7.6036051958247,4.10380444861173,0.0104112429871957,7.51117343088259,10.0031504526094,2.06497010723045,2.65511190155652,26.9085288800213,1.80184301634299,0.076922873356294,0.248739105421451,3.16923716327052,0.00182354912209988,0.315077663810257,0.000124128604867242,0.0394563750120504,0.0886793680444424,0.0625778131845897,0.0756141200360781,0.00276188084829648,0.000676099588432984,0.000147057957354262,0.100647325099251,0.00841098852402027,0.557221038389626,0.00313486817316302,0.0184999170128871,0.0070137968847952,9.41181333209053e-06,9.16894086370789e-05,5.96820264756718e-05,0.000106758718895455,5.03361980388446e-06,1.54977347269056e-05,5.58674772577352e-06,1.65031197528111e-05,3.25482160601443e-30,3.77482269099898e-30,3.08148791101958e-31
3.96541152387489,0.163646575182282,0.0722530662027231,0.00174778962216606,0.0176411841504408,0.145656749850416,3.04579354578906e-06,0.00462531593298567,0.025418227987251,0.000161101184434421,0.000423101985376123,0.0131345333513417,0.159433514925197,0.0377840414677109,0.0433659004716911,0.00355511816970721,0.0445802207351456,0.0444390235742515,0.189809270117988,0.043567775913151,0.00204706645948734,0.138009733633315,0.0102137422182543,9.44892799868776e-06,0.0969242851053589,0.161856900674694,0.00494741911672866,0.0669153965379293,0.656815110656607,0.0488889562040223,1.435451969884,0.28043681970462,0.262054691484248,0.0152726521780844,2.20804145073294,4.68774375502787,0.0232568813446453,2.07654660197397,1.22340963898538,2.69179978318801,0.0977062473325256,0.674961744896684,2.72229903918848,0.250394076808505,0.573938246652053,0.0934851390860767,0.603705467384927,0.0271680711034049,0.00125113292886674,0.306073939647783,8.11005658440813,0.000350051803180511,64.8314546193659,0.0416315086733185,0.598224746189362
0.0494110505113163,7.94738727747777,0.218829946100899,0.00612239355533069,0.55141873403074,4.1096746116922,3.04461684613405,0.485131474972141,0.525831374614387,0.0326805384755584,0.0795183445417369,0.178430511851304,0.0532256582400003,0.711068014331113,0.289343293087609,0.0211174075983798,0.495383716254336,2.70566860718889,1.00342279522482,0.354879122151715,10.5918149249789,1.33913035076158,0.895172582261836,4.27803933208639,0.710440002480693,4.39597676887033,1.08757353590574,0.891133364857748,0.000573955068338271,0.0521510276868831,0.321018302439977,0.226954784864929,10.5303160197723,32.9439581601922,6.94933973771813,0.913347604838966,0.88329719963754,0.0735366759472485,0.0130252766487883,0.0222671762161051,0.00309716737433572,0.00845983429437637,6.21402994721863e-06,0.00153736788846708,0.000454897693994545,0.00125033713458441,0.000599575278331345,7.6386312924218e-06,0.00108133785945337,0.00119321907853538,5.80557712388991e-05,2.58536964543865e-05,3.15900659128116e-29,1.06359481178785e-29,1.23259516440783e-30
0.0709449550268694,0.577303273228906,8.97283528672642,4.34782855824755,0.833729599050935,0.149064396863242,1.87770365418176,3.24621312552264,0.205616121437717,4.9485522205336,1.31186320662282,1.01877964947665,1.06399920043513,7.79533551090865,0.162584459064736,59.6675542072753,0.287617042616599,0.0158621754150195,1.07161323984741,0.520091978986232,0.00442423376571681,1.02724961352965,0.13659445290963,0.124164956163939,0.0124159335515841,0.186225254626643,0.107971445780148,0.0859000248346789,0.000374251826406276,0.0793356006845787,0.0197731508517173,0.00138736728470979,0.000908864964172344,0.00616155679011063,0.0332334539113585,0.00060214272850736,0.00199699686048397,0.00679454231464406,0.000306764213761626,0.0174488218901781,0.00109143980309852,0.000108274082492693,5.95396833914554e-05,5.52598943197773e-05,0.000200624779386252,1.51605003930905e-05,5.10156976958556e-05,2.60495256550936e-05,7.02730616650771e-07,4.31612616804019e-06,2.63107418260482e-05,1.54841451217413e-08,1.20370621524202e-33,1.92592994438723e-30,6.93334779979404e-31
0.000133175285842978,0.0259404559221221,0.023784134231883,0.402335306846886,0.0239826460801802,3.76359729898523,11.8130047800048,26.7800735999903,3.07789575483238,5.09131093661242,26.0337875169147,0.0412695958177218,7.44135871699299,10.5160475273681,1.5208896923951,1.87780694699895,0.228308068778592,0.00829487463513176,0.0983722026857557,0.144190805612582,0.525008753844597,0.00758541335194894,0.00536752107985942,0.0111576223479799,0.13540425437208,0.115231143510639,0.00223988899355274,0.0496476941585899,0.190626604218698,0.000752135662773065,0.0181249629607955,0.000721606892144589,0.0217942619121035,0.000609275094757876,0.0007735496880692,0.000166532953398964,0.000348499909736566,0.000306302780475323,2.69482816390266e-05,0.000543102775934672,0.000747575046280763,0.000177136224386631,6.35688693370115e-08,0.000178459714303373,1.68484298928098e-06,6.18334504854531e-05,5.96584253813752e-06,6.85810280508924e-06,3.05495775753647e-07,8.03775027549068e-10,2.93664078074655e-09,2.18959860093367e-09,5.30834440921732e-31,6.24001301981463e-30,3.77482269099898e-30
0.725278942695091,0.247945985051115,0.0977065164251283,1.43344857258301,0.562399550425844,1.48213989243355,2.94069525438495,0.467994117728444,0.925019299965005,20.4319925803155,11.0591118616683,32.7473821193186,9.88151475737895,0.0320540031918137,11.2823528060854,1.50370407014898,1.03580675297328,0.992371667300616,0.306070249508912,1.47364038908516,0.0657282000282999,0.053455457701182,0.163621928962207,0.0186747109253193,2.46213581157544e-05,0.00899193842516419,0.015024169523125,0.0300795521114453,0.00200380559428566,0.00010985698896466,0.00319761645142706,0.00566286049021902,3.43277689295671e-05,0.000849129437445928,0.00180661663478259,0.000840480032145008,4.12039709930472e-05,4.99078598185706e-05,0.000394401019052244,0.000638996210465795,1.22283677791292e-06,5.22182202806318e-05,7.8464729628273e-05,4.68480572504155e-08,5.08273632175746e-06,1.88846064752183e-06,1.5193832785272e-06,3.154946763846e-07,3.75548421030303e-08,1.47681137131009e-09,4.98549974061679e-09,2.71120753306419e-08,1.92592994438723e-32,3.08148791101957e-31,0
0.995655730674135,2.30332893853648,0.674666432135679,0.394805786534204,0.365291281400868,8.710459001844,0.256158411008991,0.760099303838477,1.96152777294109,0.49011916496673,4.27814077513125,0.145387684638621,11.4271139396317,2.71270410271569,0.936358176860129,0.437455898416162,14.2560395717443,13.18618680052,0.326854946053439,0.298753344965412,0.0788993180762569,10.3053841396911,7.59342898241717,0.0476297623935873,10.0895437873994,5.98315031127203e-05,0.0335618782298157,0.000913782035281982,0.669501385374463,0.0182490962874196,5.52191243454136,0.156670261973717,0.186610621501099,0.00520205794538027,0.113882499137315,0.118500278448504,0.00326276736841094,0.0517727816155224,0.0411829626515114,0.0107815646408778,0.00209014370699722,0.0250373965187793,0.000658712986486511,0.00414525723873274,0.0012117938782591,0.000224613962457228,0.00216470628159135,0.000125678973647447,9.43263330607832e-05,0.00017910915834696,7.184720348792e-06,3.81845268761674e-06,5.0585753695546e-31,7.70371977754893e-32,2.77333911991762e-30
0.11795781721153,0.486721729169005,6.12742138015654,2.58544536996133,0.120232860015123,1.78873561874628,5.17811522546318,1.97170673014702,0.0433463305723677,4.1445287233991,26.3954831426434,0.920151984683236,17.7778886472367,4.46524010499823,0.0801857180825859,6.31239057777217,5.16609076248383,7.53863642471957,1.72516452608938,1.89345435491586,2.67105814681773,0.506691615466298,0.10876781338167,0.0536523592419678,0.124636368478416,0.426258841726859,0.0367118656856829,0.274369899330505,0.255670971872308,0.0135747781378487,0.0268484825466467,0.247583551213249,0.266329079498826,0.0691965452039315,0.00536120627916832,0.00725520414206158,0.0561310742056487,1.74589486655774e-05,0.00634380431964824,0.00366748258110922,2.5886613132727e-05,1.28524764404243e-05,1.91297955264722e-05,0.000555733631252984,5.40300731519403e-06,4.93999249960139e-05,0.000272398429808684,2.85390385781086e-05,8.59353984295566e-09,5.01503417904126e-06,1.04397890179622e-06,1.19316977708221e-08,1.67959334822892e-31,1.68144592732581e-30,3.31771525576082e-32
0.254418040008882,0.92690417528612,3.485857786052,4.0854904817931,12.7370628286362,0.312242856105458,7.13947302332399,5.84883762325584,0.845873268476729,0.428752124148846,0.0871824165244985,3.56594366211073,0.520203285317184,1.8645732067185,16.6249635678612,5.66276093952051,0.367695771375714,0.306303718154063,0.177590345531544,0.00880443454907379,1.5640060396724,0.211156960979733,0.841908671668645,0.189209809087742,0.0191251562426635,2.27427051003654,0.0695904031584677,12.0354110810516,0.532584414442854,16.2423586172627,0.0233312329964574,0.216217302897202,0.255265619316805,0.0678668981103006,0.00307481576034909,0.0152930314328301,0.00235209988951733,0.104113302295652,0.00478278453980481,0.0518990265735327,0.00140186524347034,0.00229636739705965,0.020000720575335,0.000497805118789518,0.00023936976287664,0.000792396123221707,2.3039688689577e-06,4.06556815238852e-06,6.68151793770167e-06,5.0699433157134e-07,1.19086962199893e-06,5.39469447876475e-06,1.59190146965757e-31,1.73333694994851e-31,1.92592994438723e-30
0.00671291549281795,0.860302726232908,0.00120930476401519,13.7707671509702,21.5183071216568,0.031532857267942,7.72704259460777,0.553125944180009,0.920019296602573,0.0210340903188138,1.66976174963184,0.000233377459999645,0.376139394585002,0.473713931811936,0.137206113205646,0.45374863311392,0.0219882924577884,0.141900081904579,4.22807997754228,1.21217643923525,0.0751693863984292,1.10263432809843,0.969332780607735,0.000112515481494543,0.000176203745819165,0.98803170782531,0.625104056803105,17.3274842184024,0.376075632064837,23.6417448724212,0.0904035581807635,0.180548421531904,0.260633746365334,0.0448761174954804,0.00801381049875233,0.0185383666525407,0.00356187904687998,0.106035325066446,0.00176017908842052,0.0351519595527857,0.00234110266299403,0.00250180039209985,0.0137785588274383,0.000116100729200756,3.36880396287408e-05,0.000813862488551645,3.37579586649798e-06,3.51416076880966e-06,6.03950637714602e-06,5.94269729685398e-06,6.73774407558866e-08,4.88895208292258e-06,1.32708610230433e-31,1.92592994438723e-30,3.25482160601443e-30
0.00529716871530409,0.013165375017427,3.49411363457826,16.2667784785623,7.41168498184924,0.609604138484989,3.81131936982597,1.02319193292902,0.0431731410920979,0.00173560786835247,0.203515830469216,8.08170432678719,1.71389803656902,7.52085502630079,21.0053266356602,4.35103470726629,0.101727279366473,0.339405451552443,8.97630133406669,0.463357240065584,0.49359802171386,0.943291322802762,0.346981847365437,0.00256182838427609,0.00414353079626727,0.0889736743793349,0.36038234298009,4.28701047610014,0.0412252164891481,7.81415124431495,0.00413229142864018,0.054341796330433,0.0647311834554657,0.0137856781259729,0.0043431181061885,0.0024209629806522,0.000702513791943765,0.0245021632540198,0.000127833090666712,0.00897417570653257,9.74397803077935e-05,0.000302059350073748,0.00176844275074436,9.19431872101344e-08,4.71167167255509e-05,0.000204691659848212,7.73808925408893e-07,4.5973281239342e-08,2.92349494334141e-06,4.2380574164977e-06,1.43180007232412e-07,1.11466089761663e-06,4.81482486096809e-31,1.39148438481978e-30,3.08148791101958e-31
0.35716102533437,5.25865793523662,2.02720191068352,0.272934427430679,0.144875191291187,6.95265216858269,1.6483735121991,0.06745070135799,1.78692999390987,0.0981411335311271,0.0194767449711604,0.105971233746187,2.41739579399976,0.99850969025428,1.23547301068876,0.0129647084178166,0.458627953903109,1.02027805819812,0.0498794106421412,7.47517549983334,2.66983496446322,30.210835295101,0.222137216768953,1.27443758126625,0.76893791740138,10.1036981790979,0.554084762597999,4.96815407208727,0.483202671942553,2.42413022738664,0.122929233109517,12.3947913965043,8.61583323432102e-05,0.721530448263197,0.299936814421279,0.0697283853010424,0.156238770798016,0.0115821140160319,0.105035234049798,0.00314444427609785,0.00028183786292888,0.00605389562234247,0.00286768176228022,0.00789046331372155,0.00928615835582051,0.000679992637791735,5.49032697505939e-06,0.00031250546484897,2.18109362108991e-05,7.9602028835446e-06,1.75150750316522e-06,4.46061005824834e-06,1.11974770672889e-30,5.8981604546859e-30,4.81482486096809e-33
0.025502424382747,6.33279326187329,3.19600797961631,0.51122278999712,0.928998729978539,2.26664471382602,4.51493550489575,0.022035610850062,0.25991571017083,0.0186980018153802,0.250299685689327,0.386866086555768,0.561790262173207,0.056007350875495,0.694602343162168,0.154947910626801,3.61001006159934,7.34814323284041,2.78530976185721,0.010726733423188,8.99093964591913,3.4857198691278,0.428020205468329,1.28689496463374,0.287506276736514,0.377414362308282,1.02118596239132,11.6091771802135,1.12518059870686,13.8572359325908,1.32964605249701,21.3260644079223,0.238603390187293,0.157801311980859,0.377701314686204,0.0297150697169896,0.0688621063412236,0.000696255599831587,0.00928101346672486,0.00155716247153788,0.0377866303046257,0.000723509029516181,0.00559493098648144,5.41154221747697e-05,0.0107947113583831,0.000111403117915777,0.00016768177600475,3.33490632689492e-05,5.81875316591736e-05,1.35764444387041e-05,6.17549729012122e-07,4.82406242701454e-08,2.54704235145212e-30,4.93038065763132e-30,1.23259516440783e-30
0.00303955540926041,1.29325213680488,11.6687115663143,0.0419000704416144,2.98897132928536,0.474173341299748,6.16286403255111,2.25002090586031,0.362732559048485,0.261436199298575,0.116514999401779,1.52049945746096,0.158689774903538,7.7674459441947,4.20326977191798,2.2070936932845,6.77215910524033,18.4631610864992,0.44693972171848,7.69601724189447,0.258120753686151,7.83212963096224,0.342447181208026,3.29401513011606,0.0913003930492135,0.0232242088155232,0.603024553541708,2.28779430432602,0.293708172710837,4.64631922771398,0.439796083130958,4.87160361914336,0.0336732284050094,0.0186479330674622,0.0214693222450341,0.0225781427229181,0.00879020114651388,0.00206235294776384,0.0308238816850604,0.00443946345362693,0.000793245718289944,0.0103034235419555,0.00134896145886126,0.000177226616818969,0.00243341358344952,3.31622764992606e-07,1.96882186556038e-05,9.3970640456832e-06,5.16180742113794e-05,1.06442618213169e-06,1.13771401623018e-06,2.15053724260301e-07,3.91084149332133e-30,7.70371977754893e-32,3.08148791101958e-31
0.00914363920232623,0.23090844662838,3.9919222786785,17.948788455624,20.4388093620271,0.43894521733433,0.259084654647624,0.850983723459138,0.503143648150142,0.0960438925899491,0.531717087607575,0.257676486966266,0.425036901095905,1.89581830228009,0.084537764041915,0.0512158458190045,0.646509173421758,0.174818136953254,0.0466768079190343,0.030831519000691,1.14681036569978e-05,0.288499984998003,0.0325207915351092,0.051345688948465,0.0236361163195247,0.00158994744949655,0.0115262708831956,0.00608187249952238,0.0257782279375148,0.0345277368144084,0.00431677445098386,0.0567120093540761,1.91017511786995,1.07983882218509,1.92373947745944,0.823647690639874,44.6357729990203,0.0591014265590706,0.0312626948392003,0.054169987038761,0.00143210426765538,0.00750639047826192,0.00734575614719076,0.0125616210831882,0.00306598920429707,0.000631033879750174,0.000330610363619811,0.000125050571038903,8.97712856623952e-07,5.78844482752125e-06,0.000110263468011757,1.80460267041765e-05,1.35085930005536e-30,1.53701246624254e-29,2.12333776368693e-30
0.00824709412084687,0.231317868294624,3.83495114420984,17.7036990826543,20.6670275158925,0.36883458466779,0.267703649630121,0.838027881827839,0.516768989926658,0.124733649983278,0.585778444298912,0.342998722074343,0.587688360770726,2.2230432005566,0.186951254234569,0.059476004531854,0.76075001820817,0.19440027187264,0.0565165234942663,0.148658687237914,0.0273707718874481,0.172948170544824,0.0108485889735751,0.0233567291074536,0.061794955387884,2.64646780219823e-05,0.0108030622697102,0.0248085364594067,0.106302950988124,0.280454082836034,0.0112199298282791,0.00397165850365621,5.44496706729295,2.07904773974963,2.29191891642181,0.703562442441521,38.8991705987041,0.0323052037460902,0.0278814333705015,0.0565744149645587,0.000335053943719515,0.00252650356898014,0.00577561280893122,0.00480519759732768,0.00760831716132814,0.000692217035220158,0.00118848716311212,1.58047204220142e-05,1.08778056278669e-06,3.15099524672618e-05,0.000109782882014975,3.75874250748145e-06,1.16610920392532e-30,7.94634181155865e-30,6.77084746073637e-30
1.95901331074065e-05,0.277033892684263,1.32501384632537,0.407068101767518,0.0307708604760165,4.96777431783843,0.46918063594751,7.17884183224483,72.7841353362393,4.28011564289676,0.235061800156845,0.125744083120301,0.642292249895223,1.26877594147475,0.23868633304403,1.68941434199512,2.18676353275828,0.0693251394607563,0.0116179022577097,0.00312819210731258,0.55726109037118,0.00701195506074914,0.130020390414855,0.230207753743722,0.0138438299565882,0.149269184895914,0.0559630454606503,0.319662464527209,0.00912214426093869,0.118712693748173,0.0307683322961398,0.104081882448879,0.011281903669134,0.0624281549320181,3.57825747450718e-05,0.000447237441808238,4.42743360295288e-05,0.00564841120335288,0.000636653528374721,0.00195083746291374,0.000543464618845768,0.00021025578138697,3.17744221864751e-06,1.41792305336843e-05,4.83300290617556e-05,1.41206904396664e-05,9.15150179536451e-07,2.15201164710319e-07,3.56143970819378e-06,6.97275267664384e-09,1.63844708662471e-07,1.44421689247158e-08,1.69271186518409e-32,8.90261116792999e-30,3.90000813738415e-31
0.126199039563734,5.30677684222557,2.27431696821707,1.47873126760464,0.404594999474798,0.291043969104813,0.079155506119905,0.00443103519259409,1.04788153024228,5.72142997345947,1.63577771966177,11.3535496486027,2.77447461277437,0.00419436379274379,3.10833833387308,2.98838427417351,0.435516987190121,10.6354915941207,0.381145533798965,0.0554900350496255,13.5713135246532,7.27204073260933,0.01342951781448,0.107343259857682,0.0179454888141311,8.3678976336767,0.229009214588645,3.98041970158514,0.0321008762002795,1.79698167803179,1.59451536063935,12.6349007030989,0.00291742538828027,0.059869466351206,0.00355829060936776,0.140772585810671,0.00170390524345942,0.0399180020602132,0.010797365480175,0.00927349005293965,5.24383148265444e-06,5.61404660755526e-05,0.00367650563243586,0.00222400963312422,0.000133626614068262,6.95581500254764e-05,0.000129139815746198,4.74621465474526e-05,2.31290357792172e-05,3.66233362867699e-07,2.21125354630317e-07,2.14050768013772e-06,6.28342167520181e-30,1.20370621524202e-31,1.73815177480948e-30
0.0240556805125495,6.79179374617622,1.02179153895604,0.972058686068602,0.0387105202352578,0.985934750177458,0.684315866884015,0.0779899179688928,5.54744797088028,3.59758436713791,0.0337130881406202,8.9053022603393,5.59946418859811,1.22248395825074,0.93088831156203,1.63264039465983,0.567909022768642,1.41282110589196,0.681101936065724,0.00209575038399353,0.149339940228131,0.384765431743019,0.196717805350979,0.893618649692304,0.290894342920602,3.14669485245491,0.0470151299995163,11.0935553513507,0.0748961488058678,4.9787388450873,4.64699173958051,33.0284084670899,0.0112161484021868,0.0627896726640453,0.0353890929641871,0.126369499920859,0.0136823582700807,0.0541752761700137,0.0025254666951712,0.0128361776200358,0.00904474922706706,0.000802323507619489,0.00686946244609377,0.00209338302784326,4.62426295104505e-07,4.71689108317408e-05,1.52966436321801e-07,0.000136169723095003,0.000272339422989651,8.34665691145448e-06,9.15048334524396e-07,1.06796803404798e-06,1.53021904929027e-29,2.12333776368693e-30,2.12333776368693e-30
0.000319789888797596,1.49902403134866,8.42243638736887,0.0778617044557951,0.869651110224989,7.5860152731553,0.000134551913967344,3.31180096931324,3.41546975628651,2.73178341816455,1.00673212869116,2.66489959372962,3.59486039311373,8.78060210263588,15.895460685539,4.91532705831765,0.127366379698425,7.33780288388915,2.49740074752668,0.837790075305634,5.32244285975674,11.2061309580741,1.61163059509796,0.307161389794395,0.263872449175413,1.95361963167392,0.414398659570454,0.494431110643846,0.0561361576568401,0.013267296521847,0.228962922821879,2.43671919235792,0.0771547886518579,0.000129499108354863,0.0231987435106052,0.00230447715290232,0.000231262913645232,0.00452343169191965,0.000281402224587081,0.0051431203490211,0.00224740274238168,0.00166819229252632,0.000313039809963512,4.02707354206132e-05,0.00120853293388198,1.43377293949902e-05,1.54705728235162e-05,1.39087736062086e-07,6.97560721099113e-06,6.45653526154757e-06,1.27916309769367e-07,6.47212617520631e-08,2.60271376390706e-30,2.33037523270855e-30,1.23259516440783e-30
