"PC1","PC2","PC3","PC4","PC5","PC6","PC7","PC8","PC9","PC10","PC11","PC12","PC13","PC14","PC15","PC16","PC17","PC18","PC19","PC20","PC21","PC22","PC23","PC24","PC25","PC26","PC27","PC28","PC29","PC30","PC31","PC32","PC33","PC34","PC35","PC36","PC37","PC38","PC39","PC40","PC41","PC42","PC43","PC44","PC45","PC46","PC47","PC48","PC49"
3.86085302764768,3.34018786904406,4.24564446384301,0.102412316388906,0.0115832527964782,0.350634206065836,0.214106705365315,4.71868057302499,0.0249005346581775,0.0840784563808994,3.64978011781582,0.0245050642916015,2.077536196615,0.165879863185208,0.00939196156809881,0.120794651718284,1.30737952242785,0.157158277104267,0.0379590039500591,0.0420319676365038,5.15103293597793,0.000104608992865545,2.76400118738353,0.184178063833177,3.96919628113783,9.18369655071134,0.432998554500039,0.0605571822908677,2.56311978236556,0.0420287829568047,1.08899701294038,3.02064933266345,0.256305291682119,7.00029537432371,2.13430132579859,4.52102994828218,2.89194290887468,0.131991904174261,0.0528170285873422,0.392651914351664,0.00444029940979854,1.50350273908502,2.60553935611629,0.0576094340269325,0.383783608943753,0.518940978502551,0.340711313867412,11.5700718364414,12.6280064302505
0.052509314247331,0.465022647294919,5.86116235458425,0.418234027268251,0.470546569705434,0.728835692169099,3.58502990239437,2.66058594525484,1.60055287271517,0.524720774298822,3.11467266499123,2.0967830049529,1.41088900657563,2.85567029220199,4.12842952548028,15.7096435519095,3.78962919879175,7.73785718570695,3.06691484084838,5.28461322075006,0.0182550617820316,11.4713915973544,3.97573239785896,0.0762747794528777,0.481042797868517,2.24276812322877,0.432856798751341,0.015609749187237,0.0919643307762891,1.89945374937392,2.89334279659517,0.403483851076202,1.87498581011313,0.0359296876380869,0.132632895265788,0.271494061592576,1.37622407764068,0.0128208251190787,2.19652552167007,0.720805575489495,0.439142676710071,0.300028612229114,0.259719180245737,1.36273823080218,0.927207515009565,0.0116913027191137,0.469310274987957,0.0442421041621448,2.30231581890591e-05
3.71255821176796,3.59528857088875,0.599143851332546,0.00438214663628501,2.97139652256748,3.42960596834426,4.24798758414826,0.558709259334064,1.72017831416522,1.12677944080154,0.0454944007842889,0.420725402390731,1.3985071203721,3.55144932258007,1.10357636960241,0.0707968133924917,4.78597166533689,0.00145487878498862,3.43289568196933,0.851615566442666,0.038439781647158,0.131942859654345,0.492978788736349,0.0188955088865282,0.0436256109573443,0.0117423242108508,0.0192873366457188,0.347703939540685,2.51157456213249,0.202348619130152,0.310721488431579,0.463570143784373,3.70143188788172e-06,0.684991649433195,0.532842135312358,0.121315109894559,0.0025352657465656,0.035828944929727,1.86318216009399,1.91859539139152,0.454053506079884,1.189511000206,5.29190631683646,13.5395166674876,2.78293445879567,2.5697094955093,4.51454518021466,6.9151030909868,15.36207787025
0.0229796703554148,0.0300144447924546,3.45296792615151,0.241149447831255,0.75642754256535,0.837107958938361,0.020118663077921,8.30558842311525,11.3399826872323,0.168270081240822,10.4426309385763,10.6581395159291,0.000444467333872824,0.0585188721525152,0.0131778119022232,0.735030131147645,0.0260726229895467,6.52523921348616,0.128300923045895,0.000287448042438501,0.493421142040627,0.129086965897224,0.85356536598581,5.46889513365361,9.05120184965536,4.11172059854289,5.60842069275566,0.186726890992583,0.0962070159698075,0.00106436479382823,2.78992740451402,0.0713024597674601,1.39846769568193,0.106215746807169,0.0771225735001102,0.972149508496053,0.7657205628097,0.8416866006562,4.85943330712526,1.46510843263686,0.354508748725361,0.609729336471318,0.0630975101825293,0.699059752739107,2.26675938872491,0.313994913273632,0.967593992119973,0.840408724971404,0.774954530603411
3.36674689717533,6.77104518737207,0.0664588279841535,0.0801578392654529,0.732993973769928,0.0732899258677951,0.0836904107053082,1.3130269232888,3.29533547506631,4.22134177158011,0.856263462617684,0.00104366888044516,0.890254798449598,4.28843823553783,0.442227483532124,0.00130245772195899,0.167431177380979,2.44775544659696,0.390435473227223,1.17516119287223,1.74465730513143,0.344705031456251,2.68860019431493,3.61251258549301,0.739742132900163,0.123878958753666,0.181505277641529,0.265221250969198,0.122837324819484,0.502262247304698,3.33567939800978,0.513269502867484,0.273906181519413,0.132130870878353,0.0101693947987028,0.0095359652938503,1.44617122397518,0.480155522124038,0.116208751692131,0.291199811758757,6.18778994915818,2.94946528947481,0.118591308747977,0.256758527842096,37.6993214020571,0.424955933441835,1.73441975220658,2.03486165731259,0.995086619164596
1.95126057984259,3.93685096762475,4.04516490091721,0.291994800356773,4.15682624296414,0.946857029014347,0.0488457136764241,1.24935912797443,0.0147441728406849,0.590153021561339,1.22641920670925,0.880226120297282,0.0496627528908518,0.125884899364341,2.71771426650578,0.000988733392575403,2.47285969028737,0.458733390662243,0.923293774655723,2.44636697060067,2.0262806540865e-05,9.41999173176839,0.83487914324833,7.00772353049512,0.00461241213049951,1.23607363986685,1.886861635025,3.28702354929186,2.42971201392872,1.86899759992549,15.1417710203014,1.71980861609447,0.0238720922323529,0.474379934206242,0.510099998794078,1.95272024233191,9.95534866124872,0.858598385465188,0.3762310046648,0.0403762311651397,0.183588348136845,0.272745198635115,1.37895157232059,7.54093353203007,2.39429281942791,0.405472936434938,0.140669836704289,0.0803564930843474,0.0396811960960304
4.1708493144867,1.57053453165035,4.35666426625812,0.322598436332391,2.39990999810485,4.27607258889583,0.773177701179185,1.85870187661995,3.31885324209478,0.829030049361882,0.210012847017894,0.582069593923498,2.59917181466216,1.63767337398923,0.408144913181263,0.0995617032865316,0.289467325499599,2.17992589665789,0.449432399467374,0.678252563748551,0.0833047594401402,0.160246986610049,0.553355200926987,0.0265819755920115,0.150888364434573,0.0307163132596033,0.713046556064654,2.26614930217444,2.40871362075714,0.422462306393686,0.309999772511683,0.702197987666359,0.0559832682275022,0.289984377996617,0.103870381381755,0.575525583290367,1.26671943658196,0.115368870345292,0.672588472380177,0.204479288986132,0.731454078221862,2.6573754592253,1.10908122402914,0.00518342951196165,1.05907253536901,14.8404823584185,0.633034986703996,34.7552439026625,0.0867847644185627
1.53755792703675,0.0555537645252321,2.1344170700581,0.141545769793445,0.448356119311853,0.112416790124813,3.8384038962662,1.03961045561132,0.577252561237787,6.79934009285009,5.5287064457623,1.26138741500979,4.7336450545534,0.710670545257888,8.3244263786407,1.30770974782549,1.83408552705477,11.3062853094482,0.143742345039372,1.16931816198644,6.35417616610433,6.20734080092231,3.20970959423315,1.02588520883643,1.95048892578929,1.5880323331409,2.89821913082207,3.49955222949751,4.42569133080718,1.20207093835053,7.90034295917408,2.89023108769468,0.777222665243509,1.0111690213346,0.181466734031558,0.413421532580681,0.107677223208394,0.0780744171779857,0.052316641052863,0.175949796408233,0.00140815127509703,0.4645229956234,0.00834162271530633,0.383747249019442,0.0109033346438384,0.110408625979592,0.0390325515241294,0.00119974325093709,0.0269656121640773
0.0367886500900577,0.36558138210113,4.11322955400686,5.62770022905324,0.820964216162084,0.316113052547879,4.38677299280433,7.42938613682714,4.93206127483061,0.0333647700809328,0.361132356582897,0.0118958730228314,0.0130279451561691,7.35841587473952,2.63183306764588,2.43119649356975,0.0123799737848964,2.92753128100215,1.47057732833995,0.701615901608276,2.00199020450143,0.133913096006156,4.26744332994206,0.3469744911799,9.88043868532129,3.75046209582501,1.24529094366815,1.00098571362043,0.244152775996478,5.13254951802249,0.0304242711071128,0.324624790548876,0.497798292506466,0.154295475181928,2.57107503517128,0.763463100915119,3.69987973567565,0.0497743903735439,4.130311884429,1.3283385680123,2.95093201214861,0.43908869203959,0.269922511863395,3.43525676029365,0.0819692619545926,1.5634361980364,2.30958062006454,1.16458861420903,0.249470577428917
0.875920649995877,0.313083865027824,6.10884948287793,4.01943383516082,0.747778328852109,0.0813607809002269,3.11558085926461,0.459382037100237,0.304621897101603,0.00942540515572269,0.857426627665171,5.3777248453939,2.88892866872139,0.965391848643434,8.53078904199239,1.14228743966765,5.38078377415285,2.60371138104028,0.160363530290492,0.0798013641439617,0.244329277996374,0.344052364288363,12.7643758497569,4.84496663012022,3.09817768954098,0.0209329215643523,8.35134437904197,7.71465995318385,3.17832260634454,1.4014620530657,2.96395378550003,0.173552911232474,0.416446732312358,0.0240328510869172,0.406763397032204,0.075082042137376,1.36490138661556,0.129646489333957,0.24523407654192,0.317308141666919,1.47676691508086,0.0149917686662603,0.449121267064297,2.81472074387364,0.00103387393349542,0.896562867877079,1.11112640163128,0.877465140379139,0.256019819982571
2.40715398793556,1.7282161228064,0.353380901065851,5.59316964170679,2.61773480423594,0.888020963979241,3.92509477948053,0.935132076826267,1.59600261792573,0.94846986725887,0.249389817276598,0.0143638945160082,0.531421705845579,4.57977816264984,0.0151146668976036,0.0989699440965447,0.102589289629666,2.69165186207127,0.11013774549694,0.0291763587484449,2.83193825682119,2.73697651617873,0.0246097019849306,0.746862930919459,0.00376127905313072,0.0371265101527613,0.911079099749833,3.81250442961758,10.5843374846242,0.502399183370976,0.0624981541900703,16.4059355183687,11.1076277691471,3.71356845041394,2.35891916023155,1.11374508688444,5.99262707608523,0.00260923227567224,0.828879070407682,4.95639243557114,0.0340199101040248,0.708817962094876,0.317411725318444,0.328731821593572,0.182318376536866,0.0301288590015401,0.168427317665756,0.0744971886838689,0.00628028250296422
4.53673123698182,0.231112605611911,0.00556075436659193,0.641097997836397,3.88227423461607,1.68077200387446,1.29347346996545,2.35447661561369,0.000113579419485396,1.21947175190067,4.72038783713893,0.849564405789282,3.76317450288757,2.16702319292064,0.0273520680383031,1.46083622613792,0.558999325027173,0.165273898722075,0.157288444999522,3.21379389719503,1.04078149005982,0.223168226647971,1.69991359302341,0.27027611332609,0.0397113684759567,0.572068464492532,0.73184068530028,1.70198417793041,2.30741368260707,0.206225630150842,0.0876636763034958,15.4802829857375,5.42304090728951,4.06086449938686,7.68033999149733,1.68925989241217,5.38781825508597,1.33326638846902,0.456262533805934,1.58565210798362,4.90419972847437,1.00987293402476,0.906104204105064,0.39174710102862,0.983125090939191,2.9241636309203,2.80281306053114,0.876520555426445,0.294840975521269
0.710336898162334,1.95568315549617,0.297056417310942,3.43588346771418,2.98849590571753,3.18428335258646,3.86538128612806,0.328251616434403,0.0427548502342429,9.05260934389441,0.869512164413325,9.16485774659924,0.299085739081846,1.23516666534257,1.5298411519909,0.235746119985492,1.56279778912903,1.7746871739012,0.373209076639009,0.131123316064876,0.0440743628109569,3.75269600886758,0.97019168324194,0.210033747742332,0.572862348378113,0.0172327552121517,0.6289416664518,0.0539164432699218,0.193376572851141,8.87406933635838,2.25542694655898,8.76421418719973,17.3109330439987,0.402421800755782,0.259608419660747,1.08668651722423,0.325677413170769,2.18368344717196,0.147686295932134,0.711100427434512,1.1995484868858,0.172870384549718,0.782530659481499,2.25952570400363,1.06917373407381,1.00202924383816,1.16607723236981,0.206781946179137,0.339865947500394
4.68443719282049,0.24542998851041,1.52211785097047,0.439832902287674,4.15663347177501,5.53577466832279,2.89033837052511,0.274652961500664,4.29184761926127,1.7103435027659,1.83235947170163,0.0725486547899292,0.242365822875511,0.723945984040573,6.1996616816659e-05,0.210241135462067,0.353461646394138,0.000912895356856739,0.132011702193714,0.211226173167581,2.84943369065267,0.0177867252356516,0.97696053378089,0.414550470553789,0.462017221878561,1.60199080260179,0.00286412896785287,0.0394806489887918,0.0108175474892752,0.70535888645954,0.346821074135085,8.96911697884222e-06,0.702819540549012,1.78316268615016,0.0636733811735476,0.00663859890556219,0.0917722475006553,0.205011766203974,5.96961519485114,0.284413325053954,0.0444347104321653,7.07842724937473,5.56863815747201,7.55269973807321,0.563409847982661,12.4259019479972,13.1819766996946,5.22790908684281,2.29086111054318
2.98192270013398,0.810776328293696,0.101732145157732,0.153749430096003,0.443972738860457,0.00574065148670654,3.06768821201546,0.0788604863510042,0.966199224845613,11.3773815356399,0.594787169882338,0.15920790353069,6.62694522766937,1.20996245926536,4.68263089511169,0.461838096270396,0.29088422595275,2.47908938084016,0.674427350462536,1.3951119434057,0.949296634076055,4.87305814853688,0.954674049446352,3.36316502627355,0.244665023930767,14.8008361695852,3.76174525998299,5.54127378221947,5.10550053057919,1.42898984373972,10.5981214298031,1.71122996545053,2.55308224345646,1.69752781053065,0.0541679169660638,0.0175021400759174,0.436842958026262,0.0669606568192725,0.0272436578922205,0.790499359407856,0.00648612188015359,1.44957855335321,0.0504351595307767,0.070737339360128,0.00959391320165197,0.282266494606338,0.480243937638376,0.0136789535703254,0.0976888147890659
0.669145720438642,0.0034741413361674,6.35483248532172,1.82005829096539,0.278967079852861,4.59379691788207,0.233797019888182,12.4185416773896,2.39473951481941,3.95730303033364,0.0201608120735236,0.220128344673281,0.388861751868929,7.78325856261294,0.00388704174036626,1.04583029353887,1.6767358209561e-06,0.70640483410474,1.07712321080565,0.616444809472467,0.344851386737542,0.0366256785008091,1.18182514991744,5.38081416599678,2.9728389129493,1.93144063476638,2.62637825734223,0.458420492632245,0.544470707400213,0.745548240768094,0.299557159918689,0.560533839488576,0.424846826194699,0.296897546970177,0.733357903958307,0.643203415555173,0.0959335582300848,0.383540413359894,0.879011522099611,0.0029820903964224,4.12581751844525,0.00636276110363059,1.26330445165233,18.748905412959,0.329828417188019,2.6617545313777,4.95309150574391,2.60596020201172,0.175140080481549
2.76434807815713,1.62379566691355,4.57480290278793,0.12564577114969,0.990832611964189,2.8815364672171,1.8111564870071,0.293494911186088,2.43167195442153,0.0118453617725601,0.812414262169968,4.74401094301202,2.89611710304368,2.89900332530931,0.345477294886192,0.767278569044344,5.3707032696667,0.374069754463781,12.8546965291452,5.68222752161836,0.515442347229146,0.0133586727667177,0.108728622038323,0.0418344228731254,1.4872010512007,0.54195162788629,0.814505493115752,0.00973210337083273,0.13921154145476,0.588764676850084,0.473486391873031,0.023138365917376,0.203848734852401,0.180161515801453,0.00686195412483823,0.000216903522643301,0.352128265875064,0.0223490891411964,1.92797785853411,1.03539478079182,0.154286483535063,5.3654186710583,6.52867979332659,2.22315579525334,1.44180376039281,4.07335225906316,2.13113236523458,1.30013225623991,14.0406154117402
1.53784104124398,0.150588764282565,13.1382366407755,6.34553655864349,0.0601589933297476,0.0165218730496723,2.94197137601006,2.07308005527027,0.522146912133186,0.00180079101479282,0.055129718443482,0.102090595476223,0.0486168224471706,0.306487233593305,0.0844618760565935,0.0289660916913478,0.0273913759022653,0.548663620296111,0.118023741216335,0.481679130243733,0.375604634061211,0.276473834799198,0.303514160739584,0.00239382826349399,4.2105297854638,0.0659557554115217,4.03341471905468,0.151786079827802,0.464161560015919,1.70611383686676,9.68258041633147,0.58856734579246,0.0381273744338157,0.021611881104384,0.187283037345883,0.00944835224027112,6.90805321199677,1.95841766067129,7.88776315188023,6.96354882723071,0.0998723032596268,5.09335513348438,0.0226618724314157,10.832058930817,0.488659074309497,2.11762220151142,4.36687076232649,1.69631125287369,0.857845804335419
1.10829212518839,0.0322683199543854,1.35067758857297,0.0216527311718449,0.110656646004109,2.22509180471568,2.34816445264618,7.92717673577906,9.72529859428815,5.78620599031434,0.408143976342193,1.30098640946144,5.26122873693398,2.80688934116191,2.58788833458849,0.0460861800261367,0.356457798771999,2.00486160085109,0.985087620699718,5.54167300639788,0.918782235868857,1.05128920965976,2.09232090461624,0.842182140214345,5.35688152031681,8.70402248231381,1.91266697257238,2.42866117035202,1.58109853470182,0.00152433194658939,0.13527401689492,1.16800455772792,0.253118656961987,0.54173781406216,0.257710312833277,1.20720652090421,4.80011108416015,0.0754381295161424,4.42639946317035,3.04154217691073,1.24530051123637,0.979605153909,0.0923070829331009,0.912745331010915,1.12936309380455,0.554934299544906,1.06204218112146,0.907123382455698,0.385818734409506
4.15069100401344,2.36138934483403,0.542538337068248,2.44761330920464,1.73612989845348,0.110737102761191,0.00394636319484549,4.10295136240872,6.36425318877583,0.654147097203613,0.231674121786167,2.50325277645414,0.0298272112101411,0.782603550490772,0.3250614849857,0.262016848620756,0.00107128699537833,0.00482161525104652,1.55966879579048,3.47817338638908,1.18799121645173,0.0121598125460266,0.231297264791336,1.1082067748122,0.000870240736508048,1.7328182303055,1.23827426309791,1.36349734260823,0.883206728581314,0.450054616795042,0.0393787367451898,1.4080005993977,0.0660547320845984,3.82691546490107,0.193509331343837,1.81468703116291,3.16027789824076,0.827184384341961,0.459209662498552,9.03536360786664,26.1885020683812,0.726558926215539,1.77607424341125,1.48316764849017,1.61994273367299,4.36331882501558,0.00360362341699245,1.3009862508808,1.84631965531481
5.84475269844708,4.21068797002705,1.73956402811616,0.00987899042575256,0.0731152974447842,0.00518267956359915,0.51619409863711,3.22838080842794,1.64034536362838,0.00406457823665322,2.06906846065415,0.256198590513752,1.07966036340333,0.495604804193879,0.521260196626742,1.10564321072034,0.724554207784243,0.00506975505052679,0.788421364277089,0.853533753368596,2.55230592485866,0.176564931290587,0.174729786864526,0.303921576358128,1.46581470092124,0.896114379192751,0.0181171508803768,1.36429958457812,0.828438137585453,0.326569821722866,0.164863593554044,0.710369400397861,1.45333993285756,0.336388922665687,0.0191630027552455,0.378980835977171,0.0226777314897516,0.0274714475867184,1.36519389600429,2.13303253715278,2.57755276762012,6.64061090029253,4.49901582565561,0.836807785497503,0.00737870737340234,2.24562950118869,2.18934172142253,2.08649345012763,39.0276308265811
0.892282379459304,0.000113670155012674,0.128640349625148,0.91769029778231,0.171564265768826,0.113304732766882,1.47315269310203,0.152034498380921,12.7633022611801,0.12884166270709,1.22829942827156,14.0801025682874,7.56256434261867,6.6167494338383,17.741518955434,0.00216705981667152,1.53460066512937,1.89390988545268,0.452190580325878,5.21648478298163,0.807851398774515,0.0117115853246611,0.1097686629688,0.537426331657501,2.20885327808673,2.87151688590132,1.73693150501279,0.378055300543844,2.23108605443377,0.536434030523325,0.613710767410164,0.35834249812411,0.0180485539469519,0.0567273854687145,0.0592217542395345,0.837845753320648,0.580586420122344,0.0209554107534365,0.00809215428382206,1.63555443096788,3.76198263879546,1.49646763423209,1.71004145294048,0.871601461400007,0.226758589109709,0.862916090001524,0.00386178085645151,1.12780448373774,1.25033119397789
5.40154393130147,1.55665021238393,2.82086521568879,0.381191569211101,2.12958013666706,2.88498689251049,0.886169276806282,0.421310393625713,3.10394093392194,0.275120492021998,0.0329035580359381,0.0246027091274425,0.532927437216159,0.671654555252759,0.0005639043646974,0.105152511930489,0.150397566428556,2.12015539170466,0.000427821254115575,0.539158062188682,0.648429874445227,0.103474794231717,0.0700675568103245,0.285160332417079,1.38350048333522,0.321709044957916,0.00289568564373974,1.17635181016371,8.66702578239335,2.29080337858963,0.0206192135069628,4.88725116096143,2.44435171697982,0.218192793310187,1.42068636024533,0.486386830184976,2.5117078377627,0.114009389282961,2.59351520464628,0.228365242013301,0.0464270333356891,9.25849738704945,11.850525499208,3.63922168822253,2.41354154108637,0.441693988170418,2.727007240376,15.1327074151928,0.576571143834516
2.21093810829908,6.05310603371151,2.164161004901,0.00141246109200509,1.35049749433088,0.0626718548003387,0.397099244978819,0.670154711222911,3.22278125432227,4.31205875817979,0.0948054185324762,0.0304407716977914,2.57029514147924,5.93471058905625,0.047273739347636,0.13119461723728,0.0367727088555919,1.83436940431781,0.0523666026381326,0.549826229801314,5.33456124343529,0.260602305876886,4.2668129895415,5.47452407537072,0.0952101976072738,0.281222882172695,0.00899317761100644,0.174426884467397,0.138810359897631,0.43907417978526,7.46515083450877,1.79197885731363,0.354009826092343,0.134599068491469,0.0125934655003134,0.940098508431081,2.23486801713596,0.212524204603248,0.818901854208124,0.452647784865614,4.51940499323152,1.49969594962177,0.619009903023841,0.860805622138223,27.9068669117903,0.954462810775855,0.343109534703386,0.629699848669835,0.0483975603269361
0.0457365136639207,0.28409066484825,3.89124719697514,1.23653293828516,0.0277281417249891,0.105498286646864,2.73512955954587,0.774382527510159,9.60261118634081,1.48206152150022,1.37095727989564,7.00765013362631,5.46455757264796e-06,3.95231467596955,23.7323271280252,0.105975485718763,1.37666493684681,0.211602741457272,1.07295451287483,4.42668261963468,0.000663534606917072,12.99313697609,0.461444331624723,0.345519989138998,0.0046944354066306,0.550103556802232,0.760986862863331,1.6921520023726,2.27476501496216,2.01088730973499,4.88304613134281,0.146653411067643,0.776857813121892,0.192305993404749,0.0183075723206859,1.73770370369742,0.344531064150847,3.0304134883747,0.908287815822471,0.00250928825938988,0.884698464490079,0.928560500023777,0.806030239875764,0.625090723930084,0.125038198610983,0.00245858965082754,0.000482227071199799,0.040437603070746,0.0100796424632924
0.168632324713793,0.909523581143737,1.58617389279459,0.0400514454119852,0.048283030947523,1.81732435247089,2.37852640669073,0.403708528738168,4.89339860753226,1.38457536907447,1.4355664264879,8.26468045592557,1.9600672084402,4.6278034384915,2.1343728251257,28.7480755078204,1.17278653453555,15.1598805503406,1.81044525255381,0.496348836859997,0.152263802574231,1.48618583556644,2.25566293916334,2.28973698363761,0.682350077634847,1.70295418529414,0.00285305752960875,0.0617222751518813,0.473130449898721,0.0742791083859457,4.39053961616763,1.66809651223167,0.0467424607868047,0.809521062132482,0.317129104608722,2.35328543000706,0.0189713123758994,0.379366681731218,0.00620651886064227,0.0277887642227483,0.0695400070020339,0.674016037134969,0.119716476527454,0.0850748309462346,0.0579351119622823,0.129923278181479,0.00920395014586511,0.0679405599186471,0.147638994120105
0.800420295416118,0.769014641252612,0.00256126384243268,3.76674224795785,0.689727515718679,1.3835691373806,1.34628866330953,0.548529826776963,0.0774276657143364,2.43242675867135,0.184840199092959,0.0759990224182528,0.167398639692266,1.59910984479419,0.0740308998642614,6.45803915740062,4.59817123564427,10.1256823683577,35.646451086866,19.3824286912209,1.51310320461078,0.51404672252274,4.49529505182587,1.16830658418851,0.0228703277962749,0.0825108324383424,0.0483260081828034,0.098399244815147,0.0981606325418915,0.0957288782704005,0.185441595798542,0.296608161241556,0.177931034145121,0.206238768199606,0.0162205226885551,0.501445777541764,0.0129601417978984,0.0349962520758599,0.00154436188342743,0.130298223483023,0.0864015626911128,0.00243915294003043,0.0196740436673094,0.00165068050624407,0.00380915250413843,0.00163277712874036,0.0108971556913526,0.024044423510432,0.0201595639206245
0.0101961877445019,0.0897973295766056,0.379846749908448,4.71818057222837,1.27588431144587,5.22124515220123,0.0187396016063002,8.51062078108412,0.0920366058404105,0.550173334178631,11.760653810021,10.4781554821177,0.0104783458668606,0.120755948674421,0.269905797459722,1.23504484255314,0.885920732406938,3.40329482145784,3.46596752427453,2.93745596532036,2.20566587655011,0.00691913216013835,4.09950153441055,0.338032409603304,0.0671548735357378,2.76316088792429,0.309115858280952,0.158380078193378,2.86246144248255,0.813512862367864,0.0342026523009559,0.383739146242206,0.274649309464903,0.335592690494735,3.40924796800406,5.39056656736378,0.692234170235639,13.6733442952932,1.64844491977939,0.00499695444325483,1.39936037294326,0.0414393119455618,1.41393444820285,0.127493789086402,1.14920285098021,0.105739140250616,0.604536659949219,0.120696411478224,0.132319490065686
3.66892726720292,0.0138067955557835,0.295905920837391,0.302582708713991,0.623131155191875,3.57007010012333,0.960960593705517,6.49706328343674,0.73287635108215,0.482114098924931,1.26852513402523,5.20861099681377,4.91717775065415,5.8291904780126,0.0178934531313664,0.699885565819921,0.240224517527578,1.55640822185517,4.77654263081235,0.0315037819297573,5.42513593518278,0.0678615628105552,0.499250426230266,0.697801174842828,1.55332150709527,0.00146983899564233,0.363522129011077,0.15693669195062,0.652640893259351,2.41819335327417,0.019578799980858,3.64232928010776,0.109377596196964,1.59607306561975,1.47816377669446,24.8839364001005,2.98452571289506,0.180025067245292,0.276069413203615,1.050072617188,3.28182669451526,0.0213732133223898,0.164255790286658,0.0335929803077214,1.08530848360786,2.68459763308843,1.94538486133969,0.0836655126257415,0.950308783664874
1.89659709325963,2.37160256932664,0.519824473231856,4.50059082819779,0.034194551485363,3.72724775572412,1.57454566583717,0.342168296825387,0.0985603796975409,0.112996688068,1.11135884478232,0.0151643577528725,3.62695126380964,1.26062400986244,0.247131803958192,0.498081616868066,8.5140073925304,0.0480949596024998,1.84070061547531,0.0690398610508306,3.79972346334416,1.89108838461052,1.29961238222996,20.0944028568785,9.36562707004349,1.44902398855403,3.02985415653481,4.72356770223223,0.73439538684602,0.438711905064858,0.345323856589122,0.398637596117936,4.88008810575376,7.0980977384206,0.0636218730636559,0.287803599572487,0.872078079281757,0.882008829549823,0.874214103809744,0.34758231925891,2.0950556015258,0.415620084123228,0.08123853133566,1.06954443674538,0.684838703399018,0.00244955599673031,0.00782664650555099,0.167567098054291,0.190912917211916
3.1254804413343,1.49878329102357,0.260296480954104,0.635447543207798,0.347239588895642,0.155948861387606,1.81706529071617,0.575635789760332,0.677091599074458,5.49852543325335,4.99635854336596,0.00465070151612557,0.460948119394329,0.0201258213263811,2.25420512686266,3.30783052430063,5.37310849046042,2.60593762271371,0.188913429132848,4.78685834197087,12.2513563879705,0.753245971276851,7.42321810627962,0.363983221707982,1.03040102586691,6.18237912290672,3.94595297482926,0.886920241541869,4.74753795823406,0.61362999830127,4.08874773513283,1.3671233585021,0.673577959620508,0.231033970196063,0.808780334306895,2.57305057833807,6.17485259606763,0.0964916306701777,2.68173975255713,2.27138503145998,0.0355624460332719,0.000534572571778378,0.173699618514749,0.0630331867332427,0.515965910288106,0.328263199875139,0.43117334151489,0.036262658263829,0.659646069787285
5.34832631267977,1.59942110583073,0.137962099648923,5.37820845787102,0.0313489279565888,3.03184831626717,0.25081290940868,0.0099617155334449,0.120199592139419,0.0180795262347879,0.256097440551299,0.152131435329533,1.68922280134739,0.0112699539954852,0.487076693164243,0.144911913257019,0.801056552176414,0.255105326027734,0.350817534707383,2.74944162302061,0.212234875259243,4.51428586418767,2.15466184153225,0.17764108002431,0.113167574278048,0.219457158242696,0.640030989000744,7.01360929959947,0.6037739304183,0.241023354926246,0.27295391203104,1.20828651542467,2.20138087070021,4.4232000701959,0.315794792548893,0.556343107779769,2.66852536615942,8.33350212721117,1.69797912426608,18.5618345286852,5.92613255319545,0.0499332593387341,6.36932150205059,0.00337470840526325,2.86329632006278,2.58969016408755,3.09159875150539,0.12914180304117,0.0245243186939909
1.36908752945376,7.13220466158173,0.134588275375158,0.000219141106806679,0.0606603679513562,6.83099420732068,0.00130381204415965,3.79789001818634,0.2842433377703,0.239578627810813,0.398128192267688,1.42116136599874,0.00324615144489296,0.0494327868503917,1.27951489773563,0.619606188073454,0.918994628638511,3.16382985749925,0.450286178940783,1.70160766303351,0.245231496873291,0.121578987243372,1.6879793025184,1.87847486435307,0.694277428265014,5.50112837780539,3.24067945181708,2.2968355612864,0.464427158963747,11.606222128123,0.137584007442943,4.53201542215473,0.243903496922006,0.0575064101184266,2.92629176811923,2.29200722609445,0.66247723572882,24.5286059721178,0.779246033064305,2.38247471267559,0.0247171990324614,0.00763341934621056,1.01064549890689,1.00401294537459,0.752298213796323,0.375299613114264,0.294553620970476,0.391233268589797,0.00408129009799259
3.38439109919445,5.91504062172429,1.01194849224268,0.769885056826613,2.5045241950712,0.031205279677338,0.60370962751386,0.164970078893099,1.24168967207845e-05,1.43707763652144,0.929998009830194,1.4677863064338,2.11568376096913,1.01187313454351,0.00461018427952745,0.788260710658939,0.169598115316305,2.23582509466651,0.135093935378187,0.261229498083636,1.29969000536267,0.915565827816176,0.00165774428379704,0.278626614014338,0.336947761250004,4.0478801835202,2.98803852318012,5.37211738070957,6.37603734167965,0.641340616867084,0.0946494669488288,0.169576964411904,1.16667434948888,0.231387720605336,5.83689171340668,6.50012081763683,0.0694496864201989,3.17261228610749,0.271903940576502,10.2307219161251,0.585114681933629,14.6181973691901,7.89782844151735,0.403761215064025,0.658950775306229,0.00616693543497207,0.188992003981569,0.572193718679253,0.124180743760151
0.0152847031777728,2.83207211620394,3.03524550217383,6.25314896318597,3.78464170836116,1.91898053363824,0.125808977138779,1.07305713214331,0.488443253208749,0.263154543720241,2.23883723077601,1.72367233171312,2.19443888484073,0.0538467388214626,0.514437574050571,6.3994555917099,0.0201521061839907,0.176626929796241,0.723282606250275,1.92354581989983,1.78595724708763,2.17218768392266,4.06482579436052,2.79341342125417,11.5496421674574,3.85362556287208,10.1748669708923,0.384243933750852,1.72765067773239,0.480727195310653,3.24080449548566,1.20628979157345,0.455271735896407,0.654152345289996,0.48697466913226,1.49576982863413,0.0279644627135837,15.3868727572909,0.0750575164153868,0.0115144812412558,0.148490652690601,0.173132997580047,1.73433459882784,0.0068480878004998,0.0325423874387936,0.0635278643926718,0.0279998587085282,0.00629315903965698,0.020884408213582
1.59907033987545,1.76016307517362,0.31828941051703,4.22711370398863,0.53719124388323,7.08171464182645,0.0772550072848649,2.66070761793671,0.425183431104354,0.0623383015813539,1.56431759322477,0.239166568545815,0.292445011863376,1.94575405313089,0.375943765145196,0.106976229981669,1.87628527392674,0.00151260676248875,5.99818060176006,6.81364599077367,5.81299238301651,2.15125307085886,5.20112851055499,0.0704339750569652,0.0477068583101724,9.0733770075808,1.31095192584006,2.40282814921675,0.0367905243298012,13.3402738167969,1.03702913281089,11.7633549909434,0.505785375479844,0.485388836542696,0.0933991407737192,2.70128218640695,0.0951244134004597,0.246917538269604,0.25527434096907,2.58230667557386,0.0461694548769263,1.17135549368195,0.509889598268449,0.956950805976995,0.00312936369917293,0.000860198388612196,0.0624494461329564,0.00447930386455879,0.0678630140916552
0.455112410196087,1.70512965453045,6.21233873718769,0.527239362512505,4.98436502376455,0.512580808185181,5.4303870542337,0.05432331977817,0.0182503288434178,1.00250842651754,0.516015666846373,1.54735982001336,2.21956928880384,1.91799537963465,0.000383062072636558,1.15008351212217,2.44151026794893,2.77933608865911,1.30134011486005,1.08364408127194,7.64626998670385,0.0965781556226363,1.96171891343725,3.07217633292095,0.569959511399886,3.15405832548847,2.37250646384502,1.31448750967838,2.44798762778976,27.3292129347539,2.61749673001338,0.259118133207414,1.51404232079012,0.338423892872655,0.16133016045439,5.07617786552333,0.819309328055019,2.01389162879341,0.093336794749902,0.0163813470870562,0.0504837501183863,0.559398323233472,0.0778078598894266,0.0384091949509189,0.375418581996661,0.0548535755462204,0.0568822261791801,0.00690496968250748,0.0459051472341057
0.547478888181556,2.45505715752723,0.0233395731319279,0.0331698147248397,4.92232352752793,1.06047593353016,6.32653238597508,2.73509375194716,0.000306795680164031,7.76153597261639,11.890836157057,0.0230748773827675,1.50002905152266,0.0164300049962662,1.20855730797112,0.356896410932367,1.40838543034649,0.0022290853382284,2.18335507297821,0.807120907647214,2.11165939938336,2.74359867065912,0.720297201269817,0.273398178630801,0.366591020283804,0.0164839495087864,0.201939356835114,5.58723997951077,0.610753054045465,0.255159323066665,0.131833786624819,0.398747226320706,0.00117740980042904,0.916717598612704,0.180187276166821,6.97585210166896,13.0757343115983,0.956505636926796,9.50644863467421,2.61333767526745,0.178457062683393,0.158701213081081,1.3291988315489,2.29597476782852,0.434904200055841,0.0048457982931528,0.817630902229819,0.0884114548769567,1.78598587153259
2.33761665719566,1.29721277818769,0.0953005173235704,0.255178124866399,0.139519761734166,2.17572688608995,1.39143980784153,0.239305908252945,1.8872542314474,0.0850263624454261,1.05397883490203,0.0558058378389303,11.8067413615183,4.24938168763069,0.00070365362960891,3.00478456734764,22.6200834331398,1.46973580550866,0.802395017479628,0.0067255237722354,3.40516571671026,4.53510353966506,1.00697287779733,8.45283348077986,1.86117115040282,0.0310078064811654,0.860843510986473,4.23401200733972,3.96386226031249,0.432930284877653,4.43956253623503,0.235656139855549,0.511702582893683,0.815535924625587,0.00734417887241835,5.03035991083254,0.211449283361218,1.57616086179711,0.125942003800051,1.67520912101138,0.303611142476681,0.223536715497912,0.0774025414307878,0.0551281838904116,0.00249743260167093,0.549802047245436,0.0971572827979808,0.246674948490068,0.0574477687793919
6.75531071520453,1.29231238895764,0.694514726169673,0.00435853977954036,1.08689977929599,1.20326429824456,0.766645119707429,0.814529017869805,0.707596907276283,0.28255009394396,0.760855326125596,0.209890772063065,0.0022703674534531,2.29556308990935,0.257043651409529,0.0924607276195255,0.0708352359189515,0.154386676975276,0.454998455799054,0.389251692950808,0.134617545700313,0.0477645677075255,1.44863681252931,0.283221562061969,0.0314090546470844,0.789897563149887,0.370274764145141,10.9715139713591,3.07620656571323,0.720646223102787,2.31222689857093,1.33661734546106,1.54247702620962,17.0631674315009,1.69357861875203,3.5288816077393,4.42754095464969,0.00127670426558917,12.7705203351241,4.29581422815062,3.45463438147059,0.277746794468456,0.779592368924925,5.0773762928282,1.26096686489348,4.44214551374942e-05,0.328314347015544,0.00572324887479839,3.67377391685465
0.00227618947899978,0.671967992945758,0.0194812950261289,1.48899196206161,9.1342703335077,0.000726866975749568,2.1100156881793,0.906051635836039,0.537736177600173,3.77087429278337,9.52503946404853,0.121549354123008,2.5066485290423,0.761487511219997,4.37361455808746,2.88031875969035,13.5645111124806,0.385777422486125,3.45221059081241,0.78552290170649,8.98357425774855,0.000606413743020929,6.44522474594485,0.306646920685329,0.00408482664570221,0.34582323327743,0.244692053685752,4.01052544496247,0.322004923544919,0.055307616421397,0.795931352006488,0.0369293280944827,0.835418446956651,0.00183552315445215,0.0243322390342768,2.9281433328331,8.56277332840488,0.00450129236492309,6.41457729303326,1.25963218847763,0.347694456408176,0.0143132028872211,0.0174008791666348,0.210172365643397,0.341910817781048,0.193482338895204,0.259658829699293,0.0311729975833274,0.00255671282410116
3.67660739150638,8.97475280095829,0.0379822739325243,0.0887769800418956,0.60355529761826,6.90655575637271e-06,0.0333068734717673,0.0402363467037803,1.08349801132275,0.112428950099794,0.257192000763552,0.370240967380313,0.506992515012073,0.0391076290051135,0.436640697982713,0.999364174009753,0.00100674802044633,0.282347085759957,1.2404548099593,1.89418630527865,0.00112511204849425,2.4947289776123,0.221698640117852,0.269684381418544,1.82294030334518,1.89016788781401,0.399077609526584,0.140381686368893,1.00454444347936,2.12053883461452,0.310993590684254,1.0204823651671,12.9182820799631,4.04694720725823,0.292747813573212,1.14460263869552,0.845870431134114,1.36039896851199,11.5934174877562,6.24473569997497,9.56069130106437,7.3723740476046,3.12244073731765,3.80834848773901,2.96189155547414,0.542839453794977,1.57550518622976,0.227700086151128,0.00615822017687798
0.135507095349242,1.61402462848285,4.74225260118212,6.63703458875541,3.98101381784486,1.47987529821322,0.0106416301584466,0.0670614817950037,0.115616669021477,2.17267737479362,0.946312754269314,0.842130688799788,0.00177919875613538,0.692573815540731,0.718041633930715,3.18809832988088,0.131547147113176,0.513663909547689,1.68191243034281,4.03631364313294,2.1276823841046,5.08356691812935,4.29119225503087,1.10450947875087,17.6203829848116,0.401699779206146,14.1374096293641,5.57281063859314,0.0195016442802469,0.143650337855154,0.144000294819802,0.181021443616512,4.12808630484682,6.1202981544235,0.407045573580824,0.017849083615649,0.308294624316972,0.152299338529905,0.420018578481418,1.38079747249973,0.838542786865265,0.901306357601317,0.0669484571638941,0.146660875566273,0.00517335064816303,0.00186252854686299,0.508906974212289,0.0284638029953979,0.0319392106328621
0.272823941359637,1.10674695096002,0.172690968923184,8.74525593811143,1.24739221302858,9.99558061954715,8.34166206051408,0.10956908974113,0.649618945843638,4.11865142475237,0.0126709706114654,0.85323024172221,0.0635898306261244,0.20946441883622,0.0850966394737218,0.13445772782669,0.00738364060700892,0.236049982094272,0.736627943083233,0.544630703641442,0.0876468689509454,0.441545015615259,0.77518262285633,0.0423412255804486,0.2287545367416,0.843762757809942,2.39618513305818,2.59796277383514,2.48209792589645,0.266261128425798,0.148450214042196,0.50724276027296,0.0110634648035887,3.82543071222608,9.24480605109759,0.600502152492995,0.0125678235619985,0.189407896888628,3.63690034057969,3.59269408876679,0.695944268321491,9.14893109029878,16.8474687791753,1.76486097286455,0.00757554126127367,0.428994305549127,1.18165007102904,0.00594142701509987,0.344633799679122
0.212712824069166,1.38550779825679,0.121551568529321,6.37590221926911,1.82886934749927,8.06134145382267,6.28479672595123,0.00301135418274712,0.585781308339697,2.88604885530108,0.64733110907024,0.212277669425831,2.49732111166096,1.44491214284688,0.101639617224634,0.146626681114206,0.389578751912418,1.60547618949462,1.20215450922933,0.160696034736172,2.9365332971758,10.1906932185014,0.734457792399775,11.960762198109,0.954647483579473,0.00420736526162566,1.34714598994973,1.10620203796412,0.366228321634668,0.520516272019435,0.290597470178199,3.66190912080442,0.531077529001057,2.75729278966386,1.94600964676575,1.57679722572496,0.0228408936754571,1.02803543770029,1.7209447558835,0.394377089854543,1.08617373656403,8.2484002832104,9.30096353502274,0.577484733000625,0.0266364216569918,0.0980120752740382,0.329853575741658,0.110043270535398,0.0176191612106422
0.00673488006335563,0.711707053724261,2.26168895836149,4.94849657854635,8.2198183830583,0.982957197746062,1.3705112732013,0.961032379515227,0.11585594432711,2.82142034028233,3.24546575348014,1.77652632260315,6.24877329331378,1.16516962366095,3.13027552183858,3.92616715714923,1.2349473700225,4.59511313340043e-05,0.163997766853631,6.25914289220427e-05,0.760562729220863,3.98504491339436,2.22671928640902,0.0755287309135794,0.00355221318964794,0.0654684656306347,6.68888214417018,0.0275626086400463,3.11021255313628,1.76451657910789,0.492004066903387,0.84360068716809,12.0280512076249,6.59269484295326,17.1645258978664,0.0233326889674916,0.00267199396844789,0.106974395747477,0.113703254245354,0.000268015375179559,0.0677888081479165,0.037598225853262,0.231515466523284,0.019933273581505,0.00244538205771563,0.185333181414163,0.0625317573706325,0.0249821963485601,0.000340093762452188
3.64045887638565,5.05538274686129,1.29258422219824,0.132502159259209,2.12609076041354,1.47350114976833,4.3011661651609,0.739573356134059,0.000262310119519986,3.27672268927368,0.368236147442329,0.973835500265934,0.950209860002057,1.7156079822464,0.0013117501269837,1.86638541691549,0.0122615661005593,0.088457791178174,0.0267268866268984,1.09761032261097,0.104858129913315,0.00273529412629783,0.054173443976653,0.548102961873065,0.00280667824076086,0.282715046955592,1.39415336958012,0.157595490637095,2.08009544719206,0.158140971111543,0.0104399630925285,0.239302473096522,0.582296147113852,0.779989081291878,5.51111719128159,1.18199493316376,1.0252253141786,10.4283964784851,1.04210777003055,0.11038524798763,4.90501888932603,2.83800065862302,0.165104242685954,0.285615441337354,0.000504627618402518,16.312374032433,18.457323795771,2.18539944252428,0.0151397772622076
1.01456690695493,6.12828971410303,0.0502305827580284,0.403765634874629,7.20325325265464,1.40396024651845,4.24129390415581,1.80464423475912,0.248574567976955,1.77561878553037,1.31344906819944,0.509346481551836,2.16041333686163,4.21694662097064,0.0106511123763627,2.18524919394505,0.347572394437848,0.560551241933264,0.202944073832401,2.65273873104788,0.218673444441178,0.0137054156404527,0.10425892574335,1.36207628151017,0.859486487089493,0.0259488332897691,2.48560944764971,0.343728783692868,6.03055662688112,0.919624242153156,0.0685368990718694,0.0499676114959746,1.61043599945778,0.00375649194908601,1.25174065608716,0.714646526245513,0.181098657416228,0.465111341877141,0.406331658932268,1.05120496336161,1.76214335709108,0.123577113939479,0.109833974563078,0.0826463481753068,0.610287841229181,17.0478010690015,20.0107753159243,3.6465032471364,0.00587235351142683
0.0222017711100154,1.01993232662487,2.62428489703176,4.946602222841,10.0506774175981,1.43363975175313,1.53411363738064,1.31534285809177,0.363682474680104,2.1446669655641,2.43540275761791,1.60904549061759,4.20243911863481,0.862428221648855,2.06248621833677,3.37568537907357,0.686663075648176,0.0285483364822088,0.552250532338565,0.593011139100486,0.246641321748767,0.888250387103642,0.795172805320686,0.158105247743323,0.331920480613191,0.0456577991330759,0.087622249541977,1.38968449527843,1.68292660623251,1.06233455182235,0.497712474905884,0.306145281029747,4.34540778316547,13.233209049348,26.3769715978375,0.0199012277075572,0.102726357192333,1.60451512227851,0.319182883049733,0.0503750640551375,0.473826407969355,0.104779870482334,0.0327416379937436,0.14952496424272,0.0584299207478724,1.69331592975535,1.79908733915649,0.277975807297028,0.00275074507284473
