"PC1","PC2","PC3","PC4","PC5","PC6","PC7","PC8","PC9","PC10","PC11","PC12","PC13","PC14","PC15","PC16","PC17","PC18","PC19","PC20","PC21","PC22","PC23","PC24","PC25","PC26","PC27","PC28","PC29","PC30","PC31","PC32","PC33","PC34","PC35","PC36","PC37","PC38","PC39","PC40","PC41","PC42","PC43","PC44"
1.33977382455406,0.180123455155432,0.561824045025005,1.23523452486765,10.3369626486883,0.320942722925782,0.0102677624601011,0.349366542261912,10.7118682433714,8.30990968700211,3.58434027212589,3.33098594014742,0.452890337372094,1.15799947636077,2.44752843132058,0.143869525715636,1.89163888675874,0.0555256737767994,0.797626732077396,1.34058128092163,2.43848977378153,0.294790334247365,6.25621748275748,1.22719510492921,3.47166475847818,6.35737920065413,2.69392003675651,0.0410708933670616,1.47375807637684,0.110811405645411,2.53733096309717,0.00600704715739628,6.64854710450089,1.62766658912021,0.657723892920289,2.89129507568205,0.660330136160181,9.02287501275884,0.389711495678575,0.379908310453791,2.02007704008439,0.177301563082604,0.0405231168076794,0.0161455726135827
0.101373703020863,0.462117872532009,1.34569878633559,0.0229524170100489,8.34507434574976,0.0419718457396106,3.62675211697296,0.382902907853771,0.0958413200507872,9.83049780754304e-05,1.33417886078477,4.35031655169243,22.7722394303967,3.54749872240179,7.03560273113657,7.34457008327669,2.14549278729886,0.00884119541279274,0.0218435324908632,2.10809669734219,2.49268115831246,2.11891669807173,12.1446278597133,0.38158351277142,0.000299988122989052,0.159351506514016,5.61113630987023,0.132527114099402,1.51591104226308,0.0297702558459133,2.25832135056915,2.13859571634164,0.469884841342635,0.920091449070076,0.0668802216705114,1.88106741571795,0.164301147263056,0.900778403382489,0.112214817266377,0.820740038757448,0.0185017583759949,0.440625918473758,0.00996816623512398,0.117759097472149
1.80894041754598,1.79601449251389,0.025781350198494,0.00859432832777559,0.516455687114341,11.5835921223213,8.91028191724619,1.46593427298612,0.0478544198531238,2.87580820194676,0.466593249323226,1.33053189223794,0.0302885375855193,13.2633786173261,0.0482368406935631,0.277518212750062,0.0159948393070528,2.72692659168992,0.641356510790211,1.32810956118025,1.88091419094058,0.798942002625961,0.148908944242107,0.0255108156579974,1.61863748347603,1.15364299627227,0.0664887407675958,0.0397041567454954,1.25834571999656,2.38074825271807,2.31469763698305,1.56207508321556,17.3283824286326,3.76714135791621,0.164019511652619,0.0798411627547873,0.310814244054789,0.692213758751537,0.000864609406087712,5.58518145867953,1.22762000967631,0.0108222004512532,4.42618171950064,3.99010945194458
0.253236865665519,0.00822472404421658,9.65908515399691,0.0191346427077532,1.00475897173186,0.00594719856646804,4.58062742821485,2.12632577598792,2.10478437335857,0.0412462787486837,0.256344561105775,2.61789373321151,21.0174544233715,1.43654090832084,2.12983041067004,0.0267573481920534,0.0324506010142092,2.52720355048582,0.441028891545797,0.33528765057531,2.78503222749931,3.46739085981872,1.25937431738859,1.52574000620841,1.14269334346266,0.510492903442903,12.1539517874448,0.174116334547191,8.45882992967892,2.20406229054706,0.661385504793846,0.989503808770654,0.129607705368011,0.056226503974144,0.0236101781791765,6.61734904039459,1.4720991326204,3.12563787145417,0.00276478883757076,1.30219742579371,0.115697155707611,1.13837186247993,0.0522246367513607,0.00747689332068026
2.52201808378949,10.2151580751761,0.000258016501197988,0.410838643220436,0.693402768832716,0.784357322529294,0.0833964379688684,0.518119417991094,0.0213120342588954,0.334444278771842,0.481288520141975,1.17076521413554,1.4212863824957,0.538943867338477,5.08250971060417,2.26709263910435,1.79002534983775,0.0557687282366572,2.43338300660473,1.5899357484078,0.509723378904421,1.27841429370148,1.28244005905708,1.95777169724508,1.2280480807089,3.922720290439,1.68224321947813,0.00562426846960795,0.00558763739935044,1.80089790025783,0.900033966888044,1.12788262087413,8.12293520225117,0.272894182628794,0.279132034763784,31.9989694480405,0.374520158069541,0.218757188754888,0.871528951516302,5.04837443676339,4.08441576157344,0.0320384583433231,0.5632001298783,0.0175423880464368
2.14171484490146,3.33898966265224,4.85175875547833,0.278776116756456,5.39697434999928,1.12785004479073,0.0725371770236747,0.139465990952981,2.52212406211333,0.724536524085719,1.33640694089312,0.0680776521750462,0.00228134538918943,2.53158675660344,0.0722091431209651,0.000463664957278382,0.0339200986250516,0.0189101289204189,0.0220312905508168,0.0605422249903602,0.0066533379353503,4.35208830309716,0.00126935792285095,11.7264500839262,23.1659577409324,0.222304903600737,1.12278068888268,0.108881214238402,0.196216832604206,9.48651089636387,4.09495833246786,4.46323151668474,4.45942410078114,0.160264109896007,0.0412114846768316,0.283581717382374,2.38451155017072e-06,5.5848390918957,0.0958785092647979,0.959398428239181,2.93840071076264,1.67449747322998,0.00102864090778165,0.113013364815669
2.11436632690697,5.47932279217089,2.00783200772107,0.355546035906396,1.28742620791977,7.64007309322078,0.0424434723973361,0.00258609010308152,2.8900294189362,0.0875691794231574,5.01463413074752,1.72243115762541,0.827551334491362,0.015487948714081,0.158950771175424,0.775973246973434,0.293752879273653,0.0530717185802001,2.22365538016693,0.215868155663216,0.822631988402974,1.24507057366277,0.0311146382009901,4.30660940991087,2.35906783695675,8.66293682650507,5.46369143543748,0.120301960993224,1.49950682401142,0.677399972041793,2.86880696736076,3.26719398065881,0.00443863535708613,0.451659282329936,1.8515571050593,0.0612439381070806,0.0305184889684189,0.004404865834988,0.453406573915214,23.035033589423,0.492824740908364,1.20662253173082,4.43906469484307,3.43632179126291
1.03145535702018,0.000335152652405934,1.08026530941543,1.4271316114162,2.12592039765109,2.76930575071083,1.51387797172715,0.222410259910595,27.737893824015,0.0442183125361417,1.55125694687138,0.0617803350730403,0.0929122346327806,0.0061013047074509,0.586121391348643,4.00235974677103,0.560292483596569,0.242605001765437,3.18851300624076,0.707311228349763,15.6033297038889,1.7338011885984,4.87194530939541,4.7187112590434,0.208901019300477,2.04880031126304,2.33622491391135,0.494334995431148,0.86530562116788,5.9632200836344,6.1167573909739,3.2658065694957,0.014677802945968,0.598981792379091,0.0523607131511988,1.45930979269115,0.00159320780204673,0.0857561259992128,0.103652077913514,0.00353943407024245,0.26749201367722,0.135935319098599,0.0705325133108725,0.0269632144449251
0.00129047895418213,0.641878354352167,5.567096460845,0.770725663493673,13.3169603782173,0.0398941302391874,0.269411513582504,0.337612889835716,0.501449970790051,1.80636679044214,0.477565104534898,0.516532293540372,1.74171349195529,0.333946405278766,1.00427863037282,0.363981445827158,1.57719901525577,0.568170376445206,0.488561078612954,1.58352514585162,4.43014046592809,7.96657853879096,0.0516202760038403,11.4530242835354,26.1745844376585,2.34193719242668,0.00822293106883586,0.901505926580755,1.31761302879986,1.83625927982914,2.10433764363748,1.16790708960143,3.42308531669038,0.259588680235195,0.221853183693584,1.09247546959266,0.0316171183399653,0.000418737025473386,0.980439622320289,1.17315037641796,0.12460504365876,0.947518362827863,0.0536279429009304,0.0297294340092032
1.3309496705492,0.345563976221095,0.000125167507004728,0.00204064499878394,0.718784535682519,1.0196901464669,5.59357197251475,30.9840763823748,0.00123787485159029,0.00729494475224031,0.0587597965912766,1.91508244864281,5.97299770700943,2.81004350573556,0.0683916191515053,0.511671541196561,0.0461966787820347,0.281370898715496,0.0507543660985511,7.51929333751603,0.419540596817287,0.998346861367923,1.72309137857099,2.38481122368836,0.0291899126940282,5.47036411780177,2.26851547633856,0.930754515513434,4.86156391123803,1.88016595098995,0.214870161475176,0.0339991380568463,0.00940024007158792,0.0817286895346055,2.20078917660305,1.23799019525957,4.25841288237816,3.63473931812442,2.36058858406712,0.605056040948754,0.14111913108143,4.98133059560137,0.0344083842017534,0.0013263022177256
1.25477025100506,1.04075874644155,4.63640796358844,0.0148501710612503,5.41516305872362,1.0015862627408,1.23357362918366,10.2838889499157,3.28495965095043,2.81834881618703,0.597444622103873,3.81389643639455,3.36344149894229,1.84624736323492,2.25109040740228,0.111167760572119,0.0855620028637065,0.0705911045875495,2.62741218923259,0.346862297936684,2.39441034161429,0.0816106006937805,6.64583210194248,0.31104474294916,4.36092698366896,0.893059406351083,0.433742796818092,1.24394849262485,0.00605203772700394,0.129402000460643,1.30355193723202,0.000224888018317001,2.41601888060845,0.168008720986949,5.22936989444102,0.124946290787301,9.66792180238873,7.16143530563798,4.07142761156999,2.07001200988522,0.0867485681818485,4.94286317445676,0.125379198829308,0.0340390290576188
2.59180314545736,1.05418237758227,0.98256584168017,0.00672683267139434,0.323691044125876,14.0950604714617,0.425678254244334,1.57688488807683,3.59452566739563,0.0379742105834506,12.5792011044111,6.77238524290412,1.52879859947993,0.544482974683898,0.0487460350124069,0.269144806808543,0.464408105281224,0.151986393364625,0.423218472705364,0.151161125180376,0.22048938715285,0.00377803123476329,0.0130831534338411,1.53476464081815,0.932448973242429,0.179206660101382,0.0357100362864453,0.719767250150565,0.995572454438107,0.00634765898679664,0.0331484560430117,2.64935136392961,1.64569230487163,0.00618745668486207,0.557737862626601,0.457900779715501,0.0969271957879736,3.97872107323437,2.63724211802103,0.0834866196019134,15.1392759236609,13.2696487761489,0.572013250941862,6.60887297977603
3.24924938461714,1.31047130099217,0.105552655291039,0.359682450146731,1.38677739203328,12.9307512225146,0.843601017646612,0.389105942488856,5.90492359089655,0.29299325167706,2.5274292781478,0.0313446553994675,0.083111222015433,0.213896058372901,0.411898522695203,0.301119356936466,0.00111849964789709,0.255991346820369,1.75076636445715,0.868503552608227,0.701772927672437,2.3089250235069,1.10527963369596,3.29155313496148,8.56471806976391,0.000816786747012264,0.67471211689869,11.73541493299,2.27713800402543,0.931650086645607,6.45894126791988,17.7981604016193,1.10516936390527,0.00686232720224636,2.07996356724803,1.10263833248593,0.292503381292098,0.612831377981317,0.141931055126734,4.1549091009526,1.1625785159581,0.190721383670395,0.0141624941498164,0.0683596481759268
0.486565155872862,0.320003223028203,2.12103890217253,0.15821244196982,1.36299842318864,1.29965666411985,3.6029876716208,13.1305739032343,0.12054901459074,1.53364508819978,3.41849805707032,1.0133297107648,1.30286102823937,15.5415686133436,1.57212183880612,0.0104220670588119,0.0450346851424371,5.63128728786755,8.20597058439775,16.0635473082136,0.0906010017566011,5.35047752630005,0.438134960746593,1.68503243301613,0.0437512357431769,0.314190719058431,2.4598717277373,0.132254873538089,1.66505401979523,0.671779238350046,0.54806672436815,0.0591158608403952,0.285718338308357,1.5490030634654,0.283593347930113,1.69467928347438,1.20773161081207,0.0319962070122576,3.38488049782202,0.385223016979499,0.520590350598289,0.0612822573922374,0.129167009531471,0.0669330265218136
2.78116258407737,0.119981054727272,5.97179349769105,0.411455709530413,16.5751691015282,1.31576013200893,0.0401789032322114,0.302301130024534,0.289846851524675,0.263469205118813,3.73153233743428e-05,0.0705066746136223,0.675293258354555,0.512569418003484,0.402202481022435,0.00601748357213727,0.0210524505964503,0.121894903423689,0.00119288764127199,0.628574378794806,0.0123609531443747,1.68345216051843,0.100779701002142,0.0410862518111611,0.0186235799192837,0.215837292556506,0.0110023845094561,0.00986083939280803,0.000939709784550127,1.59551054733272,6.27195357171282,1.64931634304763,0.100222312784644,3.37069053414437,2.47237419422372,1.55086185013741,2.97608533732658,6.98851596405252,17.6730117007052,4.67319331554617,7.66230985335494,9.77085327290486,0.312003387838738,0.328695521439624
1.1182918029074,0.0234851718173224,7.4037472980309,0.906933695507734,1.42726084350933,2.79170293276041,6.80009208925256,0.302274377408347,0.898540719528688,0.787570759359138,0.26641136831067,0.0257682855676231,2.61529607573305,2.82813796359441,5.70603681728366,0.0633276856504376,0.401252802159337,0.211129901719893,12.9178384024627,1.77409185308356,5.22878392512443,8.85717670533249,0.897350751661988,0.0252679236488861,1.56966645441788,0.598436128171547,3.85270478169738,1.82946295505083,2.98975741783239,1.67430779038119,1.97984221775339,1.62420376664572,0.254338577815865,1.54579616638411,0.762313223878443,3.3301893943477,1.46288984000371,2.43736995556662,0.736868729612469,3.93400353415708,0.206626497761729,4.81799813205938,0.0580991935379253,0.0573550915096592
5.79594739726055,2.82104754000293,8.0387408115711,0.140780531119928,1.42287976030689,0.727777247032515,0.0956292246885741,0.105991639778333,0.0116796387411964,0.0110123288779272,0.306133954727771,0.472822307865171,0.0523002001330186,0.444994163464539,4.03167603732809,0.575425781020545,0.000348433692013326,0.39264438908495,0.534534745520864,0.691187769919854,0.107970675731919,0.473868924184719,0.13057004777817,0.0112507058054674,0.000578474752055405,2.1097587294139,0.318275201302869,0.348872856115197,0.00893690643062663,0.252986982776392,0.0624195895408506,2.41713532714539,0.774128041455759,3.36685981884236,0.041525795412706,0.0494357721957362,0.115261690209834,0.756204078942959,0.0276980043984504,31.9453713598349,0.00152131697575402,5.23613303398711,15.7716568438112,8.99802592081895
0.502524124004281,4.40224260980324,1.80205394767326,0.411275910154629,4.94518812494935,0.944827922201897,0.455110180801318,1.33575215415255,2.92437762597004,1.53434256828746,7.8142789370168,1.98721008744123,1.07852214262846,0.611222218980468,2.40865300069593,2.7720194500163,1.64343168168519,1.40703903018529,10.7147965156608,0.0067138843185958,1.76694807958365,6.46513380579775,2.21823182137913,0.131035439183971,2.7083178349486,0.424650948055271,5.45522344215478,0.0949754889844862,0.434214693753878,5.35044210137314,7.9520963474455,1.13962674356409,3.11487085912267,0.864495326501428,0.0652308138180373,10.3443905482948,0.0512383577616798,0.460834778324984,0.208036311805234,0.723616797260444,0.000186036632229072,0.0351632724882909,0.186109224508147,0.103348810630674
4.07114773876271,4.18789407049688,1.43553017324853,0.079692474812019,0.35490045145778,10.3903142459592,0.0134182834763881,0.574272589431455,3.31636693159491,0.0136983945941087,2.60546044084739,1.02659432830148,0.293239294842406,0.370535421768156,0.734166113969857,0.00555102166623603,0.000215009025135259,0.22415433990986,0.00983080334912539,0.323406310911627,0.00609894904818324,0.317819538817261,0.302661854286678,0.184151454620987,0.0848401555739423,4.84787960875856,1.95657737569194,0.0859704745069872,4.38684999486783,0.511060356068339,0.891186278193369,1.04227351052297,0.163590284821055,7.08737396444952,0.476323301678289,3.3672760558495,0.0105463129488647,10.2743782144203,8.50848640523151,0.677958617547978,24.0181038818906,0.319918311520463,0.368782771613251,0.0795038886463623
0.090628686611903,0.401959145272327,0.869262898633266,0.498614162687851,14.4185986630169,0.046273696726333,4.32320224084489,11.96139863149,2.10461604105825,0.504237733637822,0.0763325565546288,0.691210209993511,3.23651311949681,0.00454355609841393,0.195440578208263,0.348977653779691,0.556238222327968,0.298386197503595,3.5519905248625,1.42253626025606,3.28237557169011,1.62157709963295,0.0670647460708003,5.99680969081383,3.38072606837941,0.0953588954054723,13.3752089699366,0.409691671994956,5.10938861518343,0.365085267478591,0.928497192852831,0.325883815302933,1.38138004052146,3.69476819512443,0.190483387935577,2.90142628438362,0.00175138167679724,4.18377170327311,4.61005354854102,1.22113483536441,0.181798985619321,0.72171531838522,0.0698459336695534,0.283242001702646
0.361087263080024,7.81907698283907,0.299331244105173,0.593321745325656,0.0570727567416798,0.398117036339533,0.586394224722095,2.51453156544541,0.0134419386078147,1.99637401832696,14.9395645199107,10.7625477569013,0.000245996545508709,0.203850991525595,0.00873264212424356,0.630097123748112,0.0145618289117264,0.170405945919524,0.434113091256255,0.968700058050032,2.25681319292848,0.164060710935918,0.460394456742175,1.76138143563159,0.000845741741977027,13.9781515733387,3.271108686108,1.45404734781637,9.58257019440559,1.52545754520532,0.621347481627523,1.05760763310878,0.620181956354274,1.55949207298557,0.256729628624869,11.1533111801563,0.00473422261665123,4.1281983042714,2.19700395380359,0.029206162201619,1.03545210687213,0.0513836752900164,0.00312334331057617,0.0558286634962388
2.06005755485463,1.02197821500522,0.737185989125349,1.74222416855179e-05,0.493113926932047,0.446599969845513,4.29354432849899,2.87607179337844,0.0745046976742088,0.561285182999103,0.387954327432402,0.166841515450901,7.52013612433048,0.0215040932727984,5.5590961801987,4.28635989054409,27.9836047148909,6.78259560910571,4.79568085779679,7.00367629997025,4.01322313532297,0.170412815088859,8.54059745086029,0.670940709843452,0.0154101076662527,1.86172255798071,0.393785432525371,0.251507256637714,2.34941943689344,0.0456344284705657,0.0216922886591251,0.00820237115653639,0.23957113338443,0.150886627672207,3.1374708255558,0.00707439725187715,0.566508687371704,0.233461323154626,0.00821721339625374,0.00392609179195194,0.0152313621947077,0.0216585976658482,0.0938172144483618,0.107819841458699
0.0565095473872415,3.13480684074432,0.00764549923751477,5.7259210308334,0.298982047059598,0.855375838113996,6.42043836845727,1.70527453372019,0.997679874957046,6.74626436976989,0.0213068491772256,5.0742984970332,4.00286992902886,0.0330863741417349,1.94562462009211,7.79141797958331,1.03743804044274,1.38254116667555,0.611293103272551,2.94905933417473,0.989680106296393,13.6440547214332,6.24723596040092,0.00871475042253092,0.659685475199252,7.20735199728734,1.08760227346769,0.0625949266740242,0.294083815994007,0.206206940220145,0.000147816779880856,0.0373159475000297,5.3648328757805,9.11667354021391,0.349194045798715,0.402640408668142,0.866625697659236,0.145806258185176,1.15206044634387,0.00320883446273661,0.589566950186664,0.0535654761980131,0.572946325705152,0.140370565219926
1.58893702139547,1.17730947635255,3.98454130203716,1.18508171983317,0.687567211249677,2.95735688261164,2.143567876462,0.869216130518217,0.00350637156585372,0.401789241704476,0.608651069893494,2.86208255011313,0.141727814163196,0.560237060564937,27.1869399336147,1.69040894678444,0.838919939055498,9.68073307266558,6.15312917114225,3.49361437229274,1.79734383170832,1.78984004489164,0.000184038020700727,0.675081062534896,0.653793491049085,0.00763912547369918,0.633790322117473,0.230263261484685,1.53872335342517,2.25692053457681,1.99876269580911,1.62392138061549,2.45285577304861,1.28322634483045,1.59032426793196,1.77413838697345,0.0204750835428363,0.868296844383583,1.48233033808061,2.29718247013203,2.26476476858959,0.19700236195101,1.31583047606184,3.03199257874674
5.02022608729257,0.981177664787353,0.596519405053146,0.708845240684142,0.823262017997833,3.45699568882937,1.49134293964423,0.316580951430405,0.757568141059083,0.00095478242779378,0.00706161227615391,2.53748817872113,1.60862938335293,1.11794344895608,0.00196171919484144,10.5665357375553,1.54571709273195,0.0311935267936372,1.46275134615609,0.632061974019745,11.7401734108276,2.6607106045449,0.00399757460049793,1.3334288035424,4.04580066513141,10.0774837240781,4.39481981607925,7.16591670799489,0.180516684026253,13.8487734201992,0.57869031989081,1.79009173359949,4.03767052972349,0.238432808071407,1.61166225775418,0.0175143920381786,0.000121594392572787,1.46508960827819,0.199302587126806,0.0823546078952345,0.154974600192747,0.36520853769544,0.0476239863400558,0.294824087013153
5.87838859907211,1.36262592670121,1.38600895511039,2.06493795186439,0.00064462343627223,0.268391387456347,6.01735570457572,0.154668954087786,0.327589506045653,6.4990977169273,0.026020749562194,0.113884920318868,0.0568012677921632,0.00425514921323238,0.00694516827502499,0.327660416177721,2.1199651210524,0.59107143529703,4.30608905456795,0.602918502029478,6.26359290668085,0.0635437700325573,4.93958263827092,1.45996296286905,0.00180140766435838,0.0587232015281277,0.0547609344133326,0.00987308793328182,0.118304688809929,0.0670907684541472,1.37895159398094,3.58442069920021,4.66305099239299,0.443368402961621,18.5982759893429,0.932796226032809,14.684303701264,0.737929771172158,2.77826108569204,0.0166209978149042,4.38424242473498,2.46598311262061,0.0902424869020619,0.0889950396679372
5.77769183275005,2.41013880979873,4.23410948991963,2.55099440675442,0.130743460094227,0.160026275050291,2.0207175868129,0.0214378428503522,1.48877587277038,0.0298054378917554,1.68379802037821,0.134475690710487,0.219304758865134,0.0301742109323057,0.713746333005472,1.8827849672875,0.633676673134081,1.52238442240361,0.246514513600517,3.02798442411532,1.20559747287217,0.000131436269729758,0.0106995167814062,0.0570993509842411,0.136423998072138,0.479546223823583,0.110012711644458,7.7956542816406,0.507997690902739,0.652806371140885,0.0089128358248898,6.27514250935519,0.102897175780551,0.00640086874557809,0.531418451428775,1.83200350552395,34.6980331126205,8.19448298320261,6.77810272334015,0.621233614491276,0.202609280132085,0.143514365526241,0.634990136200594,0.0950043545703842
8.40976119794188,0.107793806043569,0.127831658413575,2.88665490927182,0.0581176965324445,0.463852998886949,4.37575580547216,0.0223617382484886,0.0336097597257596,3.03090702251288,4.47470151012265,0.0205596001544296,0.00143623671428994,0.139953302331966,3.21092218192676,0.0510160173314975,1.02938191551968,0.354292955280908,0.000206000048941288,0.6555335912437,2.06324179036277,0.387071923776147,3.79461083556227,0.858144768213126,0.285987722798956,0.344689187105982,0.0419397360586005,0.000317767849995347,1.38139448621045e-07,1.17471249864076,2.60170504073343,0.223441922579156,2.57174791416508,0.114796970345347,2.36824788054171,2.48475480726951,0.389618245064288,7.00963049284719,15.4546273650134,3.18333830342492,11.8386963174399,1.37660884622432,1.668720465697,10.3086991564224
1.97437768433016,10.3212248918174,0.200487152109082,0.585648510785016,0.304352966780959,0.553774286213841,4.78750262502229,0.564520106440374,0.122589268939127,0.0869812268745147,0.0242672320035793,1.76220026545881,0.635833263054901,0.0664027325262525,0.0775527652997754,8.78526139232326,0.59273319188477,0.198378687879735,0.122092799331559,0.260382378962647,0.88486082689798,0.133628048040524,0.161163381070942,0.024929283713087,0.122804798515923,1.73712326344672,1.39756585899092,0.184331112382594,1.14011660140841,2.03306940235706,1.63283134304228,0.322664268313446,8.76859110881742,31.684257815266,0.958135016211466,2.9912249548912,0.859975241986621,1.34228251678236,4.34765095237617,0.0349967435500883,3.51743102272795,0.258278021784576,2.41263421685206,1.02289077253621
0.00229684000084278,1.47164494898945,2.50398000846058,6.51628226708646,1.24860682764167,0.0182434160763277,0.385475763367306,1.82733994165794,6.91180393403084,2.71928568319844,0.222961918832966,4.0748027679433,7.30983566910137,2.17773434150243,1.1360138684982,14.2045395238373,0.408497026177023,7.51482244418005,2.24188509205187,1.7703872737129,0.00403809363163739,0.440177082519562,0.587862328459193,0.466148590535237,1.30078958611819,0.998130701367682,0.0215622714000139,9.19274020048085,5.65333092601508,3.8021027853648,0.886839061521073,0.295901487195916,3.89744869565393,2.78109659947943,1.90254557074802,0.145843195995848,1.16661948026064,0.809763886286349,0.0459217847613643,0.218671993985214,0.0319688692694314,0.406834926966654,0.277164619114569,5.77065220352121e-05
5.12375983599852,1.49161034300513,1.29047215506422,2.74458306311499,0.405286763003477,0.374421695685697,0.0285193208789492,0.174647181690155,0.00141573826945879,0.140563759648538,0.108997508583294,0.0204166684305917,0.016452742456065,0.388940606968603,1.67490688296785,11.4617140669451,6.77093274969532,0.910390460831361,1.54624536658655,3.0075833022922,5.9707920937319,2.82476411769759,18.3743491865831,0.119949906441856,0.332783908591214,0.612764060132414,0.827686534163762,0.658874363359163,3.01706706002543,0.731798462740082,0.798686818757394,0.498072424675274,1.27908191723919,0.0168261699554054,18.3553655172698,0.0582752868291894,6.85979548181979,0.588998406853023,0.0297184259793642,0.204516875461067,0.0101074525499385,0.0470973039877782,0.0927538616510465,0.00801415138908093
0.012734152246511,2.59726086747123,9.24862158938524,0.699037380018351,0.00786803876624702,0.183738899350122,2.74731616532854,0.0659185890155807,0.389212327727707,0.186142202349646,0.701742163799738,0.0681223580820808,0.407322445387571,0.121619077750208,12.4192401937136,1.80878819431568,0.0055703821040004,0.988379596221321,13.6863044261957,7.27301428657782,3.78196576088959,1.16591497168474,4.84986284266005,8.27527158925446,0.0308973896254354,0.0533746848196686,6.32903735392705,1.73741974006216,1.40597883412714,10.0962672925502,0.558450780545872,0.860936549115286,0.18108052559739,0.0619651088526262,3.91461544050349,0.026561789911735,0.330185854387694,0.104388231425037,0.146675176615789,0.0300627344496843,0.118703405636601,2.2254825836048,8.18885859580014e-06,0.0969398350880368
1.19424436227628,3.80495299488473,0.634752975048846,0.57951584531136,1.10853402943839,8.4817274747967,4.69187293510554,2.91622870585468,0.394401890191312,7.71443193668633,0.208248607518528,5.32037936965667,0.0287752063066958,0.6168228154829,0.0018360522527223,0.613539594333896,0.111278589455175,0.558489838153246,0.00801293828637514,0.729481819591134,1.30584673571677,0.386323129127359,0.971158441655686,1.03333068927459,2.87102302953897,2.24132860511326,3.43306111212486,0.610609350111158,7.7463733583956,0.299765579354222,10.3689106393631,9.74249443202532,5.93962539311204,2.9871989245109,0.122308237085173,1.27191045988982,0.640804186274346,3.26506921505392,0.240370182275998,0.142602606322773,0.0340934667261241,0.00607790385708779,2.8347665685447,1.7874197739147
8.96885651992655,0.525037601539869,1.71569159992922,0.028065005740884,0.0801334694651029,1.71442780426274,0.067931914867521,0.0202317017331029,0.98150340644106,1.30637831372835,3.68284877937118,2.09492704229815,0.279783494122672,0.0350580851888779,0.0300711241419907,0.98042339925088,0.00858591448193664,0.324960073715309,0.320165171671254,1.96387867238792,0.403137553223981,1.09532395167569,2.23348442238417,4.18592830359161,1.16081426500913,0.207809456867775,1.43797306235256,2.78105686166353,0.883659736715115,0.517201248103724,0.0574096469828291,5.78041213516944,0.0243610258439191,7.88283327093519,0.224301551398973,1.11058074891359,0.0864389986389598,0.223399858901782,2.69938661720499,0.00165793138066711,4.01805719453494,37.7140251243257,0.138679238118931,0.00310870179823614
1.9863740424051,2.77951619479855,2.74344531093542,0.214169366173583,4.80758492049678e-05,1.20862670565155,0.248345149329531,0.78002802861878,2.61138957483265,1.35309554773879,0.947208173916067,3.60333264502376,0.0183382863077808,6.21524323000253,3.10419164473079,0.48808159746787,4.03010177047937,3.90802622715238,4.80621800936051,2.57200876084971,1.53010660606485,19.5552369505521,1.63666643622088,12.2238668620696,0.125787244461129,10.269190928241,5.65204748555938,0.822334413618976,0.655919672107252,0.0374829229962224,0.0554955252134573,0.222545610758592,0.0539079621592933,0.801341415756676,0.473874175059798,0.0480354735722134,0.261746577090231,0.181342919688191,0.294181273122398,0.336532850300858,0.534242889615831,0.470573216473168,0.13156464398514,0.00818760368887576
4.77597898437207,6.13281219352627,0.86249855835394,0.694238564125505,1.88056842158221,1.41104031036346,1.23240208599514,0.111300349913346,0.112118642859304,1.57383261180045,7.13320442715858,1.21309603151322,0.00783314361823018,0.0385603459699152,0.258671618513496,0.939423465772493,0.0281295712071882,0.0193862878146402,0.876690196887788,0.283012346457785,0.134479347748795,0.164806743381646,0.944382482822162,0.00894416367248616,1.01093724729975,1.21311460530961,2.43836945130634,0.00024446729559252,9.51871402872815,0.370226730887665,3.06300714171814,5.23177911053377,0.432266363110419,1.07530218218927,2.20025915813114,0.366460639508342,0.512083905153836,0.494343946731748,0.0885219951498395,2.14284087151083,0.857754184790974,0.388262834544765,22.0290466900711,15.7290535505987
0.000802695167843674,2.23626201777638,0.0993528486263302,3.87317795936743,0.00249536028157903,3.24248976584078,0.283591747270837,0.0682103458334328,3.37409886041075,2.7022337692664,1.74486645766586,4.97706014678129,0.683981067161089,34.3376318558123,1.12266560153018,0.215426119684395,0.0155190302717705,6.60281207603786,5.14942362634192,5.64369083398229,0.732048171538144,0.0567894847837979,1.41563689249459,0.458411118690119,1.92277796262408,1.86606674660427,1.71002364055512,0.269164029738579,0.70140723933117,0.0539928953224935,0.917313429367466,0.24641667589584,1.77195470980968,5.35328661853356,1.75923361432019e-05,2.33327260558572,0.168049070453898,0.314287200956011,0.156513576239641,0.412699914249239,0.0591247191811362,0.774788013669289,1.27950345688966,0.65066205003958
4.86343922550825,6.11549710973998,0.0193063338082619,2.46673321113896,0.392708244841793,0.00372273443205909,0.250200637058389,0.157325375516951,1.21158858284596,1.77717658262425,2.09314665201837,1.85307991200202,0.138493862863782,0.0274227568924207,0.0738214218803149,0.213293541027558,0.00521960646846521,3.24325348719239,0.00874988549138307,2.50573343974548,0.0185492795187485,1.11457527069229,0.196463945602231,0.387641467350779,0.286761980018959,0.098783244818754,0.135631788234454,26.8348475223185,0.283865819823181,0.123476556157894,0.967037570044,2.83583408402271,0.00690371735119348,1.05149171238358,10.2690722843057,0.0025296305268244,9.66477929167393,6.70214445329369,9.35428861263461,0.0885044641070952,1.20249014886572,0.829441683332923,0.0796731442735265,0.0452997255516105
0.30497715588572,1.00614217200346,0.202659863708573,17.0997794233597,0.376179510865712,1.85911869840183,0.280683693977067,0.631880642644362,3.47436243410395,5.22721898334598,2.98606375188517,0.748455250257875,0.010060214602982,1.33621588611141,0.340062339901114,2.97595476517417,0.349192237330862,0.0614461285325985,0.00118605515544718,0.382205177070813,0.111538107116254,0.995400477012875,0.292413258762208,3.8740086437624,0.486034962882205,3.45279701538384,1.22745635022436,0.882228489268728,9.10950730219402,16.3808306436377,14.2209569424227,0.777028131731561,4.10424432831157,0.349605536706238,2.78568628703184,0.0118005440157049,0.00200953619351676,0.511591761749921,0.0800905349067567,0.35890136323612,0.000385987048039587,0.264865046778811,0.0451135773530976,0.0216607879507829
0.769869739511548,0.301467942680161,0.366317435156947,0.373588298608414,0.155493978533586,0.15744981479259,14.4466490884131,3.51046867799427,0.0700540253889304,22.621541409111,1.25202229013951,0.128666636142704,1.48697909998328,0.961730583119807,2.66949749529583,3.71640897685621,7.04602078345797,2.13229771765617,1.33564744344312,0.309893328305824,0.0256339766581757,0.00846139906332518,3.98458453473283,3.78198681046079,0.516473279237164,1.33453011172751,0.226610286026775,3.23326059273219,1.70827632857706,0.817941126079147,0.114607717972128,5.98242073170441,0.216827680022892,0.0418873775554298,11.0865020011448,0.0939989759265023,0.204797302489423,1.40833231492916,0.0402045458164196,0.303472020270229,0.0217737419166749,0.356032641941263,0.0352583855953623,0.644061352829421
0.00308737444377613,0.141762057442911,0.0389461014294193,6.31223527090391,0.00455855778866613,0.138959321636863,0.0270131131884665,0.0175040718962046,0.264090099947954,3.84202592913841,5.7896485481624,15.5961976213706,4.27803204952927,0.855528255000682,0.000830218959326142,3.92951961459727,29.95306696331,15.7188891854581,0.117783728001916,4.60764863762793,0.00578862590674312,1.1485597151517,0.136511860245983,0.01108745819431,0.589741638045954,0.768576354410146,0.812051155313696,0.34439516973892,1.51009487152916,0.862312322303534,0.758230442032707,0.0198122503087626,0.333254226713322,0.26755281652507,0.245323217537144,0.00143965279566693,0.0959176586453628,0.294252460761105,0.126898126610516,0.0157944681381358,0.000420889788641744,0.0115797201793837,3.97218336335275e-06,0.00307420710668133
4.73871738438664,2.14695906169293,5.15165346313194,4.47446810390198,0.000829855992677084,0.0948513750794485,0.0771572833676941,2.0098035421281,3.67072405524784,2.5755431790165,2.03039764025475,0.432505867505176,0.762912890864667,0.0535045075258841,0.137441477546761,1.29852226147161,0.195398260557476,1.58625696962528,0.00750305329855169,0.635637562428832,2.43303640369872,0.0320076043880814,0.29533332670893,0.00623022810643736,0.197626646672079,0.0384987300436397,0.978287218559886,8.79682295291066,0.00365367094050206,1.1222361886141,1.35258424276695,2.22546182133242,0.632293984680454,2.57334780175978,1.18809809671992,0.390970224279155,2.44065134984997,0.237382426394348,4.11645667836754,0.589805753689202,4.59057611341921,0.543101158965141,17.2643082085253,15.8704413735829
1.53547437965073,2.39021782493537,4.95818401173149,14.5234100805927,0.0425071213763493,0.0248700357499498,0.416838626856147,2.12753356002956,2.45250540046217,1.75319511104062,1.85049921792165,0.000810349842573284,0.333480750549131,0.0432828971272897,0.290373502256079,0.952120832492255,0.52752274654729,3.10610623530242,0.16867887956823,0.115584022220917,1.03706070123316,0.000243734109113677,0.0145276379614908,1.39069680283739,0.11693360442431,0.547956692706273,1.20484122768004,3.08156730115955,0.468373107667754,0.00343799740369841,0.212999372250655,1.90073252275328,0.066557069513829,0.00648019855157107,0.0411082809665219,0.00599983569331498,1.78670388192586,0.577709426266748,0.581325121775594,0.0457539497883897,3.64998596313772,0.841276227100134,20.7054974146034,24.0990363422372
0.0051406766309444,0.372970257789554,0.124038007514231,15.5800942145952,0.06497788332183,0.648486409495359,0.142743750228433,0.0456709330949082,1.17668432204516,3.12509112266217,2.32222195438181,3.44430320056073,1.48974263873301,2.0535721277478,1.63316350206159,0.013271053592615,3.14334033866137,17.3073876916095,0.547330905017286,9.54117382986825,6.09050323449523,0.579802223145117,0.21869815514603,4.00741042345802,2.06442141541149,0.0155217848522674,0.199770918176954,4.04088757979285,2.29550296244375,5.11183702149263,6.32322575138528,1.72984897585581,0.387280559276895,0.295960604343258,0.0714113350082762,0.00999483045643006,0.501956028247614,0.00533635600357239,0.231204670346814,0.0546256306685613,0.456852844308399,0.0759974009838777,0.948750124945774,1.50179435014338
