"PC1","PC2","PC3","PC4","PC5","PC6","PC7","PC8","PC9","PC10","PC11","PC12","PC13","PC14","PC15","PC16","PC17","PC18","PC19","PC20","PC21","PC22","PC23","PC24","PC25","PC26","PC27","PC28","PC29","PC30","PC31","PC32","PC33","PC34","PC35","PC36","PC37","PC38","PC39","PC40","PC41","PC42","PC43","PC44","PC45","PC46","PC47","PC48"
4.84693241717598,1.9932894415904,5.5131121848605,0.318995634539005,1.08621722503443,2.89674965500318,2.21188022235001,0.353220500771793,0.0300938227515254,0.846056028295799,4.00463980366745,0.76567950505875,0.0207899986865781,0.443129836205178,0.0881932067523871,3.12655764631933e-05,0.8839353544156,1.1670777437788,0.199589889196175,0.670607144324861,0.0323082853955983,1.50174171888432,0.210545398300659,2.1374774615039,0.0134389853227024,0.00167394656872271,0.0891014093618832,0.220861262357079,0.226678959187735,0.417914480438201,3.15965510638606,0.671941511025034,1.4653589500458,7.65750652577157,4.70258783154737,0.53814419282312,1.16356641184266,0.313485853844892,2.12954485289523,1.16602436596192,0.0176343892263326,0.908130652185602,0.00137005094273406,2.35986643938335,0.249953545289008,6.09379167279316,0.0575671435552225,34.1519077171253
0.180585229554123,0.850754678319272,1.38992954893934,4.33104560846081,2.23400918776356,0.596542241441138,0.561873961241858,0.991589576440201,4.79599718905638,2.57332225064357,0.817539516749485,9.07116209260774,0.855876586503962,2.14795608175176,3.82611285799856,1.44776259256902,0.00662155171439692,6.36328776463742,1.39466968264148,15.5061413501502,4.32480355173259,11.8304110077865,3.39471047045877,0.156048400250236,0.0147225225982744,1.12545275147415,0.919219795764189,2.16740977188295,0.706200940559625,0.949202723497437,0.547447620779503,1.28048186812044,0.136807821020889,2.37738019556188,1.10406898638894,0.560877158276225,0.245695501493858,1.14003152821644,0.888289703709893,0.103946610578911,0.549957299411755,1.40342512585526,0.0462128474126958,0.852808918392965,2.9181017446892,0.30264087265769,0.00972134543007356,0.00114336681430489
3.06376823443269,0.580403697524592,1.58007788954519,0.854283212363319,0.583238995580642,6.56359935575083,10.3631906880185,0.2063171214407,0.0157791401186286,0.654762256491429,2.94761884956569,0.321717896542073,0.417419816637332,1.74140646826369,0.372839285673979,0.329818913176631,0.00566733469865404,0.0267648816500313,2.56192026132972,1.02646917620704,1.09793370720113,5.23958514232587,1.38788730603645,6.35492335387501,0.0442969355005632,1.67388877983504,2.02758289418977,2.56205170290146,1.08788045733073,1.62604878454362,5.4409382063421,0.0582017638800851,9.50763971670831,6.47024768336539,9.17667637658462,0.0665526252351241,0.0353665366882377,0.110618432951613,0.140281539759438,0.318125570545756,0.139661458267257,2.40897362050159,0.737263378511769,0.1426317582325,0.176838675186007,0.0743464412166767,0.00046468666531503,7.67602899060716
0.366734837939739,1.54555383290763,7.6117619050598,0.00894791479107028,0.171693035699138,3.93933741309776,0.473687423362619,0.990245765941078,1.58643332071017,3.95495638794391,4.21857679721109,6.97480230347526,0.393587343165107,0.00217091778476377,1.45196327172939,0.180893246566546,7.50484404798864,0.0210701436228439,5.24064853802531,0.132539286773521,0.332048297243699,0.0470381857257933,0.00478934398913682,0.0645808199694635,0.25058947917899,0.00104573670949655,1.24710092540713,5.27482016855547,3.50999187784059,0.115917756392738,22.3218818218871,1.61387795310041,1.70339539203566,0.819377041946547,0.534189148042418,0.670343016266124,0.700641996728925,0.0425599129624166,3.55592303169721,0.592610548183338,0.00572609695412825,1.65190227255477,0.00896926786079246,2.94906702637223,4.45963677084319,0.656272009982773,0.0757830304220616,0.0194733373520614
3.26633746822832,4.17623802356888,1.03276577881072,2.97103952160546,0.509151121663571,4.91767796963952,0.00424437088383763,4.49787810637949,0.205123119108596,2.81678421275004,0.0947676632650293,0.0163812815791012,0.22122587186679,0.928889743037199,0.159635372287643,0.0371992454161312,0.233983033237042,1.96140691625036,8.45658433178075,1.12545656184029,0.969556704939306,0.71222016844109,0.538806268825571,0.188597448871042,0.877813821636081,0.111718606102499,1.02120096136532,0.00745057536778947,0.763179196782576,0.0153820856096507,0.748093435945305,0.000426050429698694,0.743806501268063,0.0790529847493781,0.62215102693878,0.820311380079139,0.118729055671568,0.0620310671817797,6.35027664222014,13.2037801138144,0.0225346422054295,0.514977929850522,12.8228316768733,14.3209235053167,6.41423221593922,0.0140417883773737,0.0466026843427496,0.256501747656661
1.78846054582257,3.7252237909925,4.81683399018457,1.57037835067548,2.42933507690623,0.385551812448297,0.0755110289724818,0.165091764883102,0.0102082640433067,0.603716435147663,4.31813042946405,0.0288833414922949,1.53856278278364,0.00719809440385542,1.88232009522207,0.870076142120874,0.596084205493846,0.285059773773654,0.279062649891576,1.3240499145119,1.0169962228915,1.1649762707625,1.3921973968643,0.0751236224567866,1.2324666768392,0.486239285524311,20.8790330288344,2.14765488849382,2.89667365026834,0.258078610477594,1.41595217163361,3.99072061124084,14.5189941667881,0.160424494754282,0.427829163073132,6.10172162436169,1.8213408277623,0.66355541886842,4.42321905935736,0.197345572981643,0.0399363718120379,0.422405998989495,0.117850999002108,0.790202962443133,6.60042474733649,0.00641735936260262,0.000996764529064635,0.0514835430570133
3.84706403071763,0.821489478709813,4.19360817453846,0.8701583989593,1.24379855987154,2.36744663843571,3.8373787658354,5.82087916700279,0.0159906027161762,0.244291479496314,2.41262047048813,1.76462294979692,0.164330826638232,3.60348565131735,0.083461322073373,0.0107751376135997,0.354842744707845,1.42884346681514,0.559070810841003,0.394684837032868,0.0124696646846742,2.92266072778426,0.240939945578198,0.0498982263898038,0.0865195647561154,0.0023388103602921,8.08711349544802,5.24627269084867,0.580377113553057,1.86715622845927,0.907594963480894,0.115423793108465,0.0412974351887428,0.893797253298056,0.290599165333931,0.0658473561568397,0.974448944325455,0.190645672860706,7.46733418671691,1.97186549540168,2.50373235279197,0.0534089284825423,0.0105483489663659,11.1547605568983,4.64756527761068,1.08632341299833,0.0272629089619203,14.4629539659483
0.443639038967426,0.00168776937749925,1.50973925363499,0.0358095493360908,1.49272386392464,7.24322419397694,8.32504557580057,8.94376325113299,0.256676398709655,9.31345886926934,2.02006486323167,1.91109433718544,0.561691455378847,0.0119697029205869,0.0010033886838462,0.607883437889931,5.0955964908332,0.0698082454663807,0.00848272781253967,0.816120607390718,1.14054508717239,5.40073345587555,0.00219235072310018,3.37054785310295,0.245606281377386,0.936138808753129,6.7676947718848,0.694492998257697,6.77248480816946,4.99140550447084,0.853266963181049,3.25331713450973,5.01151894182856,0.267677863861803,7.3578635608399,2.48627612464904,0.00159491563972402,0.0872754190787399,0.0728047246558692,0.0459635386999697,0.498690320174044,0.0255853888019543,0.498464207467726,0.0494125565393544,0.463867674786183,0.0148372362784298,0.000757673287892283,0.0195008150094463
0.0502919518046528,1.7158771616181,2.24175004390868,13.7256936650674,0.169466823565278,4.17918694728014,0.00457831152573324,0.0800425933585125,0.0012136423018009,0.839568553297919,0.799020659255589,0.277845979870337,1.25099771557323,0.0769000799918147,0.399184757953743,0.123786078633729,1.57032495632028,0.0605487939956701,0.382332208020782,20.0346638106081,0.324816634950621,0.00309549225795431,0.902491913325449,1.17547972381728,5.330342780279,0.000377318183475563,2.2022782131691,0.144227431000806,1.44431462525513,0.960386015153313,3.41204262869262,1.29569825051342,6.07857359537305,5.12375019475147,1.09947757732298,0.162994162347992,3.30488541775017,6.05585415533252,0.35396156867318,0.300914834447286,0.987085087824763,3.61796852797155,0.175440332512764,2.52400932013489,4.84971201751952,0.175148340298628,0.0112764811949811,0.000122625994668325
0.879331227621678,0.693298334664475,0.00174829125632499,4.29538159621999,1.05778628927839,0.408113547099863,5.25293315049084,4.15010008532461,12.7755294272698,0.827675690507374,3.13719683337967,11.5664612391538,2.24238505019202,0.416982393721288,1.51932640763845e-06,0.0561575838711543,1.2194357228309,0.893943854946529,0.0554990592623681,0.000114267414935964,0.0484488416486942,2.51491908405645,0.534505319148111,10.1016024217593,1.88374438712851,0.209857077777189,0.778746629887954,1.63352988984449,0.202175120539604,0.219139275513241,6.33950442365418,0.0160669221219655,1.51155423089879,9.36777068667902,0.662258730361216,0.833603151007679,0.304578529606068,3.08697199610599,0.000582232992639626,0.695549734890055,0.0122900197063656,1.48882711132397,1.55214647579952,2.69131962052232,0.288091737858046,2.99402369625735,0.0131689450044131,0.0849485440744503
0.328731037139441,4.42102420205459,1.35613294711558,5.95575390004881,1.78534072573113,0.149567936335624,1.26309031656141,0.546537824309918,1.84039267350955,0.384358535157287,2.17648742201976,9.92365821771474,0.379511135345255,2.23882607137674,0.25577918278881,0.0705992059508559,0.698472397572117,3.07230939809785,0.0921289003195738,9.15543804247415,2.16634795621426,1.8652262184303,0.412434256549569,0.452841495214657,0.439172854916159,1.45406753188731,6.4851553743672,0.0773333337631577,1.39091892486389,0.553081217353222,0.28193519100752,2.17758219902892,0.0789944941991054,8.94371888436961,0.0937170023944168,3.26245983458928,0.162619632241644,6.14074590759559,0.0812718659849081,0.130532430188307,0.25168257994102,2.80661671252997,0.667146689019253,6.42596493941445,4.21150209278468,2.87623407222444,0.00385345007654727,0.0127027872274043
5.81248733834204,0.80407312555599,1.02529858762872,1.26240502274787,0.0754098777283249,0.0982981798512454,2.91949296576508,5.39260209664327,0.406139108799465,0.428550420608117,4.24581826446849,2.54797440034664,1.54250719763949,0.520911468810175,1.05430629962666,0.556372207899537,0.238465460872596,3.52780710887118,2.3028754638675,0.0877578777650355,0.71986638128854,0.0140849580349343,0.153594556411931,0.00359466346356056,5.66007860462981,0.925341414284337,0.275028910508094,1.207544697422,1.05202140376297,7.48459001179255,1.50118639454328,0.00773627093213196,0.255025724037453,0.451257830974465,0.00422598985730865,3.48963798879624,1.21266692008132,0.505692813362302,1.00511924320824,1.1076687641232,0.769295314958126,4.22087455783451,0.350973909563527,0.176329018681927,1.14546354606517,30.0665932750286,0.514079541715822,0.870874820800195
2.30110889158542,0.476927207940833,0.358324530892981,0.399772438716029,0.496547585884269,5.85852763838524,9.93975201723237,7.50702268352626,0.00869867956902604,6.75957745271038,0.0687486189812496,2.01924621029568,0.154860868087038,0.0431350406550117,0.351175541741961,0.00730277317107174,3.52118292403896,0.393156370723657,0.870345095732213,0.494856898429775,0.0109206400184031,0.764339245037392,0.0411630044753109,0.00017804589722738,3.84693495986029,0.0647838490709108,6.823095021757,0.72094835237052,0.224346626597337,9.12109142323256,0.886515728963715,1.5158031419581,7.93947367638154,2.78212681475423,14.3062285327161,6.56629010985782,0.502135562637348,0.338765941979108,0.590502630401111,0.170082731077096,0.058704358244413,0.401318711156996,0.270632927841422,0.000144477530438307,0.00246439572947733,0.0182503193003696,0.000390068456573242,0.00209923439777767
0.470568982284318,0.921089897101805,1.7773572834089,15.3519961231912,0.56020930721455,4.68854043819577,0.00420864670248585,2.21433779100575,1.93459501664264,0.00140145226157418,3.34915239113297,3.50707602467388,0.575278369079079,0.0563681391405449,0.612982501172708,0.0856710139583138,1.31444816100123,1.72991481509272,0.777897261548047,3.06047635447636,0.310836473118658,0.239520352492926,0.138973170038072,0.936555400773536,0.417246585357858,1.10919348168229,0.107696433884843,0.927048382810803,10.998930422013,0.0768825870780836,2.87034425924197,0.00376057990783899,1.95689892660099,2.22199880106009,0.0799285269974936,0.00102077915571482,0.885262868294751,2.02268003177526,1.51285031863705,0.452385891913273,0.306625554781314,1.54747800059466,0.384963296001769,7.08137388472181,20.2361893802802,0.171890093441902,0.000306728474080558,0.00758881958485037
2.42363209329067,0.940430132761837,0.888787728757457,2.40802269725072,0.969955764325044,2.84317591439772,0.225679838331114,3.55160719504142,0.0197131412565987,0.764159850647953,1.82508567829237,0.0171347400300996,3.30577669236868,6.48617043889151,0.382329693334341,1.99092321099195,0.349960855224971,3.34257906350765,7.86523271324414,0.0035435625909171,7.96344860840731,0.336084563720765,0.0224550738018661,0.532936223777582,10.994853923956,0.708961036731963,17.9602780327653,6.39577456141356,3.39654701704424,1.49222124183625,0.0606638117456189,0.356848757600717,0.0448521629023498,0.344763923049548,0.663251601885995,0.20389950317729,0.0460153621218883,4.14360633007902,0.0279831408187718,0.00591400554776458,0.38874589796134,1.54361277957193,0.223616958318477,0.0245997089738025,0.188837097549192,0.62643383579775,0.00281393463682724,0.696079900269692
0.935820547927385,4.9512262746577,1.9251786167422,13.6675115072604,2.61428174876133,0.105901717645089,4.5556737469956e-05,0.283123532115147,0.363873976668332,0.209863212623142,0.108457399336968,0.000314371639823555,0.532811609499457,0.00680206151858647,0.034470477207296,0.0335707530210276,0.0728339210400266,0.0171079844318862,0.0667890042025842,1.68223788841966,0.0694377590588142,0.226445419404484,0.119007814975303,1.32668168192657,0.236160213758616,0.553624708916782,2.21362814103971,0.0200061708912212,2.27509787182699,0.0148728640351172,1.04660147349265,0.260502974048235,0.0185224370041027,0.721823873292474,2.06457945415983,0.172153892883711,1.34754592025076,12.5078878140177,13.6680463490546,1.98403435269529,6.27023102176909,4.34235445946535,5.030542598706,1.69576009543295,13.9763680135598,0.174658496175062,0.000421868897149863,0.0507800978061424
0.700459307482903,1.09016184761389,6.81737107838928,0.0418753146307238,0.185195879751604,4.86296796231164,2.90481002033834,2.09386637664888,2.56734675100826,2.41668325820034,2.41758329091391,1.40213861177611,0.311990836967096,1.74555743984402,1.10945921077965,0.15939555884738,3.32577240545965,2.01226825823068,2.03465823821353,0.596528288904087,7.24362080419827,8.25499154752815,0.349497750696012,2.7254960197521,0.0318193766210055,0.408289889959455,2.41302768476155,1.41764195294364,4.83632084920112,0.425593126052805,7.34623194652597,0.321300381025877,1.39616181396693,0.000261245266972274,1.29975777659743,0.109734586243795,0.146175858068661,0.326990641046779,7.1809447961771,0.000185073051125965,0.511082228423282,4.2116309701554,0.575489003491274,4.34760867962471,4.2730107983431,1.05046367357946,0.0005309046918485,5.06856941188835e-05
4.63308669770842,4.95083618131689,0.438730144989863,0.296255923964606,0.0182494787067896,2.51015368434189,0.852898471646341,0.199222636721088,0.885938537417636,0.00196072635772664,5.01643320997209,0.0373397320027962,0.24756169353887,0.427799403400388,0.314910338019211,0.000227634380669569,1.11016666537065,2.54755667589974,0.369464605938453,0.732901342108956,0.22206850325145,0.509580270292251,7.92847033818177,1.00880646703826e-07,0.0098101466515771,0.975632737371192,0.71314890687155,0.854427955609745,0.375987904109439,0.663330308882743,0.0520908552228092,0.61245252344692,0.0947628744538267,10.2117737938405,0.418127456880831,3.67050520383536,8.89139705480553,1.77387749269434,3.95520531213552,19.4578550759641,1.29932717567913,0.0743388894318673,11.038191230642,0.005004818219704,0.032703721911759,0.102558796203547,0.434341544081047,0.0313352246456905
3.00101503294783,4.34484903083661,2.44464271150061,1.779561563554,0.00930017835216993,3.27334072184142,0.383995764721989,5.30997413358495,0.540371529014367,1.13097264680015,1.06754500971367,0.456082113180002,0.299212099858883,4.95785246740518,0.531792943826337,0.153366832569019,0.651354851930538,0.0117691349051528,0.114070440935052,0.0552946541915481,0.0229617207329964,1.64194484929415,0.00472675199370944,0.530731253266438,0.385829755810521,0.266590026188206,0.282829694393934,1.98976282831696,1.57943523009008,2.27688448823313,0.027763536276016,4.30965262817017,0.155346386554784,6.56276429598718,5.28696062741574,3.81083532647116,2.32803080434912,10.486814803386,1.11525820691,3.96122068885084,2.54303796298241,0.520960568372148,5.93654192073739,7.88418045249814,3.95543235623075,0.0282543548911963,0.0107788636984677,1.57810575622886
6.78166687191659,0.610051077183683,3.67934725528285,0.818445295889615,0.904681602209505,2.04996887505824,0.350065661950254,2.08683447581204,0.139317934030312,0.16580575020276,0.0159078385600962,0.211525390760665,0.954697790681321,0.453958542433275,0.481947636117928,0.414672454157999,0.000219684220724355,0.349078244543358,0.209838091555593,0.220521275971227,5.18006372958227,1.62319665854059,0.856625159512827,0.986797840553324,3.20957231606272,0.0321971734163102,1.05395255383667,0.0204579020064765,0.447937388029088,1.89506778540997,0.0257006882121229,0.146307624292884,0.472117017235876,2.61672717244212,0.0268451041677695,4.76009388040576,2.60057715787103,1.48149400328189,0.405522003291279,0.741655099044308,1.83076203182794,15.191730537587,3.31633539762867,1.88849975410468,1.68524019907843,23.533169373996,0.0455082010083947,3.02729449903559
0.00308496029275558,0.000781632592323581,0.0312438374298389,0.0207579356468617,0.0496514857584137,0.0318542662856423,0.0255324023773593,0.240084816442052,1.10270692609501,0.487747536184676,0.433693807788317,0.31086475268973,0.639031340255056,0.306508677019054,28.38019719807,63.8288624416427,0.892048219693548,2.14531643693817,0.00348077022230384,0.388790232454216,0.209065582564635,0.207678316483277,0.00659102780031239,0.00142903023081102,0.00224781413394966,0.124382240105368,0.0188024236554212,0.00483458341057626,0.00320862729877586,0.00467560920039328,0.0165885867076683,0.00469456171206081,0.00377273618536286,0.0209775905051242,0.00567132005527589,0.00334876597973114,0.0184928715333585,0.00116147834492525,0.00023714737662714,0.000118864072415653,0.00623185050699687,0.00490563088743342,0.00225819258743236,0.000867963950556111,0.00106770034815318,0.00241231032833697,0.00202541168884624,1.20864681513224e-05
2.65435687655848,4.76674281115172,0.000188761084945527,3.82518723004303,1.08610585165524,3.93871724453899,0.058935099184975,0.364151879380776,0.446252749894591,6.15681108253747,0.941213548574118,0.0149262517361691,0.13211735638145,0.0567726710863586,0.000428961408978317,0.02284062693366,0.397098907836261,1.72603390578471,11.1874996500152,0.562829306107115,1.08388368230035,0.0604901378873395,0.403704056513338,0.85784130381706,0.055209664312372,0.0845859806055163,0.192679028103154,0.115821708462466,1.41724219419113,1.2638063886931,1.06866201779547,4.7805742696304,0.448629320469088,3.49420092381538,1.42886581150747,0.835315879113145,1.72212128705709,5.97919986380998,14.1027855072094,9.15498159178247,4.90918888362261,1.85512114786005,3.28728558765928,2.7471115127378,0.0149279694037969,0.272860408222231,0.0174176260529341,0.00627547547130323
0.14961658488244,0.455717375170884,0.355615591753612,3.8330346045262,0.0704732612494469,6.04708898809386,0.863294376267839,0.0112319147593826,8.92407734866955,7.9678562938282,0.00780891487794117,12.4819216490369,5.30368303703342,0.0343004166704927,2.00078173011474,2.36573327102988,0.0113481232307607,0.662839234814186,0.0826494947294933,2.15118744216466,6.46459125681396,1.92186247548313,0.0676526401611866,11.23389095094,7.83630446021275,0.000162432825460665,0.191386309221351,0.000878806459670774,0.527192160410383,2.53523204965882,4.40284976742995,0.0284086085689587,1.33106421328354,1.73139677012264,0.000213685836217566,1.09394875142756,0.0363002551231755,1.75173369158429,1.29735574819113,0.946625271029822,1.03156284452227,0.411606194618365,0.0929612110098369,0.590461639119376,0.656163858868479,0.0185533462190845,0.0111435028301911,0.00823744512450463
1.13337775169363,3.3006255132664,1.73254520317502,0.370123944281087,0.0121699533991562,1.27459024943833,2.7987400129392,0.0120959218975405,0.525436735022531,0.0278617646174132,10.5891211968333,5.76532636364723,0.535301104921769,3.64353978846298,2.02179698949507,0.0104718791323533,1.67039426779111,0.65719737402168,7.70082446101269,3.16443323235076,0.0841656795343401,3.22088673398122,7.62936346180204,0.103233927851194,7.93975061517565,1.33460882558574,0.225281489350554,3.80405218171818,0.548535918398165,0.125660095478932,6.71307807664261,0.198609491198551,3.70299930591186,0.082013692572594,7.30876588274419,1.77911266017321,1.13698147848502,0.969976985391591,2.96812911551068,0.579294059925938,0.156749364359834,0.0637726879904404,1.1717320802776,0.981586499754031,0.0451850262126679,0.13587340133461,0.011502299724481,0.0331252555148473
0.392600166335414,0.0881273120501644,1.50325568251919,0.373506210817712,0.267060951877715,0.335487641130088,2.54338583419545,0.05684453775754,3.13861242646567,0.0791822398768153,4.07835850634672,0.191749178128437,27.0219618513645,6.6054192422693,2.15230684342054,3.31799939794752,2.09516028563398,1.17474363893866,5.23300198283491,8.76750027996748,9.40905150008364,0.280904362849371,2.3699388158671,0.00595523426875918,3.73396229222089,2.42710608828794,0.0856103249482787,8.27551282424988,0.000584835394634557,0.29859107404846,1.99069701890832,0.0376435179048896,0.100917146135152,0.195870375042604,0.188377414656844,0.397779770183604,0.0114925536295611,0.0560249249107913,0.341725471243767,0.0751573824223998,0.0163242995674396,0.124538553201707,0.112348522564308,1.10496274814462e-05,0.0120641532867325,0.0342473496324149,0.00129048477550728,8.45020978247296e-06
0.702179294230555,1.53550715948519,0.00631229027888629,5.12590951315285,0.705376135630549,8.63910822043457,0.110140129939199,2.30721626098639,1.70794408537399,6.65694322285634,3.02932658454051,0.144429684422021,5.88017386332439,4.69611465452392,1.59330171704638,0.887058384091115,0.561946044720279,1.1664142343275,0.36840852630391,0.470461127950042,0.0303223651408217,0.0958449074728916,18.1320856456381,0.684970767505476,0.255691784252967,0.280853549450261,1.14900679343596,0.98288711535786,3.87018502669201,0.259607043457562,0.0262029191502651,5.36840591753349e-06,0.316717130063496,0.361909084091573,1.34303750118709,0.805708807199865,12.815484356433,1.74213166157373,1.36127187699817,4.24584406205758,0.91986361397166,0.32797316933879,0.61424593128932,1.53541380277071,0.911459800922698,0.154873953749622,0.215968175739849,0.266162653034102
8.46282633481128,0.694450881483594,1.12259715515569,2.46509479974533e-05,0.136415596080547,0.67604522095505,1.22902477195406,3.38855290111331,0.0425357692311724,0.0318288522724127,0.777512308110837,0.614605887907076,0.325622681815625,0.967550868324799,0.48619185648676,0.125856222624703,0.130886669678443,0.303967939611733,0.162235121720012,1.01816938537497,0.558670714177405,0.672147948826979,1.90914109091092,0.187826489416867,1.40375902091555,0.850292631802885,1.75510986200413,0.0275204725358414,1.82373659481085,1.79001116112525,0.0170634315072502,2.85345079659045,0.0223902295760376,5.15331155095624,0.00153768925829379,3.67250854573634,0.399265345724717,4.32716293975287,0.882774194757497,9.95813791487322,3.00687644152333,7.38928551465967,3.95277537483678,17.8003395004995,2.87577595846128,1.92559023790661,0.00214000692454414,4.0844972642686
0.501567736515281,4.20495947754099,0.986477263346149,0.482060048407144,1.6418489729505,4.48110416537548,0.307887914035666,0.765640031017937,2.63240147229095,3.27338914227158,0.192641180989375,1.7432169772607,1.46114093528779,6.128433203443,0.00840291262217282,1.70435047584634,0.274097931245951,21.8108737625007,0.397000663672069,0.91949941188212,0.74645491541444,0.152045213278454,3.8607982093506,1.16288381257613,1.33554499079865,2.33487593451544,0.0163560527741478,3.33428808764512,3.89985036569716,0.251032270124446,0.202017988623131,5.33309116695975e-07,0.393044964791632,4.63928538448581,2.70757327418681,9.97646613843458,3.10629404300648,0.231657600331794,2.77119356620222,0.503913267615105,0.932114879410953,2.60115822310428,0.00229114006225848,0.0164668132415137,0.448626844454992,0.443408210433396,0.00361080126308078,0.00975279636641239
2.91649077894249,2.65518810501101,0.000112267533264009,0.503379896503401,0.444111871908146,0.246947877488291,2.42184508598888,0.00443535846288229,1.56068567060092,0.000549058122904111,1.98505906534233,2.46353889635473,0.0188480071199365,8.56665754186682,0.115805005038613,0.31347566302196,5.12870930151969,9.85264816036001,4.15792261277558,0.39601999035195,0.378051497496183,5.77834461950508,0.308188617531802,0.239600147684713,3.41137090443044,16.9860956554268,0.389326185455424,0.00324628286460819,11.6253309448953,3.63519369850988,0.00431813334664897,0.0118735661965166,4.29709029893509,0.78573128660901,0.735260644689588,2.12621560265419,0.175989588997315,0.0196193776258285,0.300239611167473,0.184569305645599,1.24481648381835,2.23224979355944,0.0516535816675177,0.615705155491906,0.0599185983089137,0.139233433853428,0.429091399521678,0.079245369797492
4.05537883179126,0.1603356077023,2.55370542182154,0.317816862721296,1.71727681467772,0.0697760207375261,0.0154531311578102,1.83042971699388,5.52132537380356,0.21367144335236,3.5116207806281,4.64084335734667,1.7371115866946,0.174145462627236,0.296884836205015,0.0017785571785484,4.70996094029175,2.6830842481741,0.194257923807303,0.276378667184412,5.74598430146293,0.415403603492754,13.1450531365658,3.14278978132271,0.20994075771978,0.672056784045283,0.698429256904021,2.00861941535249,1.11754500139773,0.0214078515409875,0.525663259470372,1.23461598997746,0.31155919711156,4.75118743866537,1.70492707399767,0.113501907450768,0.0553376305010867,2.88782747928708,4.44456732466391,1.97296158499347,0.677948633547199,8.55043260914677,8.20195054420427,0.173705517966295,1.56134365430169,0.935460515310731,0.00376778913916318,0.0347763755636394
5.75558884563118,0.995573219958757,0.565481376201751,0.954623046805584,2.34541971963545,0.937612609541664,0.543972482260831,0.177796463206813,9.7917043768673,1.19737386004253,0.208312275686435,0.270520125029514,1.24159764069285,0.160889916045063,0.0623732376405564,0.705476035767465,0.726034474565974,3.7053279425345,0.708705575643907,4.50854854827545,1.27554319039689,0.187904457185557,0.982801218958001,2.00466583135389,0.195201641212602,0.00202158668100606,1.99144609021895,0.963334015854212,1.54841468298083,0.807501571233766,0.163423887963394,0.225764508040614,0.751023719568219,0.300976527862162,5.36051852291688,3.8078468934097,0.029696058782799,0.191670243191525,2.13702462519173,1.97168057859857,1.83092798327086,13.9475836412274,14.2164715316195,1.05203736916882,1.91879627530938,2.39607353639128,3.74501312786367,0.431704911514172
0.217307820074267,9.68844689006063,0.442084662838598,1.64146661508781,0.127516509455812,2.52882683959927,0.311694701444183,2.40967068275835,0.000252892348398279,1.12593677745613,2.93640814684042,2.20504065452138,0.230520172442961,3.68854325885351,0.325317397309868,0.328985399721686,2.87628040918756,0.0304567078261841,2.76042253032842,0.433604096957266,0.31629598512933,0.917312369915557,1.00095085358703,0.254221755903078,0.368646444209741,0.00626492394768465,1.88454684090504,0.57973341860627,1.37790929453157,0.011811104895379,0.640794062782501,0.0557847180595396,3.0546415039179,0.223590966833412,1.2017995588197,5.49327966087587,39.5222491857978,0.0299360816846002,3.068459676812,2.76929818335249,0.00216599775447815,1.16462686516492,0.0669059586824261,0.0225952616995342,0.360299284421778,0.0543014723830883,1.23843132791801,0.00436407629659548
4.58460151681887,0.977631452575733,7.00834533644344,0.942810839024078,0.920354028568156,0.699314127880984,0.704843285484986,0.942235010741972,1.3819048025151,0.654563845826951,1.2843795078552,0.0847484725486622,3.11722106267845,0.00847593170226669,0.190839134646344,0.00206629132099796,1.19795057822298,0.0690906971121665,0.245151687568386,0.117464453487926,0.215189944347832,0.00594061342799115,0.00800815217716096,1.51509641225819,0.910216370040375,1.685776005587,0.238851853741727,1.42032616698388,0.653130734259209,1.344432325191,0.387316163519609,0.53629494328752,1.62622754898128,0.136619654445821,0.936760875843903,2.87012839065475,0.18331758137433,9.53994974295908,0.583462166477723,9.56877938622528,34.7750830673717,2.05876122767381,0.167651178337011,2.72823662996443,0.0974361314232733,0.550487864110779,0.0846398136341827,0.0378869926775159
0.000460815195008765,2.77535475594047,0.509093516079876,0.715873717545624,8.29696641737198,2.67599002347676,0.210354263345604,0.432501945565997,0.0444744798301802,7.81309479492258,2.34056474827789,0.491668993159348,2.60047058136858,1.92208566192231,3.74707400297425,0.279587211542893,12.4551301541189,0.416943649974751,0.808877164316356,1.59636712456542,1.44442611662545,4.39325658693514,0.534252575289773,1.08922286584121,0.229157523149309,0.126479681181029,3.06035134600889,0.0827490578812513,13.1529581080166,4.42967066777901,1.09196321712611,2.23127885064924,1.44597187027309,0.0791023505010245,5.71479517821501,2.33410480205014,1.43499322580755,2.9645430479556,0.590379281509529,1.03844118403123,1.04538929576044,0.0146897730355586,0.950018592666151,0.102981866101801,0.00981090934397622,0.251127212089936,0.0168154486386742,0.00813534404260861
2.43145900435255,0.30968841913559,4.76130396225371,0.217706897393894,3.30667889996574,0.0483970756657471,1.23291676873195,0.480792662442247,2.41070412667139,0.118366061261191,3.63501376982894,0.549600037082512,6.76197950950602,3.21112408585327,0.0958413128830081,0.0606747567230691,0.00144257174983903,1.91721320080052,0.0128346861165241,1.52482874526086,0.46304224136898,0.0161997136359294,3.02710016690938,0.0233446642494184,2.44966671744751,1.13540270368565,0.431614421939464,34.9374299121705,0.262944891189197,7.64779396915188,6.16314451831245,0.00011142334080886,0.324266186605203,4.49727518745462,0.0312200620955663,1.94757552549656,0.609893169280688,0.240886123904285,0.78694436575038,0.00250462439356119,0.482366691588182,0.616245410891954,0.297253505310703,0.00579446422609156,0.364772925206976,0.103344338861828,0.0421153058924616,0.00118021596127229
0.280698003899973,5.61406605328584,5.24786548528088,0.0915041351449983,0.000372084416685365,0.425409344258769,0.354669847812933,2.65926098435358,4.21765279440047,0.0163382245256343,0.00837695941575807,0.0493431848236085,0.0206149748488604,0.159541657236141,0.314472474397267,0.0475644384050921,7.25878484283408,1.00996141098929,0.554607528083855,0.726382095403442,0.0257215355300913,4.80857966526987,0.190618321366079,12.8230913229801,1.37496738639829,2.12297269323524,0.654274667408817,0.114711830888821,5.57220787274351,16.4530607150894,10.7598023134156,1.44321061093013,3.67994368772653,0.248520552922941,2.38850486632518,1.59984378085284,0.205085451461596,0.873506240474202,2.03447432418395,0.313794796039698,4.02900323178453e-05,1.1228136380846,0.684344138585068,0.00619783300245917,0.823889121121581,0.617732735765839,0.000490258304988895,0.000112826043108395
0.891954279343071,0.660868134710108,1.28589898561191,0.0272326674530524,0.399235694226803,2.74609608688253,16.6065001440459,4.28668391543412,0.155353634847152,1.53792726181167,2.10349938138673,1.39636565453207,0.153124547469174,0.00606150378166318,0.66244435789161,0.0225718712251598,0.0787104819091014,4.19504271674186,0.142078469293863,0.242544477998602,18.9419036193603,18.3437478266375,0.794912654832227,2.54866284243744,1.72461838311446,0.987162995588522,0.00758624503111499,0.0366906659489117,0.00049330801112227,1.19822893686613,0.0265566511388397,0.00686062635502199,0.0792321523946127,0.22390878665212,0.66943191554087,0.222919403295493,0.0212878852034716,0.186471404780863,0.126107928652004,0.00679286985268811,0.253002230361283,0.89217275296088,0.465521067330477,0.0320173197027942,0.0397714062709818,0.392425248671798,0.00240069882998917,14.1689179075819
7.18912875780066,3.8377908056113,0.0151131092426209,0.00160421450702619,0.000131745282258048,0.00648258268132485,2.45921965587287,0.0883034905854392,0.271499801549151,0.0493470040759808,2.48251832223121,1.67987529482282,0.146236027950739,0.121938350305273,0.423972875175658,0.382536991637042,0.160388025900505,3.11962716483146,0.70851891234452,0.242553982860533,0.186082214626065,2.17283389980346,1.91303682478546,1.52239222244042,0.18474417671111,0.812312064617964,2.94157500045116,0.0909881970197965,2.8378120691474,0.253341099342724,0.287055268081058,0.482023880996663,0.154582763120333,0.119184561706799,0.547932086922642,1.12848902274888,0.160861641049328,0.335466806257256,2.46725411149916,2.81530585701255,3.8830532173899,3.88574269675559,17.188938625634,2.31384964856855,7.21529244602561,19.5056769408426,0.893054089437595,0.314331451737443
0.401721599003992,6.7913700742845,0.423339445987423,0.24506475321394,0.689560261133399,0.102383850187348,0.83024755374724,0.88522681799609,1.10442160636104,7.05345198828067,0.642953145864775,3.875135768125,0.156951543410551,0.422909140380006,0.00776554537177903,0.0138334766960805,0.117330035664902,1.6382366586975,0.133276582727294,5.44432698658423,1.21048279802329,0.609573534953373,20.1746984751732,15.8595744626698,3.49123900048981,0.000333570021315373,0.21111183170986,6.72127879253198,0.624293109660433,0.937011495334717,0.419604899972977,3.16745686025029,0.100721091035482,0.58379429056817,0.00161139635104967,1.87448709978113,7.88737087807289,0.313337629357193,3.17647514286752,0.20904411689066,0.247472996333884,0.178367770856177,0.081292775919899,0.0194816309856453,0.389536583031682,0.287852159252147,0.242939150800365,4.96233872847213e-05
2.82707523174336,1.03704680684129,1.61834611942095,0.00150227718052416,0.106588244670809,0.500635439583507,8.65684117585721,7.36025463903957,0.0364992949103719,1.52286243980904,2.26813478858421,0.0108541919585806,0.0578882226944924,6.69091043048866,0.608890958480248,8.42816520205302e-05,3.55017263098014,1.62266755659964,0.574741334194497,0.00348993083896358,9.62805518854495,2.68183079116673,1.45454377400382,0.456287481598542,8.78585172814355,4.59910352048362,0.737900617922634,0.0838823345914012,0.39366851803974,4.37033879133927,0.403060351668315,0.0196247375319983,1.16305095176848,0.454930793439982,2.28120631719432,0.0351367434158415,0.0782793202343583,0.0907157904645105,0.121835323188459,0.0623995521151504,0.00633457404657091,3.59390346378539,1.86661663324566,0.177893150897115,0.236389978946734,0.189798224359702,0.000648374006230235,16.9712269783288
0.0745090042110037,1.12631124523256,0.054402895052918,1.04858082880721,0.263611828148661,1.81000552459787,2.47291918957912,7.75943008805158,0.146766044503155,0.0555072937265147,3.51911405709271,2.4996991129444,1.26493812977813,15.7500335719753,3.49399084465245,0.132341429294361,0.850625460745896,4.993010197665,29.2157812464212,0.455195699310831,4.38487898167433,2.98572670547393,0.109729230855977,1.04270214879652,2.27559492085798,0.0125627523565218,0.12457987310297,0.60902675083558,0.690088832738978,0.380055953248293,0.178316338185496,0.833761134411576,0.0193231936253524,0.90977966816894,2.13893686127649,0.661282621155382,1.22941652192224,2.45577784134796,0.0173909556079807,0.0680699714494265,0.499743625881865,0.000135220960933631,0.404254386245804,0.106899467496496,0.176561435065705,0.213742555926176,0.000556061297282817,0.484332298242896
2.91278992056237,7.58842016480097,0.734761747499459,0.428014853138572,1.43232343594228,1.05114226693514,0.0627649164735433,0.270911293554587,1.01041760380196,3.82644967414024,0.160085400201736,0.0243560250117664,0.000609974852369468,0.572345127973992,0.45703326981178,0.0125070319660637,1.42122549467714,0.197981366691086,0.110563066531325,0.462603324963197,0.131821674695249,0.379689138405637,0.380887610350319,0.477706524098254,2.59546431242801,2.58095712361304,0.163837651042441,0.0124442355751033,0.0708346773098839,7.37146109644223,1.20131439334494,5.80783576050284,10.4964811758381,0.317648457980435,8.80680891179351,12.5173477843272,0.0379484382090081,0.161200568022882,0.172093779440419,3.35097202329724,17.6112521179149,0.0634420958402261,0.0334131885242136,1.14286920882075,0.855003480152336,0.48746386574615,0.00821617516157547,0.0262785715934439
0.155002049844458,0.0697639736486003,0.0400216317757513,1.2356089175131,19.7512324122333,0.132821533697154,1.3576032850885,1.65692006033546,4.75464338379761,0.0143144187723948,0.406257136024511,1.82614881048957,0.128941690719021,0.986920000818653,0.449607622146953,0.321167146452117,5.38030331651946,0.73951264777656,0.159621901022822,1.61261607499359,0.0362214759162181,0.0106591539295336,0.379558160351357,0.126913861014966,0.698356721691956,11.6561373539563,0.081598906447018,0.285358139860882,0.802460052527126,3.10834483711929,0.0151630507261199,28.7003231756333,0.0848444531548435,0.0951010228010074,1.32292794731532,4.56897574635631,0.252661002000999,4.73750445906848,0.344461284878663,0.612476956901446,0.0590304656363949,0.248621531648699,0.252883157712064,0.000403927849700294,0.114465602322035,0.206633290826881,0.00264446602191902,0.0162417826614428
0.117446071610229,0.0405651840771343,0.29612655347142,0.0311631005374334,6.83218931362614e-05,0.165260602009107,0.0643807943874004,0.183851414115918,0.0127181166521836,0.628827051434387,2.14356039052835,1.80421227842684,24.8724414495859,1.62125672909956,33.0440966290454,13.4117039361648,6.75382752734349,1.91076742814661,0.0435379758929886,1.56843080761928,1.44804283817183,0.00823067749192948,1.45480786576682,2.21140932512575,1.21394396261522,0.335551316063121,0.131154219270125,0.557608555810985,0.0301857707267401,0.565612714305725,0.0845059633768509,0.0219316579984431,0.399193942473455,0.0931519462478595,0.0424376973723097,0.318599824038295,0.0692950415047106,0.544227078728479,0.0647262802245024,0.304033099893898,1.14845381312731,0.101957652996022,0.00875325866006999,0.0597039893364502,0.000514229178351233,0.0232218240221908,0.0441843655642549,0.000318727866738414
0.00148439394500257,0.0111074827120805,0.471301625281146,0.751633925674142,12.1067828506678,0.187742837818382,0.308836796301385,2.1335350891182,5.80512790493163,8.90116268587084,0.245472507425732,0.0784909221263165,0.105973876541558,5.12810730773308,0.139320875395683,0.658008209092585,6.36589043815416,0.671408605388312,0.0297083097484655,4.25194065251722,0.4407270842052,0.611266266294183,0.194416333921665,3.38931232606458,8.46239945122756,27.9523042396211,0.117371436829476,0.803730138790269,0.971138558336604,0.167352047479157,0.219450333395112,1.52749778570075,4.7346061834708,0.453419180211875,0.181351886006685,0.24752668349812,0.00493488560822906,0.356519695179394,0.00213618064679266,0.180492190371218,0.4026580722473,0.0948499381908163,0.00305977641457888,0.0253264591776061,0.0137918084234194,0.0692299554190894,0.0192139897375826,0.000879817087161148
3.68411826711402,0.67963991069414,8.63551260807901,1.33285026636392,1.1390297719717,0.0422345588276698,1.66514014351908,1.54951563034631,3.22698640023983,0.177696709111376,2.42077750239644,0.44306847153181,0.0646251755893276,6.18870620487321e-06,2.27372150972234,1.77035255096124,1.49254766911966,1.14607240963071,0.246848478804363,0.892405288949099,1.0636183521021,0.226024839275611,0.167122613802105,0.622164197593695,0.491006774667519,0.183614141322985,0.144743382309879,0.000118708354266993,0.17963544697968,0.594315115962741,1.18912159638261,1.95853655123253,0.718531969298071,0.613690519105207,2.24556820068194,0.281039298677295,1.93004576021912,2.6242122576663,0.744716894522919,2.38680585676606,4.11336402462788,0.343090249268281,0.932057839654622,0.0950871978499159,0.00895705921163259,0.338478881917038,42.915696478134,0.00548628073578355
1.3806858637206,0.319341210570927,8.28259088121798,2.76900782674085,7.04386969896991,0.010636821612849,1.6689796797116,1.35986659298323,3.89978154769621,0.00453700188038767,2.57617264600021,1.43626958514017,0.00113561047854108,0.0180024179269149,3.11523761644825,2.10279688668931,1.61770092651903,0.928118532737566,0.141648321085534,0.512361858926694,0.774914156126682,0.524006362943216,0.693872373829655,0.050559258259443,1.85024796535413,0.365853049492922,3.5868339314522e-05,0.00870914177723315,0.00959614983790497,3.24830410965941,0.38809811136404,0.0533744629595018,0.438790145455125,0.0729592846040445,0.420873291895274,0.333885830742416,0.00136582800725222,1.83529898487862,0.0793389885909948,0.109501899187248,1.34289812288477,0.753247814869956,0.929774326443531,0.254338275209262,0.00435893618623318,0.181779632243551,46.0852621895221,1.39122793548495e-05
0.000767456185978589,9.31541078026997e-05,0.713858638716031,1.74861698154872,17.3431748523065,0.250415137728832,0.159513799826506,0.998303202474881,7.72768035592666,5.46847680171853,0.0106484106577755,0.082038680013736,0.0486623047030657,2.03393615003128,0.138033383782054,0.0328298468572666,3.06979150117358,0.224083531144145,0.0746350484238627,0.168663633113531,0.0932915344353112,1.49881374131807,0.0701525020126453,5.19215899419965,1.30387404382645,9.29275718509724,0.00851914197020505,0.404500941403686,1.22131586675226,1.50189968925968,2.16875645244828,21.770348670163,6.66928065433737,1.28626059185066,0.0617604858076964,0.600322163651683,0.0702634367417692,3.07069476484437,0.0875177173379195,0.000343051243321927,0.388343953977148,0.00218298820470671,0.195756375556033,0.0281483513450396,0.00818281519877299,0.00176797331802407,2.70309441244438,0.00546863081395909
