"PC1","PC2","PC3","PC4","PC5","PC6","PC7","PC8","PC9","PC10","PC11","PC12","PC13","PC14","PC15","PC16","PC17","PC18","PC19","PC20","PC21","PC22","PC23","PC24","PC25","PC26","PC27","PC28","PC29","PC30","PC31","PC32","PC33","PC34","PC35","PC36","PC37","PC38","PC39","PC40","PC41","PC42","PC43","PC44","PC45","PC46"
3.03623858591279,5.39237097793686,4.11279967077175,1.24307726316704,0.0270103698149507,0.000609436036427133,0.784443915052463,1.22555537064924,6.8680752161656,3.12846791963371,1.12748683653142,3.42123924105446,0.00790342629284621,0.0638147115476434,0.713007698351296,1.42267257435425,0.318642890083492,0.142436342548957,0.0325929201021945,1.1029846820077,0.163129611618828,0.275442437255805,0.0117783503899954,0.805540015126865,0.0188477904233274,0.134656944480342,2.72552877150342,0.132845250335716,1.32679401430057,0.147676559265856,2.71605673550425,0.485953499004409,3.0401489944926,1.7013404503782,1.16143867173193,7.75157532771463,0.544740633923629,5.45942834317182,1.81866429025627,4.97472740810824,1.84276515786594,1.90470130448139,1.50214352675476,3.80529041565845,21.2700072097052,0.107348238532526
0.00824991184810986,2.10676814435288,3.31298727921439,0.0803780398880526,3.4130434207606,0.0358871872107526,1.47562925492922,7.57646029376686,0.438986244120562,6.04979697605524,1.94434947151764,0.382396970739164,0.00010533165456002,8.91690917993714,7.23460660516694,5.72224904923042,4.00449198764921,0.475627225466949,0.000607681298319985,0.0292790923027402,1.09691630638367,3.07692204859983,1.46253542342371,0.132497975502706,6.24566828357597,0.000222717337662603,8.00599053716883,10.222753284464,0.128231204404698,0.389508218002932,0.0824607457896904,0.033301280504188,0.113413257556301,0.00211731351790763,3.36595800623302,1.14834261820517,0.00781315983031359,0.675907969862566,0.296057003045301,3.29817080779931,0.252746862392367,1.40051803897657,0.833951855970761,2.70096362788261,1.8152126933186,0.00300941314166697
2.12267548143275,3.01406297431383,0.16354929402151,0.0875025176674562,1.87328026121823,5.54760527706035,1.86929882388603,19.9992745578583,0.0201861896742423,0.245495535631226,0.985731850510576,0.0719311411498678,3.54618802914827,0.0340199173472375,0.459684717299701,0.297333950725834,0.301800269682619,1.44029301611038,0.522447860273991,1.2776799588282,0.889128854305735,0.163276809499118,1.42157004560729,0.00217867015746385,0.0782206947934905,0.531474750925077,0.141842530995348,1.0248255944418,2.37350244398814,2.2522018752946,5.50666807486579,0.77954450824392,0.958050158671645,2.18552267493838,2.80845057965378,2.2020234160851,0.26805037287855,3.50860887476348,0.0550294069520548,0.279312623766287,0.639607312126376,0.92143603182395,25.8165268069739,0.585161528879141,0.472658927740148,0.255084807788862
0.125241437462306,1.48253619512111,0.0153374552181985,0.0123039289209286,0.0466741834563875,1.85694380095868,0.658848011800651,19.040297646467,0.405485418547818,0.164103541785034,25.0164353528676,0.576202080504229,1.891760207347,0.0287577021830963,0.408937601595774,0.116466167764443,2.55876619895553,2.09553152837954,0.587591775279939,1.6716815866795,0.579504889250922,3.51732133188992,6.14570731578442,1.005927749789,3.8432164078825,1.65556256337496,1.70500620015966,1.53637923885175,0.254091141242026,0.256838156235277,0.261716247242591,0.139595037800764,0.00900818839785849,0.0152063533299601,0.0405298113158523,1.79950578181192,0.832223434833451,0.662294149379914,1.68898489942675,0.0121489121382636,0.737856220411735,0.249284897714429,9.13733974366841,2.00617311145259,3.0678637368701,0.0808126584502316
1.16701257623348,7.99640992180372,0.0888440547382994,0.796486066936364,4.69233527679982,0.859540049133301,2.3004550332892,2.10271789800504,2.66070485360928,0.0167434914911976,1.81177337845953,4.61209850178969,1.15107664000497,0.011407521666486,2.44929805659683,0.896191277017456,0.22944311600134,0.577214586531672,0.172554940151624,0.286395391818216,0.445598684194589,0.987189662003549,4.32461755147161,2.58628376205036,3.26301138405582,1.21510955874555,5.00462571706255,0.334400898594315,2.74262106363388,0.397748115221093,0.544303597570532,0.151815099821655,0.0250266499117789,2.34762034620357,0.841471821515412,2.19356998248508,3.28251083181752,0.043535544309082,0.945917875775983,0.447115766986003,0.941992757721836,3.84357971799579,21.0270639882186,5.18593091802701,0.809123709820759,1.18951236270863
3.12378731498987,4.56471018568573,4.03093408038194,0.102103261902994,3.85447494095183,0.686728563650131,2.80403674620607,2.25207798393319,1.08741056581325,0.0413551117848968,6.78898925299704,1.69369580672889,0.0408666092630122,0.00722642740899108,0.473095506227147,1.82673241893469,0.075120032151152,0.0271161197505526,0.385522311431345,0.145331032430994,1.29468171872982,3.65179343408332,0.572401914348631,2.23727280429951,0.0631881272203594,0.594756203633071,0.242127027123233,0.144610199671434,1.44883659537713,0.398056258862858,1.08771908999187,0.0199648160545127,0.187695572819607,0.0450270698033243,0.918405010518336,3.19772681302939,0.0744792399890829,0.173347856235105,1.596865154092,0.506887792245524,4.4782478910429,10.3269797571597,2.33605045423366,6.42369117381062,19.7967315998452,4.17114215315607
4.04382426794447,3.58434361970488,0.20180367537143,0.15396485290453,3.19470352315806,0.0685147670030954,0.74548880634624,0.0177496174038631,2.83527473198272,1.71622219595164,0.0785058807531506,0.171278068646037,0.872438340438768,0.00553009508588959,6.02174764803867,1.30937070559823,0.0872872862661844,1.6560238544361,0.628110761512388,1.16195213724878,2.1164133204554,6.13498116663927,1.34523263471999,3.29797922817763,0.231876718713836,0.116501134900012,0.853322101792529,5.23272153790746,5.55895679416576,4.72786011974665,1.04811816993942,30.3528417507139,0.114814948110948,1.70615818949371,1.4612508935973,2.68959751596709e-06,1.54422316032904,0.00542195170217391,3.35783942140454,0.111716682251391,0.0976691241597407,1.5821546526138,0.133936094475856,0.202886165536038,0.0398282820541528,0.0711582310068078
4.45475309561179,1.23407151911762,0.0704106626724657,2.71293672819381,2.14579312696408,0.242313842572917,13.5175277435413,0.275882230912931,0.251529874978373,5.85536514552639,0.00240034925334235,0.620868981738365,0.165845133006978,0.4389066075678,0.350462057397841,0.114732374860299,0.86362073351383,0.0285560188014077,5.5715041882496,1.26777697052114,0.0696015505539402,1.5258520062233,4.13114972408047,0.121497981279218,1.8318951109163,0.0840366643870393,2.73292578775556,0.349766522070423,0.21196841428581,0.0303141892344797,1.13755710963265,0.00403304443863005,0.362901918464861,0.00964067560964064,0.00969162408413428,0.617958652258209,0.608395498421175,0.0693964242099845,1.40719238161814,0.505060408732367,0.0885074928949483,18.569722308195,1.92349830375868,2.63555677646942,0.298830767034924,20.4777912783884
0.0655215412402273,0.138830529816543,12.3876176329115,1.79957148976047,0.133854368193856,0.0926012536258658,0.718349212925644,0.00390588015851731,2.44838379480259,2.02917130396011,3.2097313783197,1.87358716940288,0.0204900977264861,1.09877303436884,0.230001358017274,1.90356456863744,0.508786528372344,5.18297011105064,6.37539546055109,2.92570033833558,2.8798134940466,15.6154652867269,0.230499379151348,1.29208858859258,13.6098528112744,0.0146774615159597,0.226770049009119,1.49697383400454,0.00742156495009816,0.114681223842248,0.373563753604261,2.36419496749909,0.111021935596331,0.0382758574189315,1.06222169634933,1.48746536567935,0.942087485757689,3.63690139504957,0.0182206543460856,4.16970271963037,0.000650261760700011,3.65547988353093,0.276510124491263,0.758024761161603,2.43793051452775,0.0326978783052882
1.15593704262518,0.00474803202911669,2.81736323533086,0.28710000278096,0.906940795711764,0.962647270195919,0.878234457788382,1.44571686372386,4.21874258461894,2.927731836088,0.68999336093392,0.405992707037214,7.98377340124465,19.4743187714781,6.72922782080557,1.12855444219443,5.95042175762547,0.234232468018153,0.165779883141017,3.31692150389062,6.50227292048794,1.68442712439168,2.30507098724581,0.00445929159854962,0.697064349080751,1.89113191041186,1.17820974427762,0.663834658398065,8.44636669835166,3.33650321932238,0.727621436665632,0.387652201137051,1.6509339274778,0.0116053491492114,1.18585263311699,0.0716876507201893,0.889384564831267,0.199993982963311,1.39807566588438,0.00858445563954393,0.0581075602952539,1.17854046671306,0.0988228050868884,0.946125270596668,2.75613265012782,0.0371602387664944
6.21552889202938,0.00115610509844721,4.21969639652328,0.17233989329764,0.187764442684137,0.301424994451603,0.00306334925118298,0.507381290872377,0.720354919654088,1.63877942098998,4.45552004888595,0.00405177071953573,3.13715245738677,4.8960894734575,0.885150427267479,0.0987687589298359,0.188017744379357,0.0958154180838499,1.0043524164313,0.0161648508138326,1.18073488011572,0.110234578718064,0.223194503361671,1.65715189853864,0.312345912409229,8.34157394632338,0.649631683282915,4.66520755209582,3.4462838858376,0.278982420230928,1.6261819421367,0.600041279905345,0.521097817048366,0.320901776635578,15.7576201319847,4.45183518254036,12.5084779258121,6.09469329320867,3.75459552222537,1.86885864814609,0.955293733145364,0.837815817662647,0.702790206749558,0.0337288045026491,0.334181292954416,0.0179722932205789
4.07994181970517,0.00748457949499228,3.62351678893594,0.450878793294471,2.20198629471753,2.14405809449265,0.35419892996803,1.19473477779365,2.44769628056771,2.41786595030947,2.52670122103886,2.59441357773257,2.36553534446663,0.537359597565344,2.05072819514759,9.5562626274953,0.122188732273315,1.50792816048046,0.947881231514715,0.673623628002134,0.023279295326259,0.0463137749963158,0.306423318867028,0.300685113691915,8.29720071544023,0.144803849933943,2.56706625992342,3.69417098972095,0.113963007901557,1.72192505218358,0.7849989986652,1.50281837580921,0.0264868867124977,0.534008032494656,0.157263789975536,5.48015096642001,6.71916914724144,15.3857788995379,2.07824120052514,1.18700019966067,1.06005677279065,0.536582896417631,0.161518012449487,3.77875622047151,1.38194435605889,0.204409241787798
3.31971631836857,2.49903673787417,2.87866886272478,0.0422012980562882,3.34143226812033,0.124838271243439,9.6529276929833,1.74125330173341,0.14912275762864,1.21829393291131,2.20548774145444,0.33668420505788,0.166850310668062,0.080356758489575,1.27765837692949,0.454143077675844,0.659402183206058,0.307562180131232,0.518401999628011,1.12462354338991,0.0123505725982067,4.44335767731848,2.57905630449734,0.0224791779433612,0.000400548189561262,0.0631792413673314,5.50267065834506,0.810485971665295,9.03611980464372,5.6979417671089,3.52053646997407,6.32013031074897,1.57734826385337,0.0771580305845124,0.421549689837596,1.86886565016712,0.837873630212868,2.05423165001944,0.145471752426434,0.0179034456667426,4.80676824661212,1.06300476094083,0.513968134709483,4.2202920916899,5.35883717983278,6.92935715077168
3.56693085194025,5.74095053102644,0.0016813157636289,0.387602435241495,2.6734716320102,1.4513143241052,0.0129609372160923,0.342733495687713,3.94732768335513,0.0930504739221636,1.39312613574486,0.178556459713013,0.128612745432077,1.00044882372532,0.517773874406488,1.5186809867187,0.0301143013850645,0.139549642724374,0.00448564281546166,0.0412764452327435,0.871862802388357,0.093928028891244,12.0708105825396,1.21474439466809,4.99714260008854,0.0119928477183762,0.329394898144205,7.14028500358734,0.538779003210521,0.384438742891184,3.38798110196871,16.9315272811639,1.07775945887882,7.85108744954124,3.55117083373612,1.16220220032698,5.69469648736646,0.0734563367957554,3.74869631095935,0.00144882228065398,0.0203740807356223,1.98392626769498,0.132772631142717,1.02124286647844,2.29987277098339,0.237757457652912
0.545099265607548,0.368609693839161,12.1779726935659,0.870515495849595,1.68997602261524,0.00141872467567611,5.90105794479891,1.79369842768977,1.55205037422903,2.64287379424413,5.49779555528782,2.20116356624595,0.577823838229695,6.77915418035793,0.505890070753048,0.096275955677185,0.287363903277633,0.00629381446676902,0.307275431973673,0.0888258478190227,0.733652577622265,0.00762426002166312,5.04961529701353,1.00050295204242,1.72866360754054,0.545759651754418,0.0574690654087582,0.500537860636054,0.782232995042518,1.95750479975486,1.01006592797223,0.033383871951041,0.0156463181059772,2.11505198808416,0.00357949020391553,4.57671546234951,0.281982837369746,0.216606132586589,0.422769249251128,1.62200099911055,1.43362264617155,3.83904626715321,0.222799963838145,15.326880334165,11.8843451093969,0.740805734249573
2.80172245203061,2.2656153943688,11.1925572052203,2.54797262826737,3.51524297686008,0.447405404130152,0.31654057455718,0.155900077173354,0.430551788929301,0.0155977982950926,0.404208568927783,1.50071167961587,0.42089407674163,0.0645017510458062,0.927878170493892,1.4867104550791,0.0335682705732316,0.469341604796612,0.0821550469075735,0.520141461749449,0.546626885822194,0.654793379087804,0.10642538951706,0.0680402985668053,0.206986816116346,0.124191325943543,0.0365668059963105,0.010860519845971,0.475652568950246,0.915958144106494,2.83655788669215,0.0188229115310069,0.169942277101644,0.0283590322118674,3.53121538987569,1.42659419736309,1.10190712275768,7.15383279091213,5.96580458168815,20.8300528944439,0.897206025225779,0.347891317662409,5.14011560795369,13.6356948688634,3.79608600350869,0.37459757249276
3.0549473322766,2.50935460637388,0.600350877126882,0.233592071192869,4.97675518937792,0.0373267527427213,0.132288727570955,1.51505557105728,11.0139861813887,0.925236265029793,0.877092121821374,1.20847855487347,0.587783726331263,3.06410764623749,1.0932960788579,0.0191066685953461,0.945760727917865,1.60828817970062,1.268056197027,5.1860583645228,1.72620399131772,3.68822017121948,0.137327970084462,1.46540894422771e-05,2.16644015999404,0.12169946153744,1.35579084334662,6.52391046062312,5.92172213009872,6.86308706271343,4.52884918845339,0.251824457397353,0.0588654645330331,1.2747036502689,1.24541525069811,0.0144159641608774,0.219571081712632,6.03645707943688,0.925300027609908,1.2508358591029,0.270334123300251,2.12086187308188,6.46937123404753,1.52315054220374,4.43459913720453,0.0141063217408878
0.373028383498499,1.42888978284074,1.98707377410174,0.0892489729918124,2.94219282545169,12.7219597300509,5.38167754893516,0.935584569488016,4.64863094776915,5.12691206648619,0.0939930689595331,0.331799211141208,1.22694212563687,0.494513374905591,1.59164379141836,0.239421036070243,0.147428485516726,0.0710220698143059,13.0546615690367,6.00986864482177,3.6763628550972,4.74703928963302,0.0394571148599456,2.08403612106008,1.08200500033583,0.419063454711392,0.146061495039935,1.43689338592888,0.358169678067708,0.116935337246782,0.399269321346522,0.463232800836214,9.53416057279837e-05,0.291143612061848,0.0254586573114774,0.272950118510362,0.0885076159430703,0.926247293766741,0.000248283762713632,0.0307848351654615,1.50376507668595,3.60482074129471,0.0135822551251059,6.5739133295396,1.09480537808605,11.7086596280425
0.0204665153825001,0.0499845931336467,0.854798557796734,0.7970641058069,6.80204562061467,27.9247178786035,0.760923984224946,5.33706520435523,9.13707842441646e-05,5.72142129710448,0.19642325946887,0.839657955513571,0.0346220899922865,0.683273188805057,1.50491077596763,0.460260999724836,0.0185681659854151,0.562343378746761,0.678138395713611,0.135131414072139,0.409845603759422,0.0923163713214879,0.0037892220233315,0.00666057147003985,0.373121278243806,0.057141007282905,0.0047559037928859,0.876862443836234,0.605747245340447,2.14253723602275,0.0438092930260996,0.704876281540412,1.28794828291421,0.21728015382703,0.00253536487897782,1.48095146187422,0.580659645340019,1.7040520626834,0.687243799456799,0.363980026195085,0.782646929625796,3.26206961693567,0.209773708729196,9.70151575137894,1.63780220094629,19.3781697857575
2.4235410519042,0.800767045492765,0.0795933475275346,2.64733455462455,5.98121013713442,8.9785231699973,3.98362982808053,2.1880594684409,0.779175291500216,0.0198795457091763,1.17739245359789,0.044100647069532,0.235428401825901,9.25592440100821e-06,0.000909695020494765,0.0171482136871838,0.143549725076764,1.28391958484293,12.809807945427,9.24964147517469,1.32732695565276,6.20021027891517,0.0888797688144394,1.90117312054616,1.3695126655102,0.446934310988978,1.07795286064277,1.97671433877677,0.000713637886031274,0.0385501254387975,1.31690847951825,0.855396757712723,0.0160875299599295,0.257535182587707,0.0021063105714836,0.270248104553562,0.853067997523795,1.0647337676442,0.0208501393135366,0.0624454954125071,0.290526758880115,1.9808812181248,0.109733427581081,6.41972096821997,1.78561137325174,17.4225575879141
6.9289121759016,2.48983788708061,2.3097011338442,0.0189513708624476,0.462587464500917,0.523581973443923,0.47872678954772,0.172301473372961,0.284541825024381,0.000919881799010313,0.0716148054026444,3.34804447181147,0.262068726033922,0.298666581843841,0.321907984878416,0.0325972721410414,0.150715882335847,1.38609694990871,0.193846572876938,0.076472780119887,5.11862965121649,0.427658448099311,0.951590676632113,0.883607474606874,0.544585585038197,1.28529352912543,6.30164195351073,0.692479441023288,12.8419953653865,0.955394975905441,0.0198697066618678,3.47436483513987,0.70958737725349,1.82041719941324,0.611869007446851,14.4439675480466,0.205892142028868,6.52276490871192,0.00181586973282883,8.57056175143052,2.57248046224855,0.00647673424909684,7.25481259084436,0.0780081640718302,3.77324128104029,0.118899318405014
1.69894000625802,5.99594181407347,0.548397727817594,1.87589297485502,2.97491102402939,0.313920332225411,0.150648548420058,0.0165516682931232,0.0125673185289263,0.535775447300552,9.09429127394287e-05,0.194604564413482,0.346914662593732,0.000141848550475058,0.507855609573108,9.56573253228683,0.946212565043575,4.10592463803721,6.85579373318159,7.11275513567803,3.54313238379469,1.73424762111334,3.20478692240453,0.0425493179226813,0.810352301820769,5.25706178794842,0.273915981627507,9.90406576197433,0.803281091330574,2.31379809631782,1.19526661676492,0.245388801272006,0.276065559553935,8.15715143477846,1.28077018766726,3.5868899565994,6.37821749900173,4.93884291376529,0.0305758810908328,0.784382486374435,0.151717313142989,0.212148535325692,0.562440714458325,0.449261024989209,0.00786070869640082,0.0962560061920958
0.0253436776171113,1.35320689883657,11.0971052240769,1.3355205342606,0.0703890998819028,0.617665697226679,0.998260927590426,1.09354967778314,0.893363733478584,0.0917491761159647,0.428073471912298,2.32725504528508,1.24670003074829,3.43799147055997,5.50410460632135,4.48351823743299,1.36717255621072,9.55353845350233,3.44714448606039,2.86472725935531,2.03472303703264,0.0017945089091112,1.51320174320539,0.89406626793137,0.833359355350255,5.57494758543516,2.67564995754051,3.11098987306337,3.47849306649345,3.55621770865772,1.14545532735521,2.26427912240074,0.265297698989123,0.542847363486478,0.0149366666562746,2.37030780969047,0.000170878810849399,0.0702097530329582,5.30357379383424,7.08477948013839,0.320369007427295,2.63521527228602,0.873486747502681,0.153768605315164,0.638457165907642,0.407021939290834
2.0025581409358,3.61443431127919,0.353268408150685,1.59760532671679,6.2331964253848,0.0116378750090052,1.0792593832386,2.44941481308311,7.93106321378181,0.668202978054148,6.33398582879252,0.0580995644862725,0.0044866360454297,0.04366419587011,0.0821397084342004,0.670578335315632,0.0452641375360541,3.30928177970601,3.03958722046695,8.72778395382101,0.312514172143689,0.878370788054827,0.984421323988903,1.41688706404218,0.307635053979748,3.22668924038416,0.986119088475547,0.379121219018915,0.723748270210016,0.033015779187073,0.000813379412802939,0.262288914456678,1.76586762811868,1.0560909271184,0.0130994919047655,0.753193496468244,0.0133662519287874,0.356187312179335,0.517745249237504,1.7197479681113,28.8271951007099,3.35541303788414,1.93938322571649,0.631828043432736,0.826955090509568,0.456790647217528
0.0887260284624674,0.561138129412245,0.767596990584844,0.638377182767982,0.106621714777042,0.509612591525521,1.7620340106287,4.68329641544052,3.11622118880438,0.408409128753908,0.548286927809795,41.181528406243,4.54209250144402,0.57017102039194,0.153990938646456,0.842127259614013,0.09896964088375,6.10060833932158,0.95026667966266,0.143826973139155,0.464587455166782,0.398000385510562,0.160055769331124,2.78006887793908,0.416770865759003,0.504407306920042,3.01903319344692,0.717028428805051,1.80036851477045,4.42647952469333,0.0349233370917606,3.46632022293389,2.04612029969519,2.34696278940051,0.070384426628808,0.442086505668825,4.78482377650561,1.65141389803867,1.19683289027855,0.487376442066736,0.030492136483449,0.188544051550151,0.694835824777579,0.043492835339448,0.00892066575032284,0.0457675071342241
0.985479035752447,1.70607992308736,0.402467955692756,1.18684953801982,2.74873992685115,0.595061556372478,0.337034734867753,7.30227276242781,4.90542169752518,3.75427414998982,0.0181310528041418,1.80380205375534,10.4294538479105,13.9963053293112,1.73185584478308,0.141413028611313,0.645297111835242,4.43415815680133,0.208957182350705,0.156686917724202,0.61652905532119,1.68666232044917,0.0387573291918994,1.65504854332987,0.11021889628268,0.937768089588784,0.0883281480214047,0.627094272385586,0.0260746698118308,0.719044993731613,13.0942984985076,0.264709173160841,0.653654972030493,0.630204563536648,2.17990236676316,2.9197475693828,1.26350018563254,3.53672444814237e-05,0.565258913332334,3.01909615953176,9.26327991010015,0.781090242124711,0.21392226184247,1.11077030964275,0.0385918537169628,0.00666952886271945
0.168322289822667,0.996819212082765,2.04190360186721,3.52914642626292,0.855509332855774,5.44326127655525,0.299898002773541,0.425653961653597,0.00129892323425004,4.24696850419615,4.29853980175657,1.27032681990458,4.37788649597913,3.6224168606888,0.614349497182535,12.4350132592407,0.0579497509690402,4.14703485009217,1.11327409814433,10.4280191314693,13.0905520158273,0.00617794505360266,0.000559741297432709,0.0552298140141687,1.49510124943325,0.0593561608659898,1.39558585562825,2.17094211959009,0.166597218165273,2.2299681295312,5.38052486925183,0.282662516558252,3.31981078557068,1.09538519236557,3.4243789288659,1.39632945247746,0.266501669544917,0.094631573984323,1.65562496480637,1.66136584004343,0.0819649885545444,0.0886843244131967,0.140322981397325,0.0123851433397647,0.0376670065571268,0.0180974161313974
2.52605428798467,0.0469787643108148,0.608131589449968,0.574447098446774,0.0847079198961013,6.56870771639972,2.02089175455323,2.37151098184239,0.0691944849624326,5.02847302254053,5.14073346543387,3.13872713620591,0.771053116753715,1.55620270435368,5.64180569296347,0.116128204874127,1.55655106632155,6.22431304106984,7.09123274834295,5.06167457642339,4.01459733641668,5.1363456949124,0.00438238949066242,0.0949911357070468,5.95241703579956,2.87667940335709,1.91418229401743,1.5217643178663,0.209425930098893,0.00600360175375862,1.15540520367637,0.058357597428401,1.55634460948342,3.90063718599311,0.757397293458427,4.86236490316417,0.0264295262639961,5.4954244553902,1.59472850647032,0.330329303257499,0.000132962158355083,0.350518839197229,1.02655603930567,0.0269151922136769,0.136788037482499,0.793361832507705
3.60393623835913,1.84494275654895,0.0105000017117811,3.44386718280463,0.00106125936437826,3.39650291209202,0.864876862604344,0.000167740681741185,1.14385877672341,1.00751849403752,5.40282410143094,0.705730569866092,2.87181392874599,0.0318808457530777,1.8631711967053,0.701872605325151,0.0166219485413135,5.42730158630452,1.86147432152794,4.00063360036699,1.95544607850745,0.887298849534456,3.1238533754541,3.75166188439539,3.32679767688032,3.10886006510455,5.61231914017597,0.0373219053234502,2.33524861430684,4.11257828830845,0.671055819625013,0.0016419402401884,15.8015615127754,9.37584910737919,0.0166245049489076,1.60482656660572,1.02936974171544,2.0338828004917,0.351006696986755,0.0117202409738712,2.13620440431044,0.11188826610412,0.00638748916793736,0.34490753149815,0.0485131886124778,0.00261738107855563
3.1175016871785,3.07101730515153,0.00140775840351479,2.7872254987789,3.28756211153878,0.10616393278172,5.70383092680639,0.321832951658451,0.406315591134426,8.44338835179392,0.887152668092445,0.467589777246006,0.00346698109701324,0.974669509142495,3.50837936748736,0.000609404490390062,2.02629928584028,0.754472164785919,4.62177601971711,0.0330083141022946,0.312448136196658,11.6608876957647,0.202917623227372,4.75470590047148e-05,1.39059081784467,1.79440805943327,0.421203478213387,0.0634597139164138,0.0385781755341574,0.175290974638963,0.218507641850192,0.00302881329868281,0.0110460942430037,1.25079311747264,0.0599682027512699,0.199976624486379,0.00443720154691221,1.46377042818618,0.144552970177913,0.577497067877268,0.535241568900466,23.5622908634736,0.233249423623298,4.65818289740484,0.0244416097931432,10.4695136458581
5.58701998790275,1.67305780406807,0.018852025495714,1.71618200784047,0.431153803160911,0.681085975218643,0.775887948918547,0.621923939354306,2.68131639197056,0.787709157575442,1.07030740862881,0.0313334744268381,0.517758176832209,3.2937955624377,0.286503462407136,0.595439076289464,3.04904017194943,4.22515020211513,2.27282726246502,0.0170674609514798,2.64960693563922,1.64585134922113,4.73260913844387,4.44876260366835,1.38598858638269,6.46002016305356,0.302149454687692,0.0289348228624805,0.6200461022559,6.40594501923096,3.76794513565201,0.0350381465052386,7.16692439702089,4.14053816265867,0.127441807551916,0.132658886760488,14.6406423110766,5.95101498977618,1.53803723190309,0.246210967786029,0.0790869748092098,0.0805190664851995,1.03697950930949,0.617675349264251,1.37066553283171,0.055296055154582
2.17084755953739,1.79439034109963,2.40811846742738,0.0624191118645891,4.39321047686804,7.77957573779994,3.96106613544358,0.100924568754074,0.244391362247945,0.177005655054722,1.82644276529656,0.144214283523414,1.9435679659071,0.0357181923574582,1.38356136253527,3.49925245544723,0.973532636569536,0.462352772150447,1.51238597927049,0.0865785198799521,5.20343458754219,0.00413502245370865,3.45811337113569,2.88585776852726,2.18339493522759,7.94394176538855,3.28924377255605,0.171388309421362,2.7400744677259,1.667803907108,1.84800039082674,1.8268961561424,11.2763290268969,7.06588153602732,1.73682471683932,0.373285115326798,2.26429938601968,0.00201740673166584,5.8401465734902,1.06741855491622,0.545102487181207,0.411126309871777,1.04726431374002,0.0155718333756918,0.0559574794064846,0.116934457086548
5.78727666913545,5.09526315584163,0.159679964465964,0.520361520752936,0.0232941316004957,1.00942374810381,0.609733627227114,0.378347789717796,0.258311420555472,2.82947005728536,0.00613193990547894,0.0503894534701282,1.34188902146429,0.0196902409959331,0.795207965467376,0.570518096673236,0.978276765993195,0.057718921446707,1.21033176152923,0.750049425086506,2.18936983790546,0.287066816590667,0.33142189480159,6.68978121949895,3.51429384593703,0.0092050643185093,0.260150563164217,2.73417651337588,0.0170955160387712,0.774381366880275,3.38739824945261,1.1422213193634,12.091142581837,0.852071027188915,3.65262410040459,2.84789638328598,3.18144794582034,2.97341903105312,15.0897867893346,12.3953258202065,0.692920424809182,0.8249743789036,0.00610443242188336,0.108905587451125,1.42332324242661,0.0721303708111636
0.43358436552087,4.00424472589845,0.723618342362766,9.21052422953463,0.182041551433095,0.117266320302195,0.450573851502848,0.379397589642092,1.72935361510089,2.97822309922265,0.0142927757717906,0.00547578733108599,4.54944745084861,6.78897475051126,0.144431427270712,1.21661659195339,3.44658253369887,0.742797424736642,1.68760998666127,0.262904804845648,0.044783985195324,0.15280896818477,0.408546669223826,0.592722253451293,0.0100711903787634,3.0286150069792,12.0183242965338,8.15577100411356,2.86049078846816,1.63453283788276,16.4418937113014,0.864322522372543,8.05474355618615,0.0483891769969382,0.640595377358919,1.93403902101053,0.131895442016197,0.620621008026186,0.0112662826980097,1.40876608075968,1.23357914534615,0.0035623822058427,0.0184910040253958,0.543887687125115,0.062646897969159,0.00667248004064582
4.69982320491465,0.523909834817596,0.000531722546847607,4.8776095325778,0.398159197024699,0.020717026527541,0.570437545615526,0.556300484334628,5.75814509824576,0.108201010811351,0.191117426555294,12.6496798632341,5.00756965938043,0.0284036990820398,0.194216596727099,0.236766639874241,0.0367647577845567,0.000204668059063796,0.537980832071006,0.833009226995724,1.48069112928298,0.156606985136337,0.0879474127513829,0.343656599865507,0.358592459231685,0.156468515114132,0.0491390444947602,0.20176109195734,0.00454578829544656,11.0114154635638,1.86044085115418,3.26229217573828,1.64543586683722,5.9313524430717,0.00784970195714619,2.5457348041505,14.4905912399354,3.95714996283093,10.4768973748403,0.0012496084390916,0.336172473576881,0.0272471021849475,2.57266708554299,0.703037509569358,0.443098383531374,0.658410899766423
4.5481302726471,1.9271453009472,1.13887956963526,0.418576411477809,0.665667709198658,0.170776260263101,7.59450569457193,1.38192391423343,1.39785327215377,0.558647038182895,0.11996456185532,0.305471174663728,0.00628663882544427,0.21693009950347,0.193188823224366,0.671983141030669,2.47866591953679,0.00526897404143349,1.09849851580584,2.60590556267312,1.33159022676366,2.4091409483942,1.60944919740771,11.5048892123659,2.16024266790202,3.49523794209051,0.453227281350152,0.120719287090748,12.3672223186185,11.4236225460387,0.0372498617578006,1.554262961907,0.0650194077251072,11.5496074103957,0.0418932300052443,0.227265784116599,6.17099973410985,0.0965428147194423,0.525071606727697,0.632836126986133,0.47545734474943,2.52173646790068,0.0701935699498833,1.39634180415496,0.166827476519686,0.0890839157812417
0.100848767042442,0.000832907826965017,5.30125445653687,0.00493606289855419,3.23603896539548,0.686985161911335,0.187519742410696,0.00137446641010391,1.12150947975206,5.80325816137889,2.28898954823981,3.86782326548317,13.4852582430924,0.196185554825296,2.97598304391807,0.000474586750375055,0.111955888370095,14.3122592528044,0.115514742359402,0.229592898461433,13.9680336533771,6.92800377011216,0.00940701111715534,4.08689047901273,0.154660499664787,2.71071603153476,1.57721958205985,0.898228974639083,0.883653596723666,0.623256097278499,1.74177728604788,7.09415188305046,0.809712233990183,0.00160727460104408,2.76432530221273,0.412216723567444,0.370231979812418,0.00278394281241637,0.172217206525487,0.34468152338394,0.283007357876958,0.0206285021262561,0.00566333793697907,0.00653620402736993,0.00368918837782151,0.0981051622630149
0.593152265288621,1.73872743695921,0.730468096550851,0.10214076993926,2.25739062970188,2.66583922281151,3.08145718957333,0.0471053300169707,10.2491177706841,4.28738676892355,0.00170907150612094,0.813304220129984,0.00457927864286071,0.510909193132145,3.3363738414121,4.41296266525369,15.0480450711361,4.29144254580215,7.22221623997082,0.368325287031895,0.068458982825204,0.0184200354003798,3.68619161136607,8.69406592802837,0.0739048751830331,3.1125276334145,0.0186474686431771,0.00522023638363104,1.1353507915355,5.05813160355327,0.515621665064903,0.0935068470708575,5.438829628066,3.70964610256181,0.194337175422605,0.177611455245033,0.0492364617138977,0.822925843180622,8.16332246659002e-06,1.93071769185661,0.0116746385701044,0.016660369106705,0.977379211558572,0.596330091554091,1.70435114358262,0.127591451322807
2.38799886181976,1.9515472855443,2.27539924936502,0.631137109384931,3.95463045738351,0.451062840137384,3.68525644994961,0.267599146579232,1.53832983308565,0.00688543687604818,0.183961027448831,0.855383160902609,1.44355052155654,2.4770482980004,0.519013830253482,0.0358994272403091,2.42535435834459,1.04885492423197,0.797570283535783,0.0298441716502045,2.9664517996229,0.00888598611129054,19.6626946520958,1.46465303996741,1.88894911830739,27.236576978759,0.265567532482094,12.649483808119,0.854395845828768,0.109981058422629,0.0128160107647865,0.381441727387612,2.83697828097681,0.0177205628525255,0.910940145995775,0.0765140182147643,0.973937262238437,0.0295961872423349,0.0638838722099424,0.0343310523803152,0.0985528832525203,0.24834528957639,0.000287003885061478,0.000331640929906213,0.0702151669136842,0.170142402172672
1.30263412322183,0.261972834832642,1.04277502898369,9.97094318651804,5.49069148145169,0.0387197479166272,3.17191790454015,1.95091369914624,0.00348637952689458,5.7610656927597,0.297245119820245,0.0337741715138999,0.125055710129996,1.32260672198226,0.178327145109494,0.203039606682489,6.79279006535219,0.176367874970526,5.64414211672983,0.184393438085621,1.79591268901881,0.00482940143022954,0.213604183628179,0.000666106168195229,5.75948911325349,0.00622171506354261,5.27632382019831,0.249166000239045,1.73513810878556,0.356104478705109,6.67388385525194,2.57190853542051,0.374559595563563,0.894419168726561,0.0029579974672113,2.41604071852027,0.00446289436967634,0.481197688498149,0.450559281509831,8.51458235937093,13.5000624156269,0.622889782625987,2.34860021253426,0.188330781626709,1.33905528239884,0.266171764724149
0.352559286608471,0.00307092747977863,1.72175938859288,8.64353842146032,1.26116041716419,5.24908010124739e-05,2.25826525860497,0.0279717335052925,0.852150529340024,6.35273376274767,0.366065803696918,0.554975075841494,0.0863869784420757,2.25962413721914,2.95228704195557,7.41298806321419,11.0348524211942,7.89212941255632,0.054145035340195,0.256421339452696,1.21156417158683,4.88112039922726,3.055357155892,1.69883096143918,1.78220939476382,0.0625099229646351,6.863186202747,0.372431626897919,5.88169804862057,1.90552401613333,5.9164935606669,1.85919336624874,0.0199895656293827,1.29855268194826,2.36061624175029,0.676115119754465,0.148411548710388,1.2647998590177,0.0257660234398691,1.65243098391792,1.77961015384504,0.00443782473642987,0.325367126217198,0.585319263844357,0.0195777045501417,0.00574955023301606
3.70886455939978,4.31857579177827,0.05275647424327,0.0229212054189711,0.411902902300911,0.137062087627822,0.529620191757599,0.167379174396603,0.887789848576677,1.61608953350809,2.31944855207525,0.286006036345738,5.13324225827334,6.43775154918884,1.14243555976047,0.0715577970264685,0.860244602616961,2.41299867668033,0.246815901399164,13.7954410736347,0.0148359278271746,1.37971950660495,1.86660768627035,0.0476391732416634,12.2963215114168,0.106966134565226,7.57116063325005,2.80437672313204,0.227059927898456,2.53568228469875,0.594516855565808,1.79755343087902,1.80804108330236,0.0196737448286442,0.684295421145972,1.58235689738965,0.227654265736461,0.997050968561669,0.0127005797708837,0.0348892624739817,15.3240525188349,0.391857495377741,0.7763560399534,0.0350586859280946,0.0828827255550219,2.22178673978167
0.222850302460229,1.70852287615711,0.133636448011376,14.7157860564001,3.15865071964988,1.83664355483166,2.55850924385823,2.59667373830052,2.06782425497208,0.530104080458932,0.907198684350967,0.00782657212377033,3.21944769175106,0.21185568891216,0.0824512823470909,1.53032538977566,0.666918961739135,0.0451413411020008,0.626728034540182,0.54778521847749,0.572209764237971,0.259300710761313,9.26967742608713e-05,0.993142364294713,0.83918680393065,0.580147650044598,0.00913528559496975,0.50619271656547,3.75551441174555,0.759759900605552,0.28438058824982,0.898215107289462,9.21835947470211,7.6538421120448,26.9821907340501,1.08787341738336,3.78537913057533,1.53866032617432,0.486200397054117,1.4452289369281,0.12252447904457,0.00516074970961414,0.715595404398859,0.0986322484646032,0.00523177247337525,0.0229626766826488
0.0625100675884604,0.112126567214364,0.0832747854708467,0.00587642819779501,0.00186416096812464,0.0173507357045146,0.252826274438513,0.000869637688781635,0.0519349797867698,0.0347256567647206,3.42921455435183,1.876145781986,11.3966435384648,1.33580893056232,26.7087172205866,20.0592100413502,21.8294372903808,0.171410451262233,1.87419500980587,0.242564894792975,3.94381151698324,0.420372868768465,0.160830247876706,0.533499528408786,0.693023115658305,1.46492581004452,0.145112903884067,0.018225642737025,0.0027668280458336,0.127790526609667,0.161856914983903,0.46892217988214,0.530624975809703,0.00187094072627063,0.0196402231664252,0.146762883000982,0.392502924149664,0.534288038623444,0.186000278155394,0.377787956227189,0.00538497795584988,0.000707299349182477,0.00196864239829562,4.43691479003547e-05,0.0789019206103632,0.0356694794301576
1.14153077111831,6.69575211097538,0.158751018684392,8.264409230768,1.39841879207406,0.207797980163673,0.00109280520858122,0.410785987612451,1.23400277437401,1.89775533115544,0.000360502391619824,0.508390780988152,1.57226494505144,2.53824790317728,0.870229195279629,0.116243216927025,0.00521179623886647,0.115760152258722,0.595738272657085,2.38968637591257,3.84622255310745,1.17660383101146,0.933781703550132,9.89551295220501,0.110239974853143,0.000153340295089041,3.21302364070792,1.21059800866205,0.262925802767939,1.99328882087023,0.0735796314091899,2.32063556039556,0.186791019659482,0.77121984644384,3.83306605910474,10.1237101646774,0.694945986836599,2.95574129988763,22.3674744070855,2.53176713873701,0.0115197712104035,0.288987282657515,0.0141143275491949,0.108119059467697,0.804214498991462,0.149333374839583
0.0504312294771612,1.31976192727059,1.09220771010838,8.33058118044429,1.31025064892836,1.6071464543069,4.36428667199652,2.62285182690012,4.23686916630991,0.090696819803747,3.36497990442591,0.445190192345227,0.749022661146955,0.114861092541491,2.88160322901083,1.69248675620814,5.8769297736848,0.685347141370006,0.00262330506071341,2.56378329020649,0.704555147733368,0.73298002575478,7.04327567564001,14.8040575137181,1.18494208791519,2.48582609093353,1.4567004862175,1.87401863538064,0.450036848858748,2.91573937696699,0.825081461092634,1.1054456096429,0.746869575870475,4.83752573984237,10.0578850312857,1.185440569153,0.62083074000785,0.000101423600372255,1.06020057596498,1.58618039334328,0.423469065429565,0.0295916944007782,0.375302593983671,0.00165860983390076,0.0555200825268604,0.0348539633562097
