"PC1","PC2","PC3","PC4","PC5","PC6","PC7","PC8","PC9","PC10","PC11","PC12","PC13","PC14","PC15","PC16","PC17","PC18","PC19","PC20","PC21","PC22","PC23","PC24","PC25","PC26","PC27","PC28","PC29","PC30","PC31","PC32","PC33","PC34","PC35","PC36","PC37","PC38","PC39","PC40","PC41","PC42","PC43","PC44","PC45","PC46","PC47"
1.79845006634183,1.56227115649744,3.08480681327579,0.696804930684256,0.472233294261735,4.06185752463259,4.22667320957359,0.91119887167147,0.243607640519,5.71912639896285,0.237979253919371,0.182825295259868,7.71207423025439,9.24465361436196,0.331648976263669,1.45455368416917,0.00220657306520048,1.48757338860149,0.0281570649092856,5.52717018272691,3.47458742568284,1.02282528079407,0.0124803801225088,0.550862828175578,0.213982416727629,0.385066687567274,3.95746372012211,0.408196078069683,0.000210412228120046,0.684353042614366,0.372212022632915,1.02459058799576,3.08263379555672,13.3432655278883,3.61653855652044,0.00839120510367095,0.00401283721111372,1.88664962355729,0.479894562965267,0.554644597350474,7.33721524061068e-07,1.02718763289566,0.0106387107870902,3.06490540706346,5.83860486326707,5.98922681603976,0.000702077387387899
0.000846315514878417,1.89717173581974,0.094170313034784,1.71602745345865,3.71624799451098,3.15656295889747,3.05007899143363,1.7078512606812,0.324348627043014,1.14889642384894,11.8914607610115,7.10846181804218,1.34638226159585,2.39152410341147,0.596646631260354,3.23027446046356,3.16644228753207,0.00891852044904754,0.221407021530566,1.93326264980023,10.8022445800948,3.86141238220205,0.490944976346901,1.2888360929016e-05,1.90305019972796,5.48141809417002,4.26957250329181,0.436662053314207,0.0328963683382974,0.339120729876467,4.11773976450094,1.13546560846948,3.06018362031832,0.121384692704435,0.115176654464133,0.418054462944001,0.924063962310564,1.25645944163319,1.01338639289592,0.0452048922645715,3.8367791993069,0.0293036197297246,6.67491970224021,0.488082904689082,0.386449977054757,0.0529901177076934,3.76217024482259e-05
0.506300321511513,2.57071979047745,2.23559240672718,0.154316441167819,0.462994216174435,4.47729866513325,1.04390004704642,20.8271024125749,6.53448287814001,0.00130572097788377,0.510615302216379,1.4935977252557,0.0672023307577694,0.261081641996808,0.00553822301575769,1.16673724180007,0.94869639544961,0.0675485476566642,0.000292656466186223,1.6566260040054,0.00609572553162625,1.73419599539244,1.28874306279811,0.418990492510333,0.885363008994258,0.0717696703678438,0.463815185180788,0.798555869843324,0.274029614944034,3.48814433549686,0.0197121557856389,1.57737866470363,5.37003446276876,0.447908217721722,2.74888597478606,1.15514677892026,0.607882622478221,0.0843763579725915,0.414165232321645,0.0137132672881838,0.000349599180164245,0.327420966901188,0.654981003713514,0.241880949422989,1.23516869174241,0.0892997762393934,30.5900433484429
0.316806840949195,0.725708881406059,0.0659810605744818,2.22892209406918,0.219862311751847,5.00068933070213,1.12532896334021,8.44831364126194,3.22949085704193,1.19004940544474,6.49510496849431,0.000501505060628593,3.88088107427875,5.85431673056365,0.502652470821092,2.67263415685292,1.62882473814709,9.75977527775676,0.0356515619660016,1.05634913321413,5.73008852124779,0.0869675694912174,2.13319149627879,0.371193067696747,0.45898585199831,1.66455133466695,5.46633097247762,5.43136053300931,12.5176664695975,0.00159895312333778,1.10562205109358,0.130409019886958,1.05597282646936,0.45952179722185,0.722236017990719,0.53552339112731,0.249699472510868,0.622772217036817,0.361820509025683,0.0068428655495719,0.670534821143366,0.0188917595670112,4.50234598940995,0.196585443050567,0.535390578439085,0.065954432216539,0.46009703497619
4.18957658239182,6.45703999023684,3.57651616361452,0.240084684542217,3.03110768705715,0.255294818575839,0.466904370247385,0.946023418169437,0.0819665312922771,0.2767812877143,0.110771335967452,0.546912221820096,0.00535581194809655,1.04376489542851,0.0003400492829588,2.87794102619596,0.596522632115193,2.78433509603392,0.0504636380472352,1.12765881470156,0.0398674108230007,0.881000956334256,0.114053147281533,4.99232162144144,1.64825994807406,0.776748195603649,1.45690852024007,0.602143752386474,0.0601564892941266,0.587313241188325,2.78870753713949,0.221359251207619,0.637571321025905,0.484468020154071,0.0205183222932803,0.237939652472332,0.264048988403199,0.00437013862748857,0.109076989693294,0.0160420082999377,0.0930310791937848,0.116912805662265,0.525657947370093,33.9440624843658,19.9110001126088,0.771913988534561,0.0291850148983333
0.955498424127202,8.10999150558765,1.07317517014046,0.895771248144955,1.48350141227936,3.92782529773178,0.153301925148426,1.1527826689761,0.0195295066109477,1.50890415148019,0.0375582164363566,0.22047254527787,0.44971389312551,1.83293140662271,0.189499888291269,3.73058128802747,0.0196981436875711,1.97214677128117,5.34674682340035,1.28059852051341,0.102134040850294,0.0183059378105699,0.297817103385415,0.0355020992466365,7.805717919589,2.09958734678134,0.260613079600652,1.98174925459939,0.0223770550678787,0.770503456656926,12.4020562861198,2.11736430931525,1.33024979522276,4.97320213587637,1.65747091113476,7.31596793412924,1.01065301212375,3.57896086162673,5.22288434192742,0.354721354219149,0.973055781661897,0.48752925234554,9.72437191536404,0.157122884421386,0.242594786990613,0.125643309337097,0.571615027705445
4.16287136738736,0.102984159717439,2.80565688993405,0.957266289926703,5.72067395185728,0.118840622830279,4.30972467734627,1.42844384663738,0.0176521908762078,2.10823454894868,0.377244325346999,0.703991945010372,5.3843389801664,0.109169362986845,2.28348268157163,0.0348408421805424,0.182054289776638,0.0396071125392009,0.307477310840955,0.819325459465231,9.8542502002231,0.404787748135113,0.622361127287761,0.195313346529,4.46164822615862,0.754971429381364,2.68138224396761,2.39375107079231,0.00115553228188485,4.65656836041271,0.115476964041293,0.577745679553788,4.04835806038617,1.98950720031774,4.50958695809521,0.0885320724938378,0.537132003115677,2.08254113369185e-05,3.30639169131725,17.9732569598305,0.949154799491373,0.776494079056865,0.454976847735694,0.540402660427085,1.924687212833,0.191276026788169,4.01692981858906
0.483420202444466,0.0519529594508198,0.353412689521591,2.49585170947624,0.90622163885506,5.37629168993724,0.00172349451475477,4.16016612405593,8.95916901556677,0.378567474177651,6.62303452102278,3.47399960603725,0.0051853322541571,0.552499861706201,4.0615288448945,3.7862755279967,0.606584843456897,4.74661712934884,0.68975021758715,0.026966569042138,0.0117989688784529,5.05270165407293,0.481806512616845,0.894398123121244,12.51909692677,21.0992017449253,1.44697787508591,0.282656779638619,0.214893430708568,2.15044680300998,4.81380615796749,0.115839798370164,1.15081445167074,0.204331205446477,0.425452698815695,0.421438909361236,0.0919703137393704,0.483075634229831,0.0387293638010821,0.0169746304812298,0.00953855319531698,0.008447057680765,0.225426291345845,0.00218785318960267,0.0059290388921345,0.0504091858793009,0.0424305857587462
0.00560915519360389,3.04015434759775,0.296153823118995,2.77040348197798,5.99782682024087,0.450886475651793,3.35910428074928,1.69736464221223,0.00383102435699879,6.18252971358252,1.3408314072451,0.571243119351596,0.150956195311556,4.93927424127235,0.399317562075571,1.42493081131586,0.0188087355009238,0.910436602283069,0.0957977425158211,19.4825893667833,5.67752843723931,5.37197269886616,0.00878164800041951,0.798680967429104,1.02301722477657,1.14696867713756,1.47830895162747,0.189325513586344,4.54535207105286,0.591973952618964,0.977374815414198,1.06029408122334,2.07011754737165,0.00331742721592491,3.35628645729542,0.966628967755752,0.0128271170372218,4.00389016521051,2.24022403726669,0.000781990823739613,5.6134626928132,0.050284042000491,5.58496262467145,0.0249891989557223,0.0100770227035535,0.0168660307155298,0.0376560908536564
2.27902793469323,1.15652457113909,0.00995317080106255,0.0428353835105854,5.53004341386356,0.591774765315742,0.567471395616838,0.0426789689660753,6.64736475512438,0.666346951190527,2.32046994128345,1.56603309036673,13.6227894759925,3.45600105306179,2.81946794420728,0.519413287565933,2.08558691839201,0.928196094374169,0.859786565665007,3.57886637662635,0.137600969074696,0.223108521538182,0.883515459589943,0.00592744122097886,1.30721376493792,1.12243881072664,0.0184894143772023,1.64026401386641,6.12291720112937,1.81030026978668,2.06600297378605,0.198282036259038,19.4978134233029,5.85534252024215,2.98017042905647,0.0699296694765032,1.52508311720972,0.898549099429743,0.0320920609757211,2.07509312778434e-07,0.532395745083561,0.415563367507199,2.65104483487355,0.00233263218888345,0.17821436155445,0.239345581754011,0.295430015786307
0.674188225018174,3.40808401411548,0.735856799241691,1.56384850347985,4.24590036931929,1.32245499303011,0.0814587724454534,2.31905216587844,1.54339050809619,0.206530846165341,1.10738405770034,1.38089522722548,14.6853434881855,1.78922039276865,6.72237597036793,0.868829568214508,2.15284889995676e-05,0.745319863211806,0.899794277558573,2.11515242788333,0.255905183591015,0.847994980243777,1.52943190411385,4.8963870287786,1.22785551164209,5.87266481102775,3.04161083710298,0.000635598447496211,0.0237345375114769,2.13437451184556,1.70382155629849,0.280398769775779,13.3668462977187,4.9189942557377,0.604584364697983,0.536736633256778,1.28407675478441,0.0817047002979727,0.2211860252373,0.0110055049896355,2.39379369355346,0.239665751183381,7.51354121103823,0.000960368077963356,0.380116928689939,0.0744936339137948,0.142376648048765
2.45875065445311,8.86785876056767,1.30638581082962,0.684638062438345,0.509466392382163,2.87520060562044,0.380086259112338,0.769444765067967,1.69177151420837,0.354161836510069,0.0172959250385109,0.837726368378964,0.0510630231886057,0.433559806656248,0.0681618542135317,1.58409411906337,2.44473231301809,0.14794579671156,0.288310077579232,0.334713051724156,2.28563187444586,0.896007056853608,0.0303284502098626,0.137385001665686,0.722264857853127,0.709489405863194,0.0152775486730496,0.687739782018813,0.2505165528062,1.12896456068317,0.362481504271908,0.604046167778132,2.40402007053607,0.291528734387452,8.77936600122429,1.73228989243414,1.04096879344204,15.1652739678255,6.52385872507944,0.0132119901273716,27.6703704751055,0.732152794730859,1.4298605847379,0.000262991914103095,0.271266990367801,0.00844136951287768,0.00162685868965113
3.9543812876461,0.000939275882413734,1.73196660116304,1.50338875557054,8.67336951069158,0.0113028154625399,8.19912505504839,1.42281660532495,0.665124172294423,1.11749458796696,0.00626868729533817,0.132429823370445,4.29294956079211,1.24378190670472,0.206689015908846,0.0372257233764402,0.00263921233931592,0.0690983588689638,0.0423296307683896,0.0646823220494302,0.00140689822400822,0.39309878835344,0.00253681786646792,0.00576213729258063,2.76914914297734,1.06427299655913,3.66022159618313,0.299340415712672,0.678011740260969,0.116309516729836,0.532209451522429,0.852051674532546,1.733428746142,3.3374919340715,0.490337365740576,1.16035436591637,0.506680079453306,0.491713517214328,4.77064873084864,33.0851255878801,0.552804025159654,3.04464105246003,0.0883739523247248,0.62193685778741,1.72941609966323,0.0999926537502628,4.53468094684843
0.319550748978084,0.374112082076394,0.40874228505646,1.58296675828466,2.44023240876372,4.40655230976247,0.0226650963076496,2.64931868416341,13.423423374274,0.81832876618731,5.52914247948576,4.35844117084652,0.541198950873482,0.424945667916146,2.51066873137466,2.50598016749412,0.0509259011642318,2.79771953740364,0.0748792274072018,0.26987939962507,0.172387776766979,0.0131777933145004,0.0189988187338111,0.0717521895756598,16.1924004343493,11.788236307508,8.92292903988587,0.0233869505274618,1.18494766280746,6.5550480019721,4.91489847975407,0.288981003035076,1.12435957414565,0.385996264132502,0.658580170739791,0.488257823330779,0.00994577125333786,0.492251462072197,0.324333395787629,4.12410544612076e-05,0.598477735841536,0.0154291478588128,0.163481821014603,0.0301097490570885,0.0115264107028136,0.0347957533641713,0.00559547396916715
0.613993413788918,0.57294239441081,0.0546655935637962,4.16962248252259,8.31358592934517,0.062478227957734,12.2746877049325,0.0251689843725889,1.05257156665678,2.48024773936144,1.07342793361435,3.27407844933254,1.99654119907979,1.17224232970325,0.503229449712041,5.96283235966374,2.27466340542778,0.313438710780709,0.672426478817953,0.122926147355254,0.0748335543072567,0.296787880182879,0.00788901481766533,1.71542107578505,1.62966885103143,1.82677870068673,6.4560411425495,0.387509955122109,2.03583970848289,0.00280578962338943,0.0118940968587808,0.0833005621405908,1.11194143317986,0.000713250842635769,0.59659249557528,0.0159292414073844,0.182290254541062,1.31284573970155,0.0771955414971461,0.0363396530621466,2.13641234260159,0.66057147505117,32.0032173332473,0.0836271305181376,0.0311325505140022,0.14146911873586,0.0951816075368773
0.0156802868008911,1.11410443109759,0.819255175516157,1.00019276620134,1.43459091702456,5.66847546579869,0.920433307634926,20.9175503417016,6.20313091423141,0.376711231056709,1.63584026041879,0.742729730400032,0.704268907624204,3.50683840599176,0.00345631260062726,3.20610052504405,0.408790518303821,1.85714180679031,0.383846671947852,0.922702988440289,0.833718866190577,0.211738674849595,0.0341313536668188,0.893387596959751,0.895220679986016,0.0264160751364028,0.356553750498391,0.806755017169021,0.0571580960786908,1.64402716422694,0.0882550878390556,0.535385242934722,3.13526583572799,1.37482221522563,5.6049616408518,1.19294195194241,3.36841856940374,0.567418407466297,0.315358432059351,0.00287974396452386,1.70594574770803,0.46104722200486,0.0364153946969348,1.38258174928438,0.804583613913392,0.00127807888806438,21.821492826701
2.54986721419674,1.05512796549924,1.53434625386776,4.05102445709316,13.4270730692001,0.152578812565779,1.42278083079511,0.35975023759722,1.46819375028191,0.165099183701684,0.0895613797823581,0.205718439051046,0.815361994988199,1.99985479925371,0.0341924512121484,0.706425490674294,0.669743194403029,0.162334009076349,1.09842576339105,0.7662544316126,0.962199619772762,0.00559175370578806,0.960949734385507,0.280246448600198,0.792577141023652,0.284154737686204,1.36635981579304,0.230778455698616,0.845108234874383,0.276087983864393,11.4024949730673,0.0301755038356055,0.602446742564915,0.0785631685572333,1.65298962086817,0.173878122723532,3.45926938343211,4.11335855218109,7.21847578673019,0.429751535095572,12.3658545699405,0.125774365901258,17.6941129970941,0.485395069204863,0.322337963689202,0.132325418938856,0.975028572527493
6.01179996180357,0.304804017320063,4.12381685856436,0.600484137210822,5.64620381980747,1.19166939454187,2.76017823671834,0.751496964705109,0.569157300258246,2.59689521870458,0.0117820161035504,0.9152055224566,2.07358429335411,0.390471508721371,0.764170812018602,0.0150962474376192,0.00562923407659748,0.36677404789025,0.000114874327785331,0.371166288947268,0.105868505189557,0.755030599182304,1.41523874864279,1.10986037789254,1.07616208568886,0.177767379306422,0.324655833078321,1.50649025383446,0.00809074482461704,3.96343857995615,0.340991737714059,1.18080398555675,6.01038275956854,2.35917639285241,7.46691483753457,2.00300726535138,4.1521362364432,0.03275367176806,0.598147845980547,0.0844904353506503,0.996548242026534,0.293959327730716,0.0268020291232528,0.121082417688104,0.658104515098267,0.000448664438426113,33.7611457732104
0.147620968510017,1.50682943134118,0.0611897839609712,2.94871001172313,3.50680197933653,9.86031167474001,1.1812959928344,4.40101387470933,3.83372486708478,1.45976563611551,1.02849257861907,0.0864528826648151,0.919371107987463,0.00989347810280157,0.882914207596466,1.14635935142579,0.480503270346741,4.88819351062233,1.54206311963416,0.0913234381224043,0.967517133330947,10.1633103656674,2.21787958579484,0.0711691284336194,0.259471146197331,4.71836988137371,6.65142678743562,0.0348493093943286,10.9026663155996,4.07389151307812,0.197718408860577,2.18313285144729,0.707361005278863,0.505094830404521,1.35438919045444,1.09646229189491,0.807411686608732,2.29933943631654,2.19102095538231,0.0219499308273117,3.87925455620155,0.000542239832547995,4.57315908813602,0.0196644971490999,0.00313153059380661,0.0880088100709397,0.0289763587571677
5.11951580686727,2.72821412971387,1.44860066729951,1.12151100171018,0.861061346187102,2.60628486373923,2.06031846085995,1.70277707705351,0.0301495193434318,7.50466806375591,0.200946194320195,1.14690378839333,2.20096455311284,3.68615664458699,0.0779371528349863,0.301775571196908,0.0103549314998742,1.64167155574082,0.158598029930148,0.873672472194783,0.390978671853796,1.5701158498254,0.83486838117131,1.90904148238068,0.536377469983405,0.808935635928987,0.00567417684305145,0.239907554010082,0.0749736629729698,0.197422176593654,0.0560701385359295,0.00325742593543666,0.0112431126390359,6.44638665204415,2.68591137041823,1.83594935072488,0.382036807663129,0.376248536679313,0.760918308695907,0.0635161018499849,0.00661198434890648,2.27246013116448,0.00328632469227015,9.75240816448389,12.9159961654362,19.7921038256828,0.585218707101345
3.80909135688449,0.391602725457021,7.14797226173996,3.46436615794373,0.837261735195253,0.0124952139822027,1.31777305690947,0.489512666645158,0.0920307997104658,5.46079186658213,0.153480818997378,5.8967907127672,0.106003174380824,2.30203791516842,1.28026451393117,0.0169144086164376,0.231759767598233,0.946047126925806,0.0332332367928258,0.292192568394234,0.0689358165423039,0.711221088413537,1.91748429534407,1.95581645979403,0.0806323615396085,0.689058518532882,0.000271689664334219,4.16730792164124,0.646049322820553,0.169182206928222,3.95997234287658,0.0861275510157052,0.0106835192332434,4.17116779308839,9.32011369964011,11.3514354630379,0.691420756035432,0.0522758600261358,1.6868336568193,1.48023669885686,1.01150773429786,0.350099004315674,0.104884259740522,2.22178385915228,11.1366770248736,7.67398183690519,0.00321717424202373
7.29111110795584,1.32768026416217,0.45170207426638,0.018414440469368,0.715464262668653,0.681791910945874,0.707341791942095,0.355069025146314,0.423018630570192,2.07000547843414,0.240077676949314,0.318865907171662,0.325035559219948,0.149411658701908,0.595057469269829,0.281257559502188,1.75794420012879,3.42745615381241e-05,0.956691841254038,0.186036154729124,11.6549863036397,0.579828833886827,2.09037447869564,1.33690793111612,1.21851687861307,0.431163636601726,3.62963272320052,36.8807821720897,0.342468976045053,2.62210211596803,1.3411530503528,1.67939980658264,0.194828792688596,1.18229391748425,0.59297651873223,1.43925677117958,4.61284014466254,0.0627989936337886,1.32890695607448,4.40705460783644,0.0326030962027241,0.323075503672168,0.000488633420274117,0.0411611203316654,0.0185397808229214,3.01358161211576,0.0902653563014151
1.31687825116685,9.76607230820367,0.939631064228991,0.893486329703009,0.328836272181948,1.7264611221418,0.0372228054374094,1.97789474029432,1.08642440912782,0.231182872648321,0.0751292663446343,0.985626681663857,0.0128710505502371,0.12150018682786,0.108299072962389,0.041189641022466,1.11215103032389,0.0592054779556143,1.87813299251384,0.363874169362642,3.67836904461246,0.0710677315585271,1.09319498828871,1.04799138555127,0.0629561099749004,4.17019035898781,1.65290391813282,7.91064059646934,2.16892036493471,9.63886338256417,0.0265628289579059,1.92363941644641,10.5143408165514,0.357564663952823,2.20294008973465,3.53402839033939,1.46980771146124,20.4979906094498,0.0023439877621343,0.00520322048815899,2.98570385956752,1.34850212404803,0.250919160504268,0.0204890220853609,0.286679707701037,0.0157367188644086,0.000380046349125918
2.11551549289112,8.36030857025959,1.82213046348564,0.0245924038608736,4.22288796884398,0.390256875650288,0.0418941371087885,1.36420044094192,0.0770017833718253,0.0038530875335021,0.877721779153937,0.189728707397783,0.0137393021923983,0.963899788637695,0.169321706077106,4.05133228226742,0.477912583250696,1.99902452192717,0.000836381140783431,0.292121017621711,0.58977454362221,1.33178335850229,0.494810380715094,8.92981629340666,3.4022037950934,1.07017940891709,0.793489113912238,3.46224919483818,2.02486920039108,1.67475125551007,5.2336032662653,0.0485979720457488,2.0805824384205,0.0264559440315137,1.84766648443612,0.00848019261511392,0.199669426303686,0.269955947681202,0.130966739028247,0.00883078344468019,0.00075149529193813,0.00525877684584398,0.01177243268856,23.8426348959918,14.4067798607934,0.621832977212983,0.0239545283808667
0.164098263975413,0.000171888895194008,1.48551893687654,2.75020934440769,1.95959843038064,0.267810513315054,1.62340120315126,6.11112805032121,0.328114433746581,2.45335339680456,4.50767321571258,3.23123300372096,5.89347480945313,5.66350473179734,1.52261437227492,0.00760515967303224,4.21401024468211,0.188415631213152,2.0064368076114,20.3078933757955,7.4591358614167,11.8531387450793,1.04497681371253,2.67119006897783,0.662462567409268,0.150524332076383,0.229507608224427,3.30070930949003,0.4599380948797,0.00379248585395621,2.16929222460919,0.0943874696424,0.55449132544525,0.175314651450777,0.20257551875968,0.898848840094272,1.72872423080398,0.182290154955521,0.227793964138456,0.0890732408985333,0.897449436605957,0.0476986303804219,0.108938822249551,0.00105182891829444,0.00134834558950668,0.000607606301391515,0.098472008228362
4.74555030884502,0.765591899950537,9.62416158110433,2.45166600621202,0.619783238766173,0.298159135410539,1.77211611607071,1.07855736353904,0.0702737828501979,0.548047072332905,0.123252508815222,0.961995976889611,0.178017495156745,0.150496317538405,0.207380368920664,0.0279836387519294,0.345597546414669,0.00604065759520524,0.179355838387238,0.190801484116286,0.455829765805906,0.115480791724287,0.00202090308316601,0.00338679252519441,1.73421919010995,0.476271779955567,0.0342708589490838,4.06881952148076,0.0305997064160805,0.572060507735505,3.67240253440636,1.33711315529993,0.023705020595154,5.17117878103653,11.5290806292568,1.25314419873246,24.905980847459,3.51859589498287,7.48077642468364,0.00131152657675869,1.03886040340865,7.10230037327065,0.139199197813214,0.732594808227074,0.144280662610278,0.0522451900628187,0.0594421961249684
0.343342148562952,1.0682734208679,1.44064771840962,0.622962044988047,0.473904544161787,13.2287746039536,1.63003203596164,0.0497590902426476,5.02915439468515,0.550014641733003,0.25365189734363,0.0761237602919353,0.0858072924989775,3.65128379114491,3.94094360069814,1.45303363416064,4.16870401889948,0.0094995347132393,10.4647967607803,0.158367615085302,1.49820452885156,0.0163855320528407,5.6568992826893,6.96163616413407,0.0405047188376267,0.286295918076615,4.44484222851397,8.00486333833554,13.2757918335371,0.0798654103729749,2.76476676252417,3.93455079446173,0.139842500420527,0.00605218816341285,0.24815915559764,2.01542463855878,0.394947239825335,0.462567481253465,0.0627162724904691,0.115593515280555,0.0011958780706002,0.832525644641483,0.0295899136592298,0.0186884881636137,0.00351104472375842,0.00414522951482389,0.00135774806589776
4.67632149936482,0.168555562972274,10.0237312954852,3.00129753442875,0.626580865379558,0.0316330108078795,0.492398720741902,1.00632726128537,0.493909100256865,0.16815473048156,1.62260576136352,2.00310244250345,0.461783204248732,3.23569688594698,0.742252046362074,0.938669518442146,0.0001490123420582,0.374776770246735,0.0191954819395269,0.988289913769988,0.688187370216994,1.3597175524325,4.38020005126087,2.52825302141929,0.00789732109142482,0.00109261063087403,1.46124666281135,1.52353526078807,0.198551887754869,0.164804403960871,2.14136029591691,4.44549146689567,0.477060858481375,1.04710915455368,2.81893328806617,0.274710991902667,4.24771068325509,0.0719328324894423,0.0101694868781454,2.11356362892894,2.93455341697013e-05,1.70909239422075,0.25727525941061,6.58857912481633,4.48071309881006,25.2617695084749,0.665581820628616
0.454956434220351,0.0370112018888902,4.71488581222478,1.95899599804567,0.623670608099233,1.27661506971228,1.69908795768342,0.0433687931034822,0.0676037984285471,10.3515076811708,1.74700683599216,2.06347064212894,1.32012947759567,3.8287627513058,7.04874609091478,4.74706379119207,4.20201428429792,1.77897367359473,0.623891894176854,4.30279363708311,6.80943436177705,3.33973093844544,4.67817711575018,7.65581372787176,0.54957031372942,3.29948845226316,2.01622972249675,0.000669315740612528,0.332136608648344,1.88842440868101,6.03631503051197,0.678788820792641,0.143742090093067,2.48324915430729,0.123637930764179,0.177492017646571,1.58835305743762,1.27651106716888,0.0094035597736436,0.00122493562340325,2.01957516095304,0.268452236762169,0.171608312410472,0.186433537945683,0.00348303392007338,1.31627552887829,0.0552231267478574
8.01573009313753,0.214211056447063,0.0564035885488034,0.10597735526142,0.243602913672061,0.0683078777358653,0.529515708869541,0.0486856079980812,1.24561070828534,3.2832042855081,0.874545995964206,7.56062886221196,0.660420531867067,13.5624415840664,0.172408201549648,0.0124411579738242,0.180818927138625,0.107141937234106,0.028842427111625,0.118145612353241,0.304196162551488,0.480106174700936,7.46777083943917,2.08677811895524,0.430968431051453,0.0826926709691665,0.14552326100279,0.000939384110804461,0.39318717507142,0.0318354388207686,0.679873166667756,1.98238312578932,1.64018371321039,2.09937771618908,1.65721086385131,1.38567515026013,0.0567696835162564,0.0267161260727529,0.446313179488274,0.969454560643788,0.105214095353535,2.9060293538464,0.00402512656821118,4.7051014077752,2.34454035830962,30.0379138149493,0.440136467900925
3.95413713927163,0.297793060186509,12.0261333847236,3.02813984469764,0.723985354620279,0.339451337663153,1.42009716362998,1.35094466796591,0.15937596393121,2.16413640311766,0.0238612271150678,1.86010401742929,0.301095474353007,1.48460513967635,0.184258937075659,0.0481973651390011,0.0103144520281985,0.0151670321335516,0.00737567699895274,0.0227093543206352,0.134245368870351,4.01654304876822e-05,0.0812078782309641,0.436450804625572,0.0672421563810715,5.06754146725415e-05,0.585687721237887,0.011879719031553,0.356198457571035,0.144632398520331,0.0778469530886994,1.43885907616435,0.485987061983488,9.68873019552133,0.540859575181433,10.0239221030171,3.56639346064567,0.528170185111189,0.0192227784954088,6.47613891116404,0.580904231130364,7.60968049197404,2.22798424838997,9.59398763330776,13.3346897045691,2.51280230519519,0.0543027436697075
7.24253871981283,0.700291280779287,0.26832743009084,0.0808092280140019,0.0239387333517809,4.91786736871586,1.02142389826575,0.0126518584830372,3.31930405366803,1.81895692401807,0.964534586411115,0.940206347470611,0.115091861266828,0.00602670074556777,0.0160578493478154,0.509126699391399,0.634078333138217,0.441209668502601,1.31154207645891,0.139627394863359,0.675026598504559,3.75080160586089,0.410984603117725,0.507835549250471,2.87675561845851e-05,1.46884929347687,2.91398854958857,6.34570360274337,14.631565577572,3.62852153905289,0.765451181893711,11.5814812178839,0.857049948922242,1.28195108818909,0.222224443483815,2.65966153960632,0.204840644077249,0.138292387059923,1.54624531684582,0.680371253313386,0.336546363117724,20.7404412238671,0.0697312317650648,0.0267798668968203,0.0342326347896103,0.0327660587275929,0.00501690004112621
1.02474787457861,6.80725731629032,1.13217563651796,0.814813179867836,0.0135294564688692,0.89957410202586,8.33330402628909,2.48431712139038,0.0197832145710955,3.64827064055845,0.541074571600426,0.0171418712597507,0.0345270305799474,0.155842865945854,1.25774874356168,0.682708928276489,0.234937891090475,0.0881213563484076,1.74142040072392,0.104008774947538,1.21827878854103,7.05299823013912,0.68358826209025,2.70561708315049,0.398116699264829,0.582539171779659,0.0429394560620509,0.2627243702069,1.62081421038084,8.22294000171351,4.27756976001208,6.6062470184638,0.71644144900833,2.63321257388855,0.407056680167958,0.064238655531119,16.1940081781755,2.88164591784928,1.41638223398491,0.767531691240532,10.3230782849862,0.207836521277663,0.300495696352915,0.0352908645111686,0.312818869347662,0.000744354290360328,0.0295399746902682
0.0413136863148945,5.82257774942151,0.900806458032252,6.03215468778334,0.0588008024336977,0.0312481395426485,0.263112047559006,0.0614502971114549,0.309123259932768,0.789719957241341,0.991878029820182,0.393477522632269,0.821350685897645,0.0139674972923197,0.344193099329052,0.555545661130525,19.5730911145456,0.00550106304885707,10.5385136095721,3.02014673291601,0.333455423673557,0.0561057440392218,11.260022577178,1.86391048449631,2.06554632655636,3.86185838409429,0.0876412070413116,0.00165935198333233,0.961297617897816,8.0306663255014,3.14058586997352,2.29249257733955,1.33120031561913,6.90731810855237,0.553414449368981,1.29752567827457,0.0320273590875335,0.303335472989675,2.66098347903864,0.495610671459344,0.638406591531347,0.983234932594194,0.00309006299591279,0.0265801536465871,0.000124661298822307,0.24310449543365,0.000829576777072258
2.85839537551047,0.0812438004430635,1.16771053056864,4.7772893325672,0.7253773062683,0.00360590134245601,7.72315298264626,0.666030968461984,0.925470780098446,0.490013381595665,1.27350998150025,0.594220373750167,0.082432096660828,1.88462957594739,0.979533572407165,0.2655371432905,0.295950468158889,0.86704476054332,1.34081899874624,4.38413395266741,12.0925203236233,9.36028062263114,5.03035454427028,19.8800483752108,1.31127221418888,0.0518922832367613,1.0686797260602,1.0610589658839,4.91441550160353,3.07219849689001,0.190509161863072,5.85346834548553,0.00402431554428393,1.41739762188332,0.0716094187257578,0.496463443639798,0.538925755043141,0.489361921183179,0.170535612156992,0.357068648891426,1.06219454594267,0.0127967915960438,1.60217242936497e-08,0.0133014371835749,0.0197204298767087,0.0424289705483378,0.0313712276410101
0.157481267452203,0.217388239619669,0.20304280105484,1.86324689677944,0.176481099850685,0.538127759974416,0.835194370793047,0.00555157442344332,0.874111092615896,6.03522197198357,8.31693315044174,0.332126410817438,1.65896888544615,0.211115613896563,5.26410659088912,8.58475729206005,11.4126020957069,40.3869214657879,3.59253364689594,0.213361276813429,0.346679146014822,1.03596098587764,0.42435762565871,1.32110322435311,0.865898685209609,0.935865565742833,0.162044884817537,0.0126632774193418,0.56738073010913,0.440938092723309,0.32604351258511,0.177431949719982,1.29879840662744,0.0796691413670118,0.0655339505537602,0.141342009044535,0.0896985380110096,0.0959588991741005,0.232266437971912,0.0834307759534881,0.0438223982960965,0.196513334240458,0.0157395852763566,0.00197244229306221,0.129333099905425,0.0166700691724607,0.0136097285793804
0.923181995594471,1.95778663486666,0.076709181696011,0.334605775730496,0.268111702121841,0.00859759242865023,1.1347392503189,0.267638953666293,2.41656650272588,7.31475387562431,7.91213323627163,6.46909952048084,0.746485621297988,3.67723869463364,8.19142822562507,0.065010681330945,2.38484669190702,3.07757846290219,0.943487644805412,0.0318485931640879,0.0290117704391351,0.250250112609581,30.0342723298216,5.66784818920682,2.45509627367635,0.022533276276874,0.0917887643215239,0.174920001009933,0.742483858928588,0.423172741196036,6.97707332219354,2.34324021865564,0.345972765765124,0.322855287514528,0.0780534207128303,0.0200443221942957,1.09275713077981,0.0928426255219223,0.0877885581920897,0.324500713438564,0.0285223516654548,0.0539979785064324,0.0321031172383421,0.00134315743861053,0.0403584269822075,0.0651607946228115,0.000159653898981671
2.69710623796599,0.166982823253569,0.930004100510693,3.27173460258295,0.39109751891484,0.318286876234529,3.96645845108907,2.66841057336786,1.2076858259407,0.0955881917710586,0.305639477225892,3.85026632253401,0.0750466099655209,1.25766564758244,4.34142528382266,2.66931383557624,3.22777876784646,1.03315949990455,4.90707748415771,15.5810444430101,0.013425192114241,19.6977183299911,0.00154770074634418,1.64243202915635,0.0254184046086516,9.63389494000338,0.304781825392765,0.0358225959385341,1.97732765336443,7.05793449505773,0.422049220230924,0.544108214665626,0.748761351613985,0.0450563103666374,0.000264198958711144,0.0871144354632593,0.843483520577013,0.600523857728053,0.449602672108459,0.564768897379418,1.80609009407434,0.223169689568033,0.0494908298726077,0.10573453754213,0.127084655615967,0.0140776581455607,0.016544116458885
1.63590551883596,0.465386524013623,7.34450864708332,1.37103214133139,3.9137998133865,0.0854229999677042,2.83285087431692,1.15423532444586,0.78091845550878,0.185783753475563,7.26535986084926,1.17377032942295,2.05035246610865,2.40037131038568,0.346687347050381,5.76617175395504,3.66403834512081,0.165284431381568,2.5662174139722,0.206904439769246,0.15047867240797,0.0604983320351487,0.49481733930868,1.31092297784887,0.200791743115935,0.0730489361302117,0.655194242667301,0.147502998282529,2.9989097391191,0.0399869899722277,0.286276628692949,1.2938437374519,0.742418913750653,0.311434333910785,6.71777804999328,14.5760505804574,4.82739278936441,9.92258659935854,3.22859430608959,1.02000944228498,0.0785322377220259,0.153111996933046,0.538913273389575,0.0603696835721575,3.87149165678319,0.81521754962911,0.0488244993469356
0.169678060980548,0.0803813290771472,4.62174708684689,5.4906229353101,1.34287253267832,2.18148976550887,0.552866469396372,0.00111333553142513,1.04282579267143,0.0286214711175574,12.8371370302629,0.257214387647777,4.73951467737776,4.41722726391212,0.0405393335668456,12.51457349688,3.96501953970252,0.169131785567636,2.44195082218184,1.40545073117427,0.00248818267953402,0.427731820369209,1.61951878192584,0.174889262244884,0.49052764242062,1.61027078335338,0.367630148799703,0.167512902979487,0.611420589984041,0.39815283640706,4.6003882897301e-05,0.52027937858591,0.236526067654707,0.000220535239561948,5.57928118333552,9.22721254540729,3.2350915194567,11.9486971621871,2.97510611501393,0.431733435241846,0.0167475424366044,0.0859299310340907,0.148589474683481,0.00447963781769169,1.31231413442388,0.0605204513294645,0.0471040837133101
7.1942232426531,5.5890830583752,0.566569815287057,0.0801971867294719,0.000722389634775288,0.0199409529259293,0.514612819676543,0.448736102549161,0.101795837006403,0.677534055260633,0.582028990951216,0.228464147766072,0.0685538179525007,2.2327790264896,0.304356804851761,0.00284144713054891,0.63266795807092,0.950798195710979,0.00184667519803606,1.8605279697139,0.228946940610131,0.398719220964472,0.412222593077093,0.111148988424283,0.280478045229682,0.83411820803823,1.41259407282767,1.07992829699505,3.91179720568272,0.672669382124552,1.86065151109338,2.17442275543835,0.00362821626179659,8.01507123599006,0.560973001085019,1.68396919193373,7.52053529962514,1.01709699368897,1.60234610944263,4.31073716840891,0.242843141326566,39.0817692646781,0.13745924769647,0.149854705785374,0.00625961232732782,0.0690067923594778,0.162472304951043
0.316643488038059,2.96250824800563,2.27273839941388,11.5314270392617,0.138824933338741,1.0654284223777,1.25420482976177,0.0422334740786034,0.492508011948858,4.79500890983048,0.048942893845115,1.5838425783014,0.58428385714964,0.404838101732859,1.43780086090921,0.818765029122639,3.29707905637596,0.410050288913667,7.19241462045134,0.00123986996384144,0.0023984578494059,0.664961985717865,0.325108671730719,1.9421055170399,3.53326991126699,0.0937328763366432,0.0983716427813155,0.890983565178135,2.99220064455583,6.23153205614815,0.272841289226688,11.2115041653367,1.96226207855184,1.29062964497765,3.41151772543876,2.03880115769477,0.00229637041210382,6.21337133287129,10.5399394435483,3.3178471147848,1.78911406311761,0.32833270516789,0.118004466839458,0.000177362166599552,0.0506018440231952,0.0256154052764067,0.00169558913987318
1.39729104235752,0.0246262920332949,0.675154712536622,0.604433305876083,4.162380509151,0.963546196729805,7.29443318312556,0.873624568323236,9.58700272457566,0.286280234428781,2.59919012768255,4.63917280386335,2.9281955076182,1.74024313654652,5.32441158901745,0.0490551851821208,0.170778823180062,0.707024198386962,0.938732505491617,0.134401569357163,4.43626550882665,0.0278060207152242,2.06298253093007,0.170460276617493,7.34121399007779,2.4818664356605,10.2372382615474,0.135557117802531,0.00531146536121706,2.35134682109377,2.08276908524389,0.267509656245989,0.932179526358955,2.51766715857356,0.238943126337893,0.874120323447835,0.446926575905741,0.0863825409851511,3.37538140775453,10.2210810564155,1.07243819054331,2.5953108398251,0.124220273332361,0.266832364115369,0.365301334659531,0.0497271374879652,0.133182758671024
0.172797276124113,0.0494392832717373,0.299887280745364,0.0355154316763949,0.358006226301547,2.51053465370468,2.37369902950594,0.0685199112037233,11.1026270339301,3.05647698940679,2.4273510350626,11.8715296763667,14.0366733247644,0.142541808356171,7.24150975837432,0.0367151740878437,0.755352947445161,0.138525724564782,0.01038696980604,1.46144462949842,0.659798896920203,3.3797925605883,0.201849987281778,0.000905628245535782,8.76681507720647,2.39092388087884,12.1975876928243,0.00541944849943026,0.175512849196861,3.03367138928162,2.1040583592639,0.60012842196462,0.817297884937721,0.675936958262264,0.00138119369917729,0.366624993152764,0.138498278010389,0.106814429200371,2.2554116870044,2.40220773008665,1.00945086735664,0.295261014842876,0.0402840988622173,0.14443306875578,0.0299644649111976,0.0371476484706237,0.0132873260980959
0.00687097798828545,0.350774131812271,0.292788365405487,2.00353644053744,0.0105377241267855,0.37828016355016,0.368892051188678,0.0929466466086542,0.0829746694680404,2.83660864318162,1.19303359443443,5.59910017714287,0.782719261129401,1.82988251072062,23.9407843135569,18.4870853752,1.33048158272592,6.89764128702836,28.3665072011855,0.00434138572945815,1.01097877641995,0.0854276892592162,0.103018029032682,0.22649165308393,0.809521919897245,0.00308034560759656,0.282936423626936,0.271546498125996,0.000331799422951996,0.208550301413082,7.10844651612776e-07,1.30012637216717,0.164718895025791,0.0190792440054342,0.104893249951876,0.0146927932139447,0.0102787625824782,0.285266050709242,0.103722555892044,0.0666969233083896,0.0499386938103629,0.00838828090790251,0.00378741541150674,0.0032776226875968,0.00230236341071096,0.00484362935345082,0.000316498106925032
0.627938241686183,5.11665655125851,2.08554747758158,2.07479469687647,0.383837627381878,7.59785724170659,2.55221403455641,0.556372231207908,1.83796293178106,0.132804952944817,0.780829169022098,2.16887732147354,0.85229414365412,0.0519302482360518,1.48987719062616,0.133469885138299,7.80959583929679,0.37202985726702,0.114062389122231,0.00593203206120843,0.272159658440088,0.0187877244726741,0.0167618329404627,1.3082732312362,4.44465587045846,2.04244093122028,0.000880312757310722,0.826899958725087,3.07525610971183,0.0307811633460431,0.545306662711998,19.9059712728196,1.96776508818936,0.463545614977249,0.0415577987521675,6.66085184461785,0.524475170299159,1.11519583536944,11.3907064329297,3.08847974731616,4.34708582981026,0.703131889098083,0.339072762082713,0.0132354300182754,0.0690729713198108,0.0396853707319393,0.00307942276887984
0.0833991192127744,1.60280917823271,1.60911956572846,9.88900900586425,0.0571069477109669,4.58380387931859,0.100719912298649,0.0804037958827433,0.28474149529151,4.26345934536084,0.816205735545015,5.78519922129149,0.159606116742378,0.117877394946503,0.544073827504089,0.000732805347193799,8.30689541239199,3.1108595786193,4.99737944823273,1.80047525688541,3.30014417171008,0.0635256156865678,4.62552784056887,6.19835141896115,0.426691776947818,1.37626840333322,2.78148428672368,0.86564310316945,0.732560918177313,3.99393040980477,0.256073100906025,1.4781438186822,0.0944617574507191,0.0294445394780261,0.814414316856926,5.97550774616981,0.41553908402201,0.000790465040292034,10.3397316969055,3.46974460291602,3.4970176905681,0.723780980620492,0.230756477707677,0.0332505259145274,0.0720468028469346,0.00610869343760051,0.00518271298663127
