"PC1","PC2","PC3","PC4","PC5","PC6","PC7","PC8","PC9","PC10","PC11","PC12","PC13","PC14","PC15","PC16","PC17","PC18","PC19","PC20","PC21","PC22","PC23","PC24","PC25","PC26","PC27","PC28","PC29","PC30","PC31","PC32","PC33","PC34","PC35","PC36","PC37","PC38","PC39","PC40","PC41","PC42","PC43","PC44","PC45","PC46","PC47","PC48","PC49","PC50","PC51","PC52","PC53","PC54","PC55","PC56"
0.703551334615409,4.62448311921501,2.0453666905512e-05,4.80012904294031,8.53495197873084,7.59861857063616,0.0939416760773006,0.313145597331984,0.104737001610663,0.0662161814515676,1.00138298994879,0.525840541636166,0.252064859182083,0.0782504023854371,0.264532415067881,0.356254801088398,0.00628039419851096,0.00170061678614811,0.179978111298564,0.509584947245732,0.310531890766518,0.00866744899111288,0.605399521482601,0.045102502075845,1.31843448291458,0.00175999203376877,0.714745284417472,0.108854221920314,0.525602603089925,0.169363128299276,0.381121848981321,0.354038422613553,0.514769953394377,1.6768006067138,0.0227315927570275,0.130885067173632,0.0051089861068561,0.0215873424775604,0.0271101002002198,0.167433579377259,0.330558080333866,0.0211852205947698,0.275634831341975,0.364012915019939,0.055639502645435,0.183037908737795,0.004407549850913,0.264893821669528,0.00834081800978373,0.00211715976383358,5.26731207551191,4.06804975165076,4.6093475337408,26.7188194221531,16.7557499278589,3.94517987021592
0.304530586178212,3.50644862741769,0.00137810754027591,3.6592943094103,8.93341273936755,7.29820205327503,0.142045263341,0.157041095450443,0.0167451747034981,0.198890515833978,1.03250075908281,0.678677133036626,0.386074862491563,0.00205308355937441,0.246247028664321,0.605533564256125,0.0571401141478039,0.00105877432211009,0.00357449381405666,1.47518985257282,0.682814503950208,0.362087622120147,0.968837876796648,0.0976894418740666,4.84567987735351,0.442449408459087,0.415523430810255,0.000359174632278232,2.51911147571239,1.17658984403056,0.878849203397373,2.46411280098117,0.672895760543175,7.80859029568555,0.181332730575081,3.65897061183478,0.609350486870617,0.0324623788183117,0.00534141495584191,1.0707854419002,0.25809886937522,1.79531375292294,0.0333336904655601,0.0232630526415389,0.000174634477012811,0.0140951439065505,0.383877053656514,0.696148849979121,1.67350989413418,1.69641610491758,13.4383520821136,3.42388773896384,7.42975639836341,7.46952932284968,1.81058624651453,2.25378524495181
0.0490498206144812,1.09375268145934,0.189732195885984,0.000731042901290964,2.47032601353407,0.0781934254358708,0.0292431696951802,0.669859586492575,0.527538935634949,0.326557394169052,1.444516447322,0.0253203274760868,3.46561823394926,3.57740159034633,14.4921493988896,0.0242051115867065,4.26148194321993,9.80213685994189,23.6172546179724,0.0013969197458908,1.08029583481385,4.47193857361041,3.91831608226171,2.59817563257816,4.9309111803763,0.00406023479071595,5.89713714516222,0.00526762893270072,0.137664775817636,1.47011098120774,5.32733128418839,0.542685263413281,0.227913845146565,0.348625540094614,0.754397332895089,0.23917851096299,0.0592843686816536,0.563306287729191,0.000309147229381644,0.109272847573748,0.016897227533986,0.00850826438760053,0.366718494504978,0.0948488883647527,8.3795781287188e-06,0.075786883518173,0.083290924841277,0.182376385814528,0.172819232385715,0.0335706737766589,0.0010166820774398,0.0216984816645476,0.0827702519947982,0.0267971563147939,0.000225665376047049,1.81941273610186e-05
0.0013418516255463,0.977639321631697,1.58201968793256,0.930671700746168,0.799130473762483,7.55480184740617,2.02742489064607,10.4081048733192,2.30291573770213,0.0524733065014322,11.4380611174064,0.353905129951877,1.40477100761966,2.95859400310876,0.183782614499654,0.047183912526525,0.553868561066618,0.287363806964378,0.0307986815640415,0.485505258463108,0.0380380019892045,0.121027549129709,2.26922723640689,0.755530416692759,0.0599620014967657,1.48420281429605,0.0331357767775749,0.00644355952959085,0.118891303856063,0.00703379683809722,0.135098644055829,2.87434246385476e-05,0.255102488150287,0.000401424193569845,0.655324865454265,0.527516542252602,0.092948974775725,0.208802013457626,0.527511371639681,0.0157827288034692,0.0293670118693727,0.0264358942021666,0.244914949740003,0.0534458729900379,0.0671357391329104,0.0651370553827115,0.274929613760063,0.0651947217035356,0.566521146234101,2.2052096016916,0.751769760038643,0.903703967810266,0.259940020396822,6.26317814931867,0.775054923703411,35.7556935343608
0.0654957989979292,0.387981021594359,0.216694416853836,0.134116204388241,0.239972291111602,2.24733370889502,0.153858110427688,12.1857501694504,1.64932080968689,0.826310764834616,0.287214932658611,3.21943613964777,1.3828250053478,7.46231170967526,1.05969126899295,2.6984338625328,2.56854338913567,3.90478029997568,0.284429141723554,3.30983609727981,14.3123793982953,1.84332387024373,3.40291713404271e-05,0.0232258713025013,4.42210649683282,3.43188880321888,1.99498021945637,0.0189434557856678,0.792528440374055,1.10704908561993,6.12208326719633,4.83668406333557,0.000974119374384192,0.234477767593057,4.04338470384719,2.09927009510815,0.964000099306739,1.62785561380986,0.0144322759622736,1.19263303172167,1.58252975251724,0.119561523990873,0.509761449260858,0.216889459894441,0.616159541203055,0.0284660344962791,0.753430114946619,0.0208811974368313,0.0226677492047848,1.35333533363151,0.018227245424289,0.13709681361486,0.0591300984788732,0.187470404721204,0.029294894677624,0.978508535734423
0.026325325769214,1.27649700053228,6.50285599086582,0.612504846614006,0.313212326294165,3.66991007950836,0.469516274726982,0.214386335968408,1.66477855929084,4.23195314280717,5.04657632007715,0.0618598981366411,1.4101778312936,3.13759322944004,0.62209765358777,0.0810873704179726,4.3120034339659,0.369720783650462,0.0314703426254678,0.573725367202174,2.26508722076335,0.00955155559813342,0.628158409971072,0.0728534402253861,0.0886238794456505,1.34774555758261,1.76871473447383,1.32141544297223,0.293766282397048,6.21833216921235e-05,6.57897027022749,1.68460288089961,1.6713662029137,0.0655806403985517,3.70818780503578,0.0898457081050659,0.00238987496931536,3.51463541106105,0.946356068371056,15.0330100420641,12.8166982628137,2.97425838694979,0.143675777719257,1.42867756053203,1.42263996129842,0.000554633211498796,0.695436285109945,1.92380792233383,1.7428995767716,0.0162793478446937,0.777100168181106,0.0026243439802083,0.0973103846529345,0.179828791541964,0.000767084247911922,0.0582657892398959
0.0196902652071228,0.874073142603454,2.31562708162242,1.39544152051923,0.505974413466879,10.2659381640618,3.43788134989423,0.166192194695356,0.224664369161915,0.168059636446918,0.0237681597554644,1.30431246209092,7.90093434116887,4.22644415105532,0.101474363996405,0.799247628810955,0.325813198186061,0.462387942014223,0.939305588104458,1.39635673977427,0.888637458190773,0.0103317822209318,4.9110546850938,0.389773210219296,0.10469970732269,8.91564119657591,5.57277147461322,0.817657073570363,0.169293262771968,0.871081109850744,0.32219337645475,1.79588865340425,1.51463651089469,1.55689589262273,0.482849724861515,0.121065247100653,1.54954544086896,3.42253673025463,0.0860739919282853,0.945391287837301,0.700251523412674,0.246551243664575,0.532931031656616,1.69718503372572,6.9241440447919,0.392388090779756,1.55678026384075,12.4290609042481,3.99169292128361,0.0124361177387277,0.000495738873799782,0.128693761935852,0.0122884391905204,0.0170033077184093,0.0156313774413717,0.0408616704038848
0.0499978478612899,3.11763899467984,2.85199510007624,0.898488215946051,0.266566644915519,2.03242843196224,0.97376286445404,0.380945228030007,0.0157097366665656,0.0223533839446436,3.60788020003278,0.284264385221562,7.27002896466375,7.27934072206199,0.0386913256707388,1.78708197293809,2.75394926097962,1.95048849750605,1.96991075855757,0.124689679978624,3.61260504028702,0.967228735754937,17.3358940757912,0.115213802484578,0.53010277664089,0.866527546041931,1.31533492170495,0.16969463490864,0.124522160171487,0.0633753412405452,5.59077522519594,1.26167963842278,0.590076953183333,1.2414665286702,0.00573511132223593,0.00452355417580527,0.75246060528824,0.54303809448319,8.50996849024733,2.04390122092683,0.0755446750138959,0.0291873327070926,1.39917647845225,2.72178193828519,1.47072209332675,1.55595745231897,0.0817635665068887,2.46971178843315,0.319093318084144,5.48006293763826,0.000621913779120777,0.00362278376559525,0.0191765174417866,0.519789341146158,0.000101742223544396,0.533349447787991
0.00626288167975556,0.105907300276727,4.03661359540938,0.0448678532249685,0.0311273403671176,0.0725784602421362,0.229784755630538,0.841288425283958,7.74248684357223,1.39035139640042,0.0139496290130138,8.34136129967655,1.31748166101004,1.37597675559779,1.88614732718739,0.00065301372136589,5.34343323023922,0.441043292997552,1.31583402191437,15.2629154272727,5.630467584988,2.42755348135416,7.68148837458007,2.63825612218404,4.53120553397358,1.10672003466634,0.0653158225088541,0.121123643611963,0.510942256357284,0.328890606907033,0.0175293527613603,2.41048781700622,6.57595273642558,0.201547355576678,0.180763061283614,3.19353357421187,1.22396992727267,1.74053389976842,0.578371964589625,0.0561025442188212,1.16882480732872,0.290540557222407,0.180413135430982,2.51102546155434,0.829477056748928,2.81418061830299,0.0109913058856816,0.00136646909048865,0.471216357794206,0.670782919055743,0.00575329846003438,0.00192658079129952,0.00596635015062034,0.000701819345634489,0.0158695487770472,0.000143509097456538
0.000748858811916285,0.000300094216526166,6.82556775136917,0.443650910664995,0.00421545659869472,0.123269647302287,0.0307832533224456,2.17375831226602,7.67926438759072,1.77057662219654,0.0334325827427986,4.69385197785915,0.582086711592011,0.324172166639634,2.77093086002439,2.33140693181973,6.02280065130916,0.404211106741213,0.363375985976141,0.0151246086144074,0.0879016728468093,0.965989574414024,1.45506382804655e-06,0.0125652622004527,0.160930844491838,0.319510538158244,6.09947849433978,2.03359510098773,0.163042187759368,7.66707512861036,2.05437502197978,0.726649615021796,16.44555257878,4.54482453522999,1.94004429956595,8.65286826528101,3.22037794741733,1.22983263276657,3.50634589507571,1.56523121262351,0.000967472313895067,0.110563228745113,0.00397735646481607,0.228402338918781,0.0288355695074662,0.31411226635545,0.363193957797513,0.001292438640072,0.637510621694808,0.085944402742727,0.0250435780247645,0.0969707163159712,0.0612120986809405,0.0094008685722839,0.0413620157946057,0.0014899291588059
0.186779954164468,0.118695815762981,0.407604528644678,1.14773302958268,0.0361709701971329,3.18064998792251,16.9909831615888,0.927153959141416,4.701713566664,1.52078539062433,0.207343428462636,0.527191326414933,4.35772391081892,1.37621745105728,0.978671583321398,0.07135576833581,1.78549707974538,0.369066360440295,0.0354763452117229,0.444873141404793,0.00132090812112347,2.4646144538237,3.38071553077531,0.174192434311381,1.6629940867882,0.0180473407947682,0.00785898651090069,0.10676692338087,3.57696438957686,0.843654519419873,0.227304042097653,4.68529985924292,0.00816618987310499,2.03645023176822,4.2103903379735,0.774989306100903,0.443671014152314,2.68800408028523,1.80474331057239,1.87373823197746e-09,1.03100707730078,3.99329496664819,0.0823132999066335,6.60973850469978,0.436443106173803,5.74885539443685,1.17403829177856,0.000756218215403555,2.37119764241589,8.38572809817814,0.47852333964159,0.0893926126341754,0.142391686286614,0.288224142865516,0.0332967417398041,0.646964170129153
0.0255075925469037,0.355809375274951,4.57665431046333,0.374998754165814,0.000199932964848591,0.661079677111957,7.56916786071903,1.41080934350744,0.78601219876178,1.89445204735375,1.05092170270509,4.09783728385956,4.47527009130977,1.60591310385232,2.26720410043686,3.59785061864048,3.528197111177,3.55912844241708,0.0393061191066625,0.504088017709915,0.684675545141802,0.117045813606908,6.51805889547145e-06,0.371249509801637,0.781711935653365,2.4522289062447,3.94444000277096,4.22094400388832,0.0998016055317937,0.0400545773960643,10.4228701875006,2.80383330285165,0.0037252112627996,0.379196053596031,1.77585930320796,1.87941470775158,0.0504153398480766,1.51954026831016,12.4646043753315,2.46390720710895,0.308839121107152,0.235993659154177,3.65450516296997,2.87963811342697,0.256434998370969,0.0852540303763939,0.110011222338554,2.00815523568831,0.265735076637719,0.876546823803405,0.0421127371217549,6.48536921744914e-05,0.00102505321527387,0.103414891401456,0.00139304714085391,0.314943914606548
0.39404174721693,0.446318422818045,0.92488946697153,0.0337056871671426,0.00543406221239688,0.377230951938926,12.6527016567165,1.75934289095862,0.165141669074803,0.0371982056752859,6.65587012304214,0.49325901749578,8.1549266274603,0.558511761369128,5.29851871673517,2.7611819958565,0.114559326728598,4.03234842583651,0.0698379275611721,1.35082374107253,1.04222168540838,0.732643567095247,2.88509997373365,0.513050659949061,0.325728225286748,0.858657757067934,0.110739143978994,0.344743323632774,0.371554907616808,3.17503965162923,8.7110896943466,0.335772381308651,1.02690153097389,0.417989616004776,6.59967584922076,5.46104042100494,3.76458492729875,2.17606453329685,1.62677577688828,0.673180510972972,1.14137255824066,0.269967331718989,4.10925779709246e-05,3.87934801670661,0.0422072739693976,1.79539380972599,0.213907212127381,0.680492704352117,1.0476743309834,2.28329337816602,0.312387875340219,0.0544580365996412,0.144032193973292,0.0132412624876507,0.00291968835681002,0.68086667405054
0.0917143526799544,3.22233798849788,7.76045111129834,0.72675923112079,0.13119160927169,3.32137804294843,0.763306900424609,0.821595217528074,4.76246900109995,2.04427760845115,0.679563433080018,0.216014596497488,1.03788146593806,0.214642419415215,0.277748805369838,0.0287004790405797,0.575855169481787,1.00789381431016,0.321680059095645,0.0476086312608436,0.00637449283597083,0.0230071031533968,1.07559439379831,0.43336398359219,0.0383256399281785,0.223591855423562,0.125630316538337,1.23504792434741,0.0459239211735526,0.449632121291276,0.44194289798506,2.21309988784838,0.0559357351407789,0.712092567023281,0.0232573616072678,1.31080425777078,1.34753293733974,3.03455426896706,0.224340133817937,6.26926385279631,24.4688833883112,2.29183551701463,2.75540364397044,7.77281135923689,0.0356354836056751,4.03811151630538,1.99370632253313,5.4309416689096,0.313560483511867,2.97879403708932,0.023862314648929,0.168395963410325,0.00104623972483064,0.0199909734646188,0.0183847834786579,0.346250715595206
0.013909794497592,2.45631582709901,6.01928666696513,1.34579834147265,0.205636698672788,3.68358490894165,0.900826285148655,3.63515636382487,3.21166728658919,3.80855891864082,0.826309050155744,0.465435906413041,0.191123695726211,1.49940387179458,0.136912939259084,1.64581505538754,2.06211660685147,0.06170723159508,0.0303448244490457,0.299446311218747,1.88553869217068,0.12729167798223,0.497141663165864,0.000184927908797808,1.62543861493503,0.0990977280007655,0.0952440390746202,0.150263008441786,0.358033029784618,0.0888895144748181,0.12375103785538,6.68004673006265e-05,0.10191594017421,0.120391655231366,0.0625927072605991,0.029187756098495,1.99225664845692,0.48908661697005,8.38948120683398,2.75962738974948,9.82948356454269,2.75762554181769,21.0476777199771,1.30345528112287,0.241953799413563,0.472514857430885,0.970979638333727,1.85672575504102,0.0183470452889131,9.05761470063742,0.174340058582758,0.130314017689575,0.119164414190691,0.234285810758199,0.046025005047126,0.244655550385873
0.0184002617460711,0.00985436815037581,5.85171058443119,0.20933816644731,0.229839736965323,0.210901882047492,1.27861840212979,2.44193825630534,2.38711333227527,2.80220738798641,3.75933467716012,10.6262982828655,0.0712476074950735,1.67141078637263,4.32649483820037,1.14712125931282,12.8468035680304,0.378053238583507,0.126117170553498,1.14137347998961,0.00234485878117143,0.0624209414917367,0.0653262945800459,0.146869875464751,0.400478093353264,0.0500823262878931,0.0413807337643957,0.0015330913258316,0.411784219234707,1.24694177686129,0.846235254802642,1.18541030804223,2.02558295922541,0.0815201890128237,0.0235424265216181,0.659396004647085,1.80745488763383,3.01676545358598,5.88910388010674,0.136407331641679,1.94153254646668,2.15143571530509,4.62643939433387,8.41770600592183,8.52218512611906,1.74276730530694,0.0700194475341286,1.02841764027655,0.0108854504759612,1.12409426698676,0.00762555708632532,0.0295073443941611,0.0237653666616192,0.0333373455593621,0.0942664233121965,0.541256870846226
0.101990081840113,0.109111374728017,5.41296382783205,0.741484463977938,0.221058856024804,0.349135864416587,0.00817218374412609,1.31446340058967,7.81551229631909,0.862096036023522,0.977370246343461,0.572146631948489,0.079023914205879,1.28583447056579,0.242633178832089,0.00638920406689096,1.38859048043908,0.477925647538875,1.01272883458991,10.250823131842,17.1051221912642,2.21083664453742,0.281335091326564,7.59179062741004,5.43228631329551,0.446615700906332,0.953175876455886,0.186994377125608,0.102580502677001,0.112862561621746,2.60217991516979,3.70771613599343,7.11201374870457,0.66057531273917,6.01484844534848,4.3246620939369,1.0170740326514,0.0588476351726756,4.7317904923396,0.0414928002057202,0.552211927057298,0.0599508689566988,0.0429896288318455,0.271344012889383,0.000424467964050966,0.343758352948678,0.0108460759199246,0.436839391668563,0.00325162663145746,0.0142700585330316,0.0102789266357695,0.042717292916239,0.0234297179125641,0.213448071858209,0.0147084865440883,0.0352764679817558
0.111038025008354,0.00327276067621811,3.04844783165852,0.508874039943215,0.416395235147409,2.65218373478008,12.6129824069971,1.67739914257915,6.03981170379593,0.861821429582448,0.00805368560908538,2.20088005520776,4.28532229617039,1.09956438468901,4.22271937341627,0.533818460923433,1.29377792639472,1.20216682341784,0.00154512134891492,0.090467596076858,1.75409242194401,0.540966132480498,2.42883886669029,0.199380386190616,0.0548842260307727,0.83428773033463,0.369721004135287,0.430677693990302,0.0216791763573103,0.304221492651625,0.946631534326497,0.67217722076064,0.00960610331420014,0.0381689556482129,1.66262666504891,0.770092733666167,0.381508922446341,0.600392211912695,0.0860474908875841,0.593916366301666,0.989818532285083,0.624572094085037,0.181957452667966,4.16666494437727,0.223089095703808,7.19923962500245,1.49639331591033,0.542219052519684,3.34101883632786,23.1517822119231,1.03369218937709,0.138176535962598,0.181904729076481,0.059856944741996,0.0158781541132182,1.08327691738503
0.00825783143509824,0.399591181430712,0.986206667287489,0.674683522982281,0.788301057330573,7.38574062180761,0.316869351779146,11.7653845954815,2.37672289472307,0.0572524703478545,17.0247761549979,0.357019979811501,0.216892683569185,1.99528436181298,0.643093095371975,0.862736544260242,1.50118632829613,0.234584845974925,0.0134321621282913,0.245491021204121,0.96766183171513,0.214996549723971,0.0776366393005413,0.166910625358797,0.0514711198964114,1.63697256539725,0.294235632319838,0.0182488715885202,0.00102784341579114,0.0217495705703338,0.521119685957168,0.477709504019091,0.0244541785391405,0.000334269891730282,0.241576626095576,0.111075468993402,0.130844675318392,0.0753295150228087,0.125895370887526,0.0260212967140612,0.160642781510814,0.1022536024818,0.253560556773973,0.0367161426964683,0.531962241173784,0.202992938145747,0.146588661640126,0.101502511639049,0.874611840418683,2.12460521327009,0.623698343589508,0.890142565464009,0.206834873485693,5.9106377164056,0.506006708565242,34.2884640899813
0.308946678062662,0.0222038867799768,5.09939075949551,0.0613276566024775,0.318205906406501,0.977257676949008,12.1499492849199,1.91419290364894,2.44377701673264,3.78923118063049,1.90053803195991,0.403291663342676,1.84146747848647,3.57565188032025,0.243809413393393,0.0475267382749726,0.225031244859193,0.652723388294244,0.00158019686726297,0.415848400607338,0.0454533331253528,0.224076546981312,0.917670030307189,0.983059550769252,0.0199619431720959,1.58367903436813,1.22708545117656,0.203344981578745,0.0204222416494007,0.0735371603612985,0.152413518485743,5.33701119830964,0.60975340924428,0.0553694473041295,5.24831881076763,2.17243780219861,2.41973253648368,0.0147364155484549,17.5092957099662,0.00991921389116543,0.612397007446028,1.62632218467149,1.12176034454942,1.34523020652506,0.253376151292283,0.442289498290294,0.287763063477987,1.89225353933852,0.849885185451172,12.4837288134853,0.637730367258248,0.333821697736888,0.0951944466761544,0.0947334699582968,0.03502377559839,2.66926052592172
0.0953962831739584,0.0712692684478826,7.09579057220105,0.300665403685771,0.033172315357438,0.571211855211023,5.45361649265814,1.47040527168416,6.23005184509071,0.000375501330989157,3.06798474051027,1.2892918368616,0.00547236796222359,0.12158955575817,0.00277767817681106,0.129089441215887,0.56409139271009,0.208970207966553,0.104380644834322,0.413970347276105,0.610192444502757,0.787289647938337,7.51845303469729,0.506858713582782,0.420793476691814,5.79172940348384,2.83224523330419,5.26843333322712,2.47794754881248,2.16901683852081,0.302769980731028,7.89692356908241,0.258797993093701,7.65821311608588,0.423788633310159,0.0350650301487445,7.43151064464778,0.535237368031855,1.86420365689233,0.330057558525401,4.92588006332908,0.383519251445372,1.87517353540845,3.76805387835226,0.609143490101572,2.57016799298639,0.822501470877728,1.08386803041763,0.330330505499143,0.0105729492830255,0.138016733886393,0.00204203464942011,0.408868956690612,0.583851232537782,0.0153514526609579,0.123558174450392
0.0960238867418323,1.79161809763196,3.55782066490747,1.85389523050824,0.0376591926194279,9.72329265352505,1.93964765901081,1.64087537332988,2.41882846025627,1.89223545163666,0.624117560733726,0.282359125767972,7.15110247600442,1.71043238872908,0.0988267479290643,0.0399475562986213,0.376533689494978,0.527142360280827,0.177309741441775,0.461868051417603,0.00269858783876681,0.157541557462842,0.0263306240731236,1.39478327655079,0.376976480391604,2.08184687378332,0.0267725998588835,0.00416888333187257,0.123444567532899,0.085732822491142,2.75804032378444,0.141641620765993,0.192590804768933,0.428086085771222,0.174342606786305,0.054865355857368,3.31501753117048,0.343522597819968,0.454644567146304,0.731241060990757,0.696776463395362,3.24809813683395,0.460712616216659,2.93029240405793,7.3307306014702,0.15303027267715,0.889078250687578,21.9510087140841,11.7702914626793,0.511193706669115,0.0633937039240351,0.382833145457533,0.000989551430227322,0.300211467384627,0.00127578289498612,0.0342585236946027
8.72390772746269,0.0418331912542331,0.00978603463187471,1.00575516477329,0.0812881500268463,0.0337337597329079,0.507515290294717,1.22344840376149,0.114302884749773,2.30373715683466,1.10199424335768,0.582551947314195,2.85955064300195,0.758802548389172,0.0844225142865513,0.257828584039446,0.0291040641073256,0.715388941336799,1.31747551058565,0.359002568250689,0.853494432207659,6.91967801364141,0.0562537983843041,0.00677981013924186,0.256586100146824,0.00918857369221528,0.622925921698657,1.30842392908027,11.5095138764736,1.46580614287375,0.766856291649678,0.222669829198341,0.299467810886798,0.0274647466126581,1.00640959265075,0.060466117413781,0.669411296724145,6.95418126810022,0.172446382458235,1.49168068434857,2.97469579803807,0.0113043159507141,1.07915443608371,0.291217451763299,1.25462202178232,0.00250446093472953,6.67497256329485,1.11799792032904,1.13635912662444,0.0511289435529351,0.85213176291452,24.0575607113283,0.62705142546467,0.0815954784831794,2.11927732002492,0.87729231685734
1.44176495967203,5.62891153272928,0.000398845440264888,5.21094544485376,5.00817905058604,5.16240667888902,0.303670508704678,1.31985375930939,0.10996759352742,0.193287731940732,1.04017621331809,0.19667947958682,0.0890452137743039,0.0271195214415442,0.0260862472799685,0.189345383754942,0.319760326475113,0.0385016591128811,0.076358931076847,0.0717932395608473,0.104914778256749,0.0476990329968955,0.000174190706352931,0.295155991624087,1.26462693730888,0.666415039099239,0.767907063289841,1.19086405267674,1.23461749649385,0.0203762337378869,0.0375622651940711,0.408603240605042,2.32208549410994,3.73256210930854,0.0875438917907716,0.0252642388758274,0.525056554283411,0.13518712896315,0.397750741091484,0.190109560858628,0.389477334693158,0.0145425892160577,0.0402623985175891,0.352042900963515,1.61604611513454,1.77317351623789,1.05398609221421,0.145420670131958,5.82420757334259,2.4434257565364,14.4359788222729,0.0113072406042152,2.9257303085941,9.44440542566669,19.6205683243128,0.000696569255994018
0.132078685684294,0.312760644042307,0.74636449687509,0.380805602780504,0.336326277576054,0.487289950802898,0.428541030986183,5.47634579961693,2.45304674049251,2.49598303502651,0.453282667373022,16.1367592484579,1.55139196477247,0.977320322444835,4.05561122739459,2.44444060841044,18.2207634543669,0.00313902077587038,1.66595161990323,0.0448461632267181,1.24012489322376,0.181784184585455,0.658866175927959,0.993202134756192,1.86696659054198,0.0522645170672455,6.67274082856764,0.119252607972853,0.0340914375846379,1.89614622834106,0.329916517433188,0.312027797927564,2.37218976231116,4.46648925730281,0.513662350386168,3.1637542225442,0.118699760157784,0.595049757403405,1.2063157580869,1.77973089219292,0.2459934810089,0.334690476162126,0.776867643869127,0.303051072850466,0.0171385947630418,0.0120653471626696,0.185015246504684,8.08234265478504,2.32564208264032,0.0745148867471963,0.00438863698412935,0.185790617961434,0.0100475028392252,0.0142145664694241,0.0497958936691898,0.00211706025890978
4.84131471017405,2.42235731337908,0.117921878161928,3.43003541465631,0.0401676235962991,0.484714801958138,0.335107846446414,1.49605200047024,0.134652568330601,2.39517130482376,0.339100546786158,0.244213757911857,0.00532883163396791,0.00266908393894727,1.67341689356836,0.00224468301879845,0.70224730010941,0.16304674786135,0.000605449901106644,0.209432865829698,0.463838745795925,1.18216291179338,0.0680974165820027,1.53134388765833,3.55344919601766,5.38638694528987,6.63283285842556,1.51261451122787,2.35623159643166,0.252786667636659,0.00790809018983886,0.052046854369329,24.0208936782879,0.146786264692952,0.0189718054943004,11.0315575876439,1.60915081917234,1.66901171831045,0.317175459925483,1.89846566676199,0.0279543976420132,0.0711209519605362,0.0050735015994318,0.262540718023962,3.27373059319041,0.810747354107734,0.189289907596096,0.611988951888773,0.394298370016288,0.670076216957726,3.31953648915909,0.24533576418294,0.673033723657205,1.36809116792941,5.28859393106095,0.0370736567636486
0.0255306505820377,0.204588144722898,5.87239664155236,0.262693293804456,0.252601388604688,0.580621595027627,0.369322891439412,3.52855150142735,0.943935992315362,0.190723189317043,6.2149333286448,15.0912209392986,0.0703606647306269,0.338354865805714,0.05524254180886,2.44846180835988,0.108179681106559,0.00753574340401784,0.00165155289827936,0.298938612740489,0.00272745138495761,0.0776575735986615,0.10343623790305,0.304327432515011,9.18163205017946,6.4360811648089,4.56790959235566,0.000499688319394004,0.0121742307860346,0.05266996023504,11.3792136487925,0.123045040270631,0.0154100458586205,9.62617568739097,0.102803001699282,3.45898176274186,0.464058141235354,0.0261314650130053,1.82949427559739,1.0005349413987,0.74041919455557,0.893210628693982,4.02687167172889,1.44709818894673,0.617989423443923,0.0760408337286756,0.341127087259353,5.04395564409635,0.559307821503729,0.269584710831684,0.0413045963500736,0.131606553348966,0.0119959703389661,0.000253814671865224,0.029312572168325,0.139112868657446
0.0149056006943553,0.00211307585451108,10.4463801133439,0.154337832026159,0.0366665188106158,0.00982383259495513,0.25863142187792,2.1198729843444,2.65057340016233,2.30415640229926,1.29711891095987,0.654119436247022,0.261214746392783,5.10524377224857,1.12004023633571,1.56224766765755,8.72231132209893,0.153714005914802,0.290034637058674,1.06395044822097,1.77960397146122,0.740260275766133,0.334394094922923,0.112429552159115,0.417469820578228,1.82523972918154,1.60308533322153,0.386161700331598,0.00784472747491595,1.80384206170435,3.20404223644617,0.563072007612365,0.320554821694762,3.517062799284,0.501070511890343,0.00990571648345551,2.42310661911356,6.20225170660947,0.103586466550329,2.48244183680526,1.61882357908884,4.10002913489836,6.71337458494819,2.92859642175633,12.0939150290737,2.79448989219315,0.0462011450962959,0.00643895979825677,0.42916656302598,1.69031574546303,0.348170070537551,6.03543217734346e-06,0.0122277674078737,0.056438901215084,0.00267946518489483,0.594244350445633
1.9243063437691,0.0253193888248539,0.105793973839276,0.581377662722559,0.0826594508111749,0.668492154520532,0.792583311981234,2.22037035609699,0.00269673247959402,3.91033493926378,0.628305163538609,0.398208003361234,6.79665807578555,3.18223578150638,2.02828807569901,30.8002249107574,0.634267514908111,0.0680019853639161,0.924496596324114,0.426201584021802,0.465424084647202,0.945602966366027,2.50181662538618,0.136526234146292,1.15085391011495,0.294887378467948,1.80418564184709,3.48174525421162,7.7174883714337,3.63075857624021,2.9004640452965,3.40765141483153,0.000643727080263021,0.20020651619766,0.142222158097551,0.738842116045616,2.39877074408157,0.945119417798085,0.658951388449222,0.434420690214175,0.0959286673612151,0.515651877945223,0.122748889391599,0.502760815186746,0.535043641997963,0.0750307709323911,0.193487218570238,0.665363040256276,0.527883668393292,0.0162218162410124,2.48610928873339,3.18117003287346,0.241542655600298,0.0692468652538387,0.211515921065618,0.402891563668862
0.149486165022275,4.84924468117048,4.2488782032231,0.840623672756425,0.00359672679027874,2.83425422397272,0.355566782056733,0.161481005793814,4.48659191759893,0.0812924045438856,3.20570248715706,2.60010321642527,4.04547276873129e-05,0.81805124617656,0.0110639637765416,0.00414459328355569,0.02684327148442,1.17000539062195,0.101282883481241,3.79468986391353,0.164086421092255,2.21030942036471,1.86891648679659,0.170337834620413,0.00613124739048037,0.12472737261063,0.826374533818579,2.62172975780024,0.359919886458707,2.1363841722158,0.708236416590861,1.88709717506505,1.13446136180723,0.0950287599052376,0.799189762857499,0.509610734916371,7.50187688822514,0.418754652855587,6.90827948963825,18.4824568115228,2.14411430582957,11.8582142865998,2.41352555376799,2.00319091674055,2.36718089353214,0.095612926589821,0.0386669271774032,0.00996169590562439,0.0475903302440514,0.021091027358021,0.0840499878332452,0.0788227119107544,0.0872603737223483,0.0728080545305391,0.00105762361346177,4.41157971637782e-08
2.43894438044393,5.50036886166083,0.15133876607674,0.370902967341152,0.000121836353662347,0.430900686319373,0.115976014523003,2.15005263016306,0.710641470269618,0.643775763573364,0.718883988823025,1.72818408183324,2.29499862230612,0.000262257735298757,0.0396406206719749,0.242699968404693,0.428479935864627,0.149891296050162,0.168471197982538,0.0504589333350562,2.9657063255921,6.97953159819823,4.75876268211879,1.21485725511601,2.42731544013187,0.628213036116965,8.01737630279355,6.36980021006757,3.51907718560697,5.97639212049442,0.0977399645685112,11.5230923253208,0.679777281016619,1.75115922169266,0.00305285915379051,5.52052132058226,1.38871952809341,1.52798008302228,0.199471501213079,5.44452932669543,0.766671395286561,2.18461296656394,2.35221065525831,0.792760430775092,0.536347663501929,0.223799428737231,2.29759568884471,0.394143875916964,0.0367502416925462,0.0864604088126448,0.322645438958645,0.366739845993428,0.187012502538747,0.0301285134197874,0.0192574603506776,0.0747936360219225
0.00183309649517475,4.93545431877787,0.927299866492905,1.11600867380815,2.56459664074917,1.46779253849031,0.0475669373875904,2.9520068111717,0.610716893293941,1.13473713487606,4.5400564200363,3.58120294396321,0.492819578944735,0.46721436827902,0.342844187457886,2.07960385607935,0.424858093205735,2.27411144884373,0.394655973139311,1.27042457042632,3.60303208618759,1.12019254418542,1.31233321670158,1.01257993557036,0.757392691082864,4.49079064585875,0.0215466618608584,2.60995044492804,1.25210717097058,2.98108817167777,9.62560985937604,0.198690578673882,1.44258676802836,0.307860912944495,0.0194806152981856,2.32808613889857,1.42159011498374,8.700043837627,0.042148607151117,15.0368375984531,1.52545729654698,2.01210050767616,0.917545578745567,0.034393871806209,2.06668015647717,0.00344005616700617,0.101227849747498,0.775717667810322,0.824252348722076,0.141515641046024,1.07921978621402,0.285838930646436,0.084834723900217,0.227083686037769,0.00998420318239335,0.00095474289732303
0.114702408121435,0.00134091356621402,0.209867583745454,0.391107148414496,0.0119232473713372,2.43844860678595,6.47178918266548,3.22795148825102,1.26376233329352,3.54940366652736,0.800260454446341,0.0620102046964339,1.3301353320473,2.42177577436159,4.06520196663733,2.89709219583001,0.0374088755277846,3.69193312762606,4.27837631438616,2.65563399749817,0.405332293184967,11.9026878487633,12.0260605947883,9.43541906636516,4.77568206519484,2.86462781848958,1.44397717593187,3.76471354475493,4.51254517148066,0.147061711421493,0.594229393506042,0.551213380782385,0.570686568027774,0.521356790823832,0.107485348151259,0.967760250810391,1.15295732880192,0.388386485462537,1.91583431034319,0.125709746532449,0.0266846984277934,0.0416020774433701,0.187560641559924,0.0179661268494339,0.0752699740679028,0.10130614434848,0.0010556765339224,0.606712640493979,0.0225571446560713,0.409331464505828,0.0282859056900206,0.0135428488847879,0.0403845521809693,0.219977880984444,0.000857065244857368,0.113053442711975
5.13034047821964,2.44542854379989,0.175820182567908,11.7091494259955,0.222127164712239,0.690018467238643,0.179707301353914,0.00146095905604239,0.00129236796765619,0.537143882668978,0.0352265287629478,0.0307432345701625,0.377757602987163,0.278597697842505,0.0118711367321167,0.0949890719315773,0.106349450919719,9.02725773471303e-05,0.0271562396904992,0.0807447070749862,0.018024289482446,0.0139376187597696,0.141262220046684,0.0410734013640714,1.03875043983986,0.000185441794322254,0.85417547968876,0.000348216792599958,0.33039610457308,0.0518627585114399,0.000392259410098193,1.28489963500306,0.523051538799997,2.46045853296275,0.218720257182429,0.208068831477987,0.0492904263141125,3.99320124287645,0.377677521062959,0.156062753429037,3.42225267976796,0.375162617686208,0.787460023804396,0.327947133785336,2.26136351219615,1.66383538739079,2.32461983070422,0.200266743227125,1.40144799532611,0.167594663829782,16.7323382389621,11.7647248934224,0.0446042869541263,17.0765932750812,4.51592281838396,3.03601221343679
1.27534663546358,2.06986405341529,0.00553014228615137,1.61581729090882,0.30472358684067,0.272703245499381,0.000233137200643753,0.000551278966605856,0.812110212644002,2.42395176441252,2.55150063638806,0.678045827023858,5.85415301584481,12.9697764892832,1.25369614873544,0.662323271666059,1.41389302031513,0.00726749278927348,0.206139079937618,0.592644335694958,15.0349328017536,0.592234543681156,3.3169553307589,13.2795824867858,2.10525186955695,1.14847516177995,0.0469851575177458,3.04877685065603,7.12191103575168,0.702272705664302,0.0137383987424472,0.445492743657688,1.07002601552813,3.01905140051668,0.0443070117411219,0.200314899866994,0.444190427170952,0.598152493324832,0.0378305195795477,0.123981760965249,1.17154475839227,3.39050339878419,3.67033448571798,0.0376305076011382,0.265212722145505,0.161893899019764,0.245332423252253,0.243632932433489,2.18861851179146,0.00467959907682067,0.154299156188319,3.32527695495729e-06,0.981511404283965,0.0667931219375333,0.0531807901156158,9.46836668863862e-05
0.263907392375612,0.558628606292792,0.168553573859575,0.019050422259863,2.47497193248223,0.707940053968729,1.3138944595916,0.0135079504358336,3.37527201716857,14.8207325887619,2.64407219488184,0.86416518074491,1.36080598119473,0.934383161162433,0.00234254934230852,3.77371176453864,5.90950140376849,3.17214935798908,0.993367649900442,4.1433423812898,3.79153463441217,1.0556927498175,0.0142194580594311,0.371664308016845,1.71885442216281,2.88187341511288,3.84154981862019,10.8831367944795,0.348999878144315,4.150680358723,1.15282387190885,0.181928652656152,0.0161823399808678,0.000852610246918954,2.08946364665933,0.0659288333031205,3.01624910830019,4.11405427507013,0.267947029839335,0.77975712762046,1.49738762933351,5.1719205686302,0.460136558206571,0.954338690088155,0.00320889306772006,0.767697066923727,0.730959644639504,0.839206801627759,0.0288883054993408,0.231916637657463,0.0586619169724315,0.376785531890287,0.344940639168756,0.113794856275811,0.134578711468887,0.0278835934064861
8.47688331626904,1.15441168492928,0.0718894365585684,7.72220071928142,0.0088851907946384,0.288365919269028,0.0262067697511566,0.0932171354461858,6.18722292285915e-05,0.137946149904667,0.0016491976181112,0.000658619588626691,0.044264799534216,0.000207725875676547,0.170107280341372,7.9072075072664e-06,0.0714478665504521,0.000897675236550183,0.361678909152276,0.00105478482823213,6.77081976417922e-05,0.267237250637645,0.160026760256917,0.0603307054067214,0.18709499475946,0.0919290589815454,2.65558525411364,0.276786928327369,0.470959633251211,0.015500723741226,0.314743697618966,0.266915150210507,0.11951965815164,1.45053142673454,0.457246445892874,0.351803178332706,0.408656501498783,0.557637133341412,0.0665847124026068,0.103870307316876,0.122169377970844,0.0125082163641965,1.56153400160358,0.000850237659981264,2.49450732050765,0.0316891229155165,7.84883328295797,9.04282232256912,15.1299453494802,8.74946253348027,2.32594998573172,19.1256893727699,2.76178315240465,0.532905990016006,3.338491637862,0.0057879061658596
5.98558364081023,1.90661156255843,0.272048643722703,11.7418353514437,0.101031250726798,0.505076823251784,0.232543461375187,0.000922055137280522,0.00757676020026626,0.957687798699144,0.257178691705037,0.305711154458597,0.141611044372269,0.141875208393817,0.016989468270336,0.0578283887326617,0.0791051367473089,7.07809021593406e-05,0.0055711284934218,0.0978240055734103,0.00606726371798537,0.586086427530974,0.104875194057731,0.0285308177146805,0.590122319244263,0.0710601678413902,0.974136726398068,0.00162000040922355,1.1824738987927,0.0940393153602518,0.224019654563546,0.1808335118998,0.85008989868488,0.464659653904898,0.0315011535201954,0.108159473625093,0.0107993041205642,1.55092010479396,0.155534359573665,0.124280412600147,0.462837105285079,0.0352618670296476,1.09923005263055,0.0978145195246385,1.46560573740028,0.325478818423027,0.941939582546363,0.412359096801898,0.69721527566979,0.250184261374049,0.844822487349443,0.492299836588,0.00596256868943707,17.4576147910517,39.6829323765736,5.57394960913398
5.19756776172142,2.44347803459245,0.152814115038051,6.0968789453884,0.47957916393473,0.0120014212733492,0.434540270374736,0.0689117238036331,0.00134096829383305,1.40482650097351,1.04734295389994,0.877658487570157,0.306832491542136,0.413896679269227,0.14212083496265,0.735132310755459,0.000377315533167334,0.0169209388414065,0.537643784866058,0.0097255908644956,0.10419556817487,1.00395332486479,0.254687283727333,0.0218023771250453,0.0348632442218891,1.00165355210071,1.28193107160853,0.152451959543099,2.50223605071641,0.981438832948754,0.255429327367027,0.188240201489444,7.15632991956674,7.94375934460033,0.432672360896557,9.41733109436154,6.29566057343389,2.48724835045601,4.51934025638439,0.00857012623889703,3.69732504312581,0.266311050292934,5.44216517237119,0.0142872581843443,7.91114910205624,2.60763202719545,0.00485420714444303,2.52082613906875,0.282298341926304,3.03884579987949,2.61252232860254,0.0319310800352005,1.10849940507163,0.149025820144889,3.33109872830884,0.557843383266831
7.18113514550431,0.472654444063535,0.0015528605911229,2.92794898324414,1.00740039203994,0.18090447375949,4.58748619442749e-05,0.0280430092688068,0.642323685280472,0.0168851924965007,1.56190070536389,1.91550863444282,1.50244973209096,2.02712624367719,0.00993086215486235,0.553803195034706,0.450012203531634,0.00298736013858823,0.405636692180292,0.167831210698095,4.59840601485401,1.33253883184628,0.872860009988322,3.16456398638097,1.01337364200565,0.000622652787004744,0.57081433441398,0.0272452095932581,0.9170597915083,1.10651234411049,0.156740504219798,2.02892107079976,0.137188529782906,0.68713161650676,4.60886843816204,4.23160215717768,3.4740982293883,5.39664606637988,0.0319562190237459,3.13188151592718,1.60674288084702,14.676082381775,14.5169705183372,1.31480649778846,0.327038317068743,0.656934086578087,3.81458329339822,2.29558992025911,1.04348489468883,0.00187685419547305,0.121082569828563,0.0296615163825427,0.943011274728112,0.0171591994503723,0.00979381597858238,0.0800699134161236
1.82174215392443,2.12339259078604,0.259156533955881,1.55954568657199,3.55892256286516,0.115149105179881,0.918892157854324,0.120134276272467,4.07820778442781,9.01661750423501,2.25726463522345,1.62010705044098,2.1995777967959,0.420124501816584,0.0108479274299246,0.498176265170049,0.350896146519487,0.00220021992326094,0.345767315831382,1.56875369178841,0.00594593450935416,0.0816584377151678,0.0696350740457208,0.026073172958095,0.765010879200556,1.87367382383493,0.129384358502201,3.55335797278831,7.75618481430267,0.281693371621304,7.85321014448745e-06,0.370464073494252,0.604598533311694,0.439321659271337,12.7749969531317,2.08467307600284,2.10775414562517,4.02418286516419,0.123834117128759,6.3840195618235,3.46937754562712,12.0528157633317,3.45965559474578,0.516369555883689,0.771536198600701,1.42701011602757,0.000553156430658968,0.0762563881853799,0.146028260673319,0.428132704145934,0.654785323258587,0.0165821432807582,0.544944598887121,0.0559857892335612,0.0571426561333667,0.0208776209004003
0.965844853510726,6.33616405167273,0.0427653437001068,0.00379511916529428,3.81260988666396,0.712349890239314,0.0847063370006021,1.07053168336242,0.000684971908426408,1.21509425310639,0.0313349261634877,0.0799747688228562,0.197340741230514,3.21231749833264,0.92590213396281,3.44925801819409,0.171065875308025,0.58524756513673,0.734307022960442,7.96841436527638,2.97051463742262,3.00258534053909,0.0839649350692911,7.47715414594763,1.94132723494373,1.60026995129322,1.95700334846618,1.1450986215445,1.42611360853225,0.53250687765169,0.127763508095705,0.370446281745392,0.808999505834759,0.0961739134501277,4.10693981162121,4.13045797186032,12.4834287445031,8.42260182313877,1.04078707645211,0.0760040041223052,1.19010525362699,1.96728326860041,0.912217167976671,0.176282657717827,0.00659484785822865,5.79565862607432,3.21706173815484,0.196494765054422,0.000127027900423287,0.461692684512066,0.00319921014968402,0.14022633221721,0.484232449082711,0.0128561112720664,0.0036809635109843,0.0324362483393097
2.92364948833361,0.193088761785667,0.0105948879666163,3.79463622992973,6.26135258312575,0.317061791706936,0.736489651304881,0.0737238503903107,0.00444305866115348,0.872156548183048,0.357597577558895,1.19286900871054,0.359919982593436,0.288004485604743,2.75783126153563,0.120652284468356,0.0238916512601465,0.00807805436711375,2.04488712837982,0.0898477880205363,4.5629726779909,1.04111376586911,0.282066664987309,0.120589581931069,0.262556378648316,2.39553692324962,1.13364905558775,0.113699261899102,3.27145027763737,32.0794549865131,6.34370655860314,0.183117470648831,3.77611551164176,10.5062585208175,2.81869225978075,0.170742322671432,0.0216714778059638,3.03708437850412,0.354129333290558,0.598437820543884,1.41141143914155,0.188926379834002,0.732646573046324,0.24404129875503,0.373670729423181,0.0556088361826087,0.335552183023923,0.611137413022993,0.0127908594215661,0.195225887722188,0.104889764529249,0.0737943845594811,0.0541870845821767,0.0222061729696064,0.0235210750638129,0.0565686162138225
0.167400780542213,0.00106004203267075,0.0502272243890165,0.483568445644319,0.311134982262823,0.103567533117098,0.0186511674331405,1.37640185874572,5.87709621511713,4.29809569493923,1.95024662157028,1.13838948259063,1.86006932619363,0.999288003353661,23.2675464714496,0.730008188025228,6.19952849107441,0.663791404150634,1.14083285930255,2.60303034251406,0.220866079607043,7.48758966699426,1.39668688746276,4.8252455029891,12.0302632516097,1.42266520927253,0.083436645973695,4.36674154740331,2.6244124190006,3.08959483832952,1.24790784025339,0.423190192769174,3.86241553570089,0.0633214606074036,0.109548028082279,0.00564600942956914,1.27024999338,0.242531599482697,0.0130422652082635,0.000285806988635615,0.171758271039608,1.17627273803244,0.0269395755961374,0.00171820489515956,0.175549947575509,0.00108502260477782,0.0315875426416002,0.00402514503010132,0.0715208021771808,3.42605436970924e-05,0.162599103166296,0.103182724187279,0.0156829982060528,0.0173662177978458,0.0104274249536677,0.00467410655966917
0.99209763610076,2.0803009837906,0.00130300865372592,2.87769740550095,1.84012713802661,0.081408924404282,0.00215408168307034,0.137421085098694,0.919132212694337,0.612651855143819,0.026471670107802,0.192652900589067,0.623939313532741,0.0810524478080174,2.66240471066061,0.655879939565673,0.15627374166589,2.70983184233972,21.8893311995617,1.55120366085689,0.0881730217173263,14.851667967873,5.20623607162886,4.71159337364507,1.17430755370556,6.39497646484566,11.1887031390898,4.80097340848918,4.2485125955706,0.0855818064005674,0.125725033976542,2.94052996970071,0.382420029187891,0.00120299057224219,0.122097679984399,0.780831517139003,0.524017650534559,0.972830047170505,0.00573900493941706,0.154353119376776,0.0279912866585937,0.273152715027612,0.0182434267064553,0.00653340518367712,0.0637026942395524,0.0082594835878227,0.0980246526547,0.044934949807012,0.072248638272003,0.00173868829565926,0.155085672784576,0.145669006371499,0.101792061810051,0.000139940422244549,0.128154128232685,0.000521046613231024
9.77523512901539,0.608187674865219,0.0401682513405816,0.074371439709187,0.0831994581021619,0.0775789490958131,1.07369455326832,2.42263997565821,0.0350157571550489,2.71232144983609,0.780011376000284,0.260417005342362,3.37411850767547,0.913557905964199,0.00326001798267171,3.31428166353916,0.158368582106101,0.0457988869288887,0.462266612532454,0.114835954097514,0.370538629571291,1.96421531765343,7.92074633820941e-05,0.0642677997447576,0.076513455111852,0.00753860202860316,0.00872562641875348,0.0764809935366874,0.202447743809764,0.0106300590769261,0.0264117173047971,0.108128327292963,0.00133000255473845,0.211737939328576,0.00282344780055341,0.100896419874691,0.171140993343473,0.953355372098923,0.00143540591752053,0.0793315683876416,0.0835028913426991,0.371814312729571,3.65706329923648,1.38172200827138,0.881671048701159,0.156679798150601,1.50793422232079,3.35787389277772,12.1206204859427,2.19618459044312,12.7266241003868,26.1646329706491,1.47541458112502,0.0182196122500345,0.121453796597979,3.01123061054035
2.30572254787526,0.142476344648857,0.210460845862136,2.16071226661534,4.79155716950926,0.096579613178746,0.737720377253071,2.62571782016621,0.103538848545057,5.00677595536513,0.368023513149734,0.0062386556376619,0.498061689693224,3.21660124007444,0.144140649187567,0.120316927894105,0.600173089509168,0.134552101095808,1.84032178165065,0.0891488951660839,0.614330138546342,0.469846979110169,4.39075301442647,3.97535365623091,8.94375050863762,0.00177248993804756,2.61832102089316,22.4309744322398,3.40200797036664,10.5795359448703,0.0201829556079097,0.1651441778472,4.61922314584243,0.272541037110374,1.47468711052672,0.365469377417859,0.207094772365313,0.94697605657257,0.671841555756294,0.299383974215052,0.121569964503513,2.28521124727748,2.21406343980194,0.0708334002253233,0.0590997484775699,1.11359877675196,0.162397041051861,0.0183754294151058,0.145845626135491,0.851582660047373,0.113965702230786,0.0347036095475223,0.932066210932787,0.0437022046156773,0.0660097417466453,0.0989445466402177
5.51475476562519,2.08823568901598,0.00716312566366775,4.62693914294932,1.87600940369741,2.01815926574158,0.000887250939798053,0.102709758637388,0.426757308466825,0.0459199978406417,0.0274752906228169,0.0174537650853119,0.239207638484221,0.00645744569941974,0.655492569750719,0.775580796206321,0.0137958585417002,0.0746488785200353,0.963867503492818,4.29727471688445,0.313116004746193,0.0866710364769417,0.11281074087753,0.216726017371838,1.04654560443211,0.417270479706236,0.243573095513197,0.971457138131775,0.496233526639332,1.55510001433729,0.377151450498733,5.9417719103315,0.844359044195209,10.2171214333246,0.252102068421359,2.04423891645291,0.105816534052069,2.91215387962101,2.77537312560546,1.12293773844372,1.21594937839895,1.42633170801448,0.542827721607529,0.281409510684494,16.9872158005758,10.580767226604,0.872923009481836,1.15733659760374,5.62021509404385,0.403588253940129,3.66259710672893,0.00202298569424135,0.617046379148917,0.00129457723993898,0.604244122775378,0.19291059641307
0.251266165410368,0.00502943953646268,6.92296744703641e-05,0.192549989888455,7.272776854069,0.295297545939631,1.06897140136793,0.0016786393142067,0.502856663123118,0.0129188632835873,2.90795149412572,6.9839511244684,2.89593658659695,0.819826290609476,3.37906477071984,0.64965782108909,1.18862991187679,0.691162516171776,3.99527737292878,25.2626730636068,0.0284336727126856,3.38848938305393,0.225286015279508,5.52145155241746,3.20549478729715,15.1242425858854,0.000743172186365539,0.0482548650136581,0.259631840061714,0.0326017017527928,0.026166902700001,0.536933322884192,1.16213870706686,4.39137036138442,1.36062141627515,1.95574626071666,0.0043230655619912,0.0253272199720558,0.246281753398103,0.663221298742445,0.034237991318079,1.16759412219285,0.00427795220703353,0.0444310552629678,1.11331133138805,0.0899201938973951,0.167667216895898,0.000154177357483456,0.327543289916408,0.169564437690387,0.222308091710429,0.000839928386130104,0.0303964107593802,0.00476270443003605,0.000190878229767622,0.0384945901942994
8.89651963034006,2.36782662503981,0.00142277634865996,1.23479315093506,0.798791132866551,0.00366733073883692,0.459527525630698,0.117462809249375,0.188959623421916,1.37568354722452,0.186567891473388,0.161400387152053,0.102330403962516,0.558095705943969,0.283157007771338,3.17169284525467,0.0460668772727025,3.63631653210677e-05,0.0203147778931017,0.0517412525081388,0.0788968248183139,0.313312353555253,0.000947696557899014,0.0232306443572536,0.0790593194955094,0.444739584164365,1.4795506849764,0.86220011339743,1.99453210050654,0.281323886907863,0.108922182385179,0.194496116715373,0.173375578617718,0.0824358593894678,0.102255445221727,0.397281608763045,0.103884980156329,1.03808574980207,0.680358438181151,0.151687348044304,1.37111075634192,0.0123632423407889,0.304135518683129,9.09322571133196,0.0685842013841587,6.20058559520521,40.6407441975081,5.31782110569316,7.82250415163982,0.00552299742564955,0.20916158570204,0.144598203097913,0.00201657314754134,0.00199800881585778,0.186866556984807,0.00212741449211134
0.00360467097999366,4.73823755609793,0.143230418946975,0.327320204167093,8.77335768698001,0.76510374263166,0.00362879385688626,3.19543439992284,0.484590758804259,0.388796187437733,0.265163929851546,0.257957728047529,1.05971333277925,5.84738077277587,0.00681014246123954,0.000107244547136221,0.449444690512328,0.0251060104089533,0.689918176387894,0.559381468974574,0.658725444047379,0.239618692166898,0.147244965499476,5.54582720681601,1.85520700891974,1.90143291151216,0.0561711915605538,0.930476499073325,2.82975734640826,0.0203157320838738,0.207537545378681,4.69722128683876,0.443346662643685,0.0840291050159636,21.5953204211007,4.02739257869614,13.2116519657418,3.10704910157075,4.63935139389389,0.0150347958545394,0.540479583368964,0.435729240745588,0.0707010913542079,0.932834105584233,0.759169016592595,2.22475246152558,0.0695895722725366,0.157982668623511,0.086653058545715,0.147975135374001,0.076218801269828,0.00708971283972883,0.265288086118953,0.0137758459294938,0.000232260931638703,0.0145295875291837
0.462245147906741,0.0950337502891667,0.0045058495737943,0.11463769833748,0.130223842642747,0.0611387029673928,0.353950137913999,0.117675189457348,0.344385554724449,1.50714156944655,0.864105264099107,0.954535168323596,0.439209986213501,2.56139955893162,0.213077215288185,13.6010612580492,0.000271783741304809,44.5626645715701,22.0347124032605,0.412509503749953,0.0604027512104808,1.70437152134737,0.767714855982998,0.0231281428060631,0.195282991580306,0.0124279565160965,2.56722190391542,0.0103406295967392,3.26898772669542,0.736463045938554,0.09160115856014,0.00491153513640983,0.274862184099511,0.102481502805154,0.0334576201787139,0.122781380956657,0.121447008170346,0.0683925532560631,0.00929588954911898,0.0547362580447737,0.123078113336851,0.00080941175635246,0.0191906082573916,0.195671626046301,0.000443500239769376,0.0644408312612458,0.395599412508159,0.0439593673170429,0.0547562635907719,0.00727357669657706,0.00246911366757867,0.00409859291776005,0.000668178884316895,0.00932834423405377,0.00372150276400428,0.00969878368861327
0.0169414212240913,4.43409300761865,0.10255104116387,0.137285546401559,10.4869460750891,1.67193002421088,0.830146148189851,1.29634534065645,1.61220834741832,1.94883424989805,0.376070575511583,0.0523666707290921,0.0792203228895547,0.16334786116443,5.84603325676036,2.11417878316142,0.0236835871757692,2.69987420923493,0.152824597552343,0.0782927263726755,0.0178627527670337,0.312378301463458,0.00398531792293267,0.205665668639244,0.081960588348016,0.567032947015465,0.162112531278803,1.91261920628639,3.95866124798575,1.03086479182586,0.714889939634478,7.66307538173532,0.0371544179275906,0.309803123534631,4.24612358447995,0.000651297931426863,3.15820520026026,0.32151136878541,0.649143092942574,0.447496515762717,1.5925274320273,1.34635249007933,1.13942997977491,8.61821897005243,3.441365370098,13.9238151715275,1.60681765547163,0.33410414908194,4.59982395057277,0.986153563756761,0.0987663265093369,0.0512581430174466,2.09103728804198,0.218356666891178,0.00640467635483221,0.021197097792358
6.58555002531869,2.37726147870803,0.0222466688850517,4.10018192005891,0.599886136682393,0.103089048175632,0.136384051339658,1.32509811455613e-05,0.382937279374797,0.00511611100251665,0.129388348487219,0.0637235712350711,2.2020981357511,0.719539895121327,0.00072319347319285,0.215134147937387,0.17860078232395,2.31799091963862,0.401683683127702,0.122297428929431,0.74082955187301,4.99017082442098,0.735657791419348,6.67036610502562,0.626216703191735,1.57157556375317,0.509309317249511,0.827611402274505,0.221046996883737,0.629574968940523,2.11905129556675,4.66940460884243,0.0467463034816167,1.04993802502844,0.84707105734418,1.18501562504306,0.157374814379279,0.0166395891196617,0.0589267443962963,0.446518872839691,1.07194765184033,3.61274107273074,0.00299186339647921,3.80736407751873,2.11468106797691,2.58109921884446,7.40393499038516,0.144730805781096,0.225146188248334,0.0196610098656863,5.17465720415008,0.20903230383806,23.9953743638319,0.707402739619321,0.0777242780253394,0.0686189263219895
3.31273028981501,7.82282421755652,0.00147417860909801,1.76493470385825,1.13644012517245,0.608124565564707,0.294605451312448,0.0272920812924107,0.467545933495779,0.504500563787915,0.318329401995665,0.00843912473012508,1.26388169207412,1.57766835283712,0.00182982347629389,2.54694961455443e-05,0.173999367221778,1.53860074121034,0.297594210065641,0.819998375918559,0.386694399050042,4.05601356214871,0.0151794762324794,6.39868131226786,3.03363847736612,2.40901571991375,0.542965502465335,3.06919906633172,0.0963605561254347,0.109933285443561,0.989230451153019,2.09819534909882,0.000808156619307682,0.829124402646049,0.010320704346059,2.79434786486733,0.397535559690324,0.0897459521235534,0.0579674690938939,0.15191802123479,1.19430229470799,0.0386240119091164,0.665929750725613,1.19287260877819,0.716420816477631,2.84655071573621,0.495738687618083,0.166366265892249,0.163878305603528,0.0282062525692249,5.86523849420618,1.05271678375149,33.8901579154343,1.89704809743724,0.0605040973301951,0.247730944114281
0.00615513511745659,4.64029911999656,0.154303883880489,0.0703978587960995,10.727664118118,1.6793824874274,0.881065166726664,2.94302859140666,0.983790445360857,2.3513650694561,0.00384617819823223,0.0419241893801938,0.0264376543845388,0.613831036524395,4.32780736561074,2.17523688662686,0.112845226612294,1.96815970319619,0.559868313375568,0.251050133057188,0.263728116042565,0.000618902499579581,0.5351931009045,2.78405862666048,0.1527413407614,1.88386376807343,0.20742332559772,0.349872828110703,5.58748298387052,0.00724178945288284,0.239401596716105,0.273009697330123,0.0122765085487315,0.656942927229397,0.52270017943363,1.13518098269418,0.00101992032506698,0.104903886659605,0.0914216440058952,0.32473300787452,0.205587810012942,4.31217408620442,0.263588425520543,9.03264665157415,3.38641161091563,10.5087051057892,3.56619344474267,0.285784240457448,4.82732293015434,1.22085747259965,1.08458224068958,0.420594285012209,10.422715260046,0.729673645117111,0.00164970572801519,0.0792393893926271
