"PC1","PC2","PC3","PC4","PC5","PC6","PC7","PC8","PC9","PC10","PC11","PC12","PC13","PC14","PC15","PC16","PC17","PC18","PC19","PC20","PC21","PC22","PC23","PC24","PC25","PC26","PC27","PC28","PC29","PC30","PC31","PC32","PC33","PC34","PC35","PC36","PC37","PC38","PC39","PC40","PC41","PC42","PC43","PC44","PC45","PC46","PC47","PC48","PC49","PC50","PC51","PC52"
0.500630723493716,2.88925422025316,1.50458393993387,6.50698922412635,0.598770931393837,0.0777322932625683,0.263694257229882,2.91187555805142,5.07468225333306,0.224392990036614,0.087645960942577,0.862768404380204,0.96476593494448,0.879262090473987,8.03200619049183,2.13904531115621,2.88767931808394,0.0159556328970976,10.0809505811587,0.000947303974997524,1.19233609847307,0.297232564899524,0.13881966416518,0.826795200159496,9.69930270901275,0.0391881805507516,0.00805302054224002,1.40922897100947,4.65509451583059,0.0824095297257263,1.301137931887,1.34056219334071,0.26624048736084,0.206176273850598,4.40418760475358,0.29274891525203,0.130966426764375,0.0774315376775243,2.42395506309337,0.734121101850751,0.307394900227302,2.37622910641779,1.02145496069997,1.55119288958085,1.05437384605356,0.0242341772392522,0.0773103613674016,4.9483970744873,0.00448053922924665,3.28761955668007,3.24368197429895,6.07400950390022
0.126004576955439,1.20451575746313,0.00073208055853645,0.381034272938333,1.61220583861362,0.019192581397536,7.50935846843215,6.47311913872154,0.802964343435082,3.07627678088819,0.133270877591207,12.2148491518539,0.00920167869590169,0.138067281154647,0.682561913934904,0.0745739139282599,11.1884299095101,1.43847658647084,0.0658539947185142,2.68212999832362,0.45147954684765,0.60439406369124,18.8306704283349,1.52533263785258,2.33246682498023,0.0905364659048163,5.2693708981927,0.435543346227333,0.0765236666715071,2.42352402459527,1.23858369450838,0.183952748614994,0.0155066636384169,0.147713652269306,2.42784587302436,0.433534384511182,1.76576623725712,0.278710042232994,0.00154033909537914,0.00179851708493733,0.232902327103286,0.0361600606548821,0.833572002986673,1.56460384679505,0.158366925543134,0.842158062734192,4.71554247842433,2.78273891248536,0.297299993711529,0.000848422869534735,0.163544556748527,0.0046492088227876
0.332151297461818,1.80857955239762,2.54058238366062,2.64897578446137,1.26310869545248,0.0688688328979053,3.60867630851933,0.0101282220655955,6.34573274851022,15.3439352732891,2.7618834605359,6.30078667333276,0.147176392353878,0.0586525033585287,0.0943967939805546,0.148000407974329,0.044084361858088,0.0147316437106063,1.47453523572681,0.461149381723448,0.121686307844632,0.0876850359197891,0.391651789225799,0.86581140209114,0.0407263866033915,0.0176079790487558,0.291232966321248,0.423869666788829,0.201795436600132,0.502081016347415,2.22920636838087,0.0265265851304301,2.77703253156087,0.473271558070883,0.060586140218459,2.42194885142481,0.155355288275332,0.355573603593569,0.387800112087659,0.097376125618472,0.0890834220752832,0.000902370405761567,1.09487702280839,4.11028878668943,0.99373478750386,3.17192295389453,9.52445903803906,9.18597757503978,6.88732801423751,0.310274612414606,7.17793327418396,0.0482570382843889
0.0354676968504262,0.244540425851004,0.0185460177661713,0.256475472368286,2.03790786688889e-05,0.080757431505827,3.62404043694494,2.341600688284,2.12526293293497,14.6628129948149,3.39353681646855,16.5860057761495,1.42562240533,1.66706468425204,0.39834980712126,0.0112016538960693,6.73590353264431,0.00382784122738744,4.44747523599809,0.0189363180114851,0.00998587525207572,0.338728235024492,1.65838799710481,9.10681088174572,0.736677261126407,0.377994434713722,12.4878994492091,0.299966751648359,0.880488133946839,0.028911889865403,2.61335599688738,0.00949575649529859,2.53439378059841,0.00125822609453025,0.00783692456626262,0.00704721756391789,0.37408688188971,0.000494169992833288,0.0642376383571709,0.158861106624164,0.886490534277739,0.0294508750983175,0.249079952529972,0.00360540725413828,0.0268508320103479,0.0634291811935472,2.36580889304244,4.45402310395063,0.931039495995766,0.229595277459589,0.978352908974235,0.0079063820087726
1.29770172682377,6.85062237102837,3.78465002521774,5.25811011827693,0.0550584450804399,0.543322625949887,0.0318924484211647,0.0568838142800826,1.29219657366152,0.344238280003968,2.63940100483573,0.264833076154295,4.22466633678737e-06,0.360208733704501,0.00486117522037251,2.97033290540101,3.82150284466454e-06,2.36183410712328,2.15299373140694,0.00568355171163668,1.73082977171449,0.0307756269925616,0.123099110661432,1.54198448963362,2.03550086665315,1.21638961204496,2.07895052502452,0.191775118332095,0.00687647637027303,0.0133707303955308,0.587835010592699,0.00900413251558177,0.55954215473346,0.134604040805059,0.0434843015034065,0.0992599219638501,0.00367700304718077,0.167474349288252,0.127152669345754,0.1031652024658,1.50492870452521,0.0931838703102039,1.53898943120096,0.513191399791999,0.0139853316270758,0.804338592428174,0.917035969737188,4.47890366000401,4.86562640356377,34.4780003939429,8.1721613830508,1.54007098526328
0.334220077889206,5.11896417912272,1.58533830151759,0.960315735201555,0.288064667426973,0.00662179946742765,0.215883759420879,6.99836293379343,6.71382752668246,1.20942583895355,0.0119126853409859,1.34104787334049,0.0295501400477764,1.64857028895794,0.201878118202906,0.616147391087534,3.02238150324755,0.59452397069838,1.41957394822757,2.01918458483053,1.07393340737002,4.84724254395855,2.88511789367997,4.98719430463824,2.11878670645062,0.464214582937466,0.42444223422362,2.13850602241143,0.387113831771149,0.656300953292485,0.730740895557422,0.150638286148807,5.65641648861949,1.23290501025019,10.5425429512544,3.28294125124717,1.66120965335549,0.114107097087359,5.60368480887507,0.737618511604412,0.615820152338575,0.0585625350178362,9.65670742726792,0.486552324863935,0.617395952563037,0.419364198667753,3.16445839273898,0.123674643545344,0.291344216527467,0.213958151090138,0.241609814072449,0.0790994331158259
0.843265485738549,0.861719263416618,1.36672754545122,1.96821982777139,1.76275082359824,0.113731019036405,0.0103177861413227,1.13875632160082,2.09616402200794,0.130468677031211,14.3399022699019,2.36721374403694,4.35339826610147,2.00576604243715,16.1368853246332,1.42620550202407,0.201500636100162,0.757281047056812,0.0162843131777004,0.187445812859059,0.0780712994442951,0.477994010320242,1.5118297154238,0.877607797188333,3.49740839007513,1.01343048597223,1.79610384194438,0.180173994909515,0.59852941202638,1.87479905930514,1.3442509488473,21.0830317641523,0.356166264562768,0.0206686740643852,2.43123979485287,1.04260890786667,1.62358129427301,0.13158801006136,0.387507452934938,1.55535070523468,0.681024934816703,1.21613689027889,0.78733276554516,0.466875729905768,0.17163575387636,0.0495788841160741,0.00342465921462507,0.369584142861064,0.447174882704988,0.0866105924039447,0.420528746324945,1.33414646436962
0.992551691813737,0.270274399594041,1.27810275852891,3.14727216801414,0.00194242071399276,0.531660603683758,0.0112645143277255,7.66980567384162,0.326355873715043,0.200304410542759,13.0605225878081,1.29976970313639,6.54721609019007,0.0019745391022857,2.24434262115276,0.025404456051649,0.3508769773086,0.359900492124735,0.0111494988667692,0.234525999405781,1.96586151502557,2.14037595377946,0.50297115074869,0.274925963198392,1.68790393051687,20.9153026326796,2.32926390511204,16.4605349476207,1.3361962144548,0.04724316610125,0.125593219194543,5.88853925410103,0.134421359739991,0.348251530178032,3.21553084561911,1.99067092668075,0.427724625230585,0.0127688776494381,1.14669934915797,0.0208968016088815,0.00478857050758573,0.179481675203316,0.0720068439733693,0.0342843007638396,0.000429556459518201,0.000535944788254545,0.0076487161998528,0.0727455057796004,0.0199527350832103,0.0419665078956361,0.00102447800083852,0.0282415170244658
0.0548822849757488,0.699382636262234,0.00290625681576685,0.393413492260468,0.134727033188968,11.1263129829101,8.20816142902087,0.0256196993750392,1.56053370558536,10.8404576796235,0.0904406698741792,1.48978976267895,0.242124468817135,0.915642946282705,1.06445422834128,0.625766078492158,3.16448147610972,0.115699743094832,6.48281303556793,0.37138387455673,2.18364506809311,0.234349231420401,1.29819127760867,7.30876348241451,1.69936033937384,0.538584006707565,5.18366162158683,1.17382211769667,0.339269142238184,0.305460118826545,2.43920927942612,0.223062772504093,2.21140075538026,0.105281658369171,0.0218106520586953,3.81380535787897,0.0976288445564193,1.45982315099697,0.0102465222775759,0.0299770242363497,0.057327593457939,0.113098909639347,0.976848104584435,1.9922785571316,0.352123297349454,1.01721036235657,7.87592365870408,6.28584404423752,0.222941126498439,2.29699039576771,0.5213570347781,0.00171100801013333
1.88770088881194,0.0797137593788195,0.837263578587605,1.08416502305468,0.0107099542588673,1.60070361016104,11.6269677697543,0.0386638896263774,1.50758845685486,2.03537911325943,3.10380968467066,2.53870459329281,3.86257117100108,2.52401249398054,1.6467595647105,1.50050876828162,0.162784014872681,3.11771617484971,4.4545773306364,0.325083951323939,0.19019691664392,0.92739451155567,1.23873225900928,1.94082765847419,1.15777921210084,0.0723411592159107,4.50352176335113,2.97972474544737,1.4132639107377,7.41705944141869,2.72914097854459,0.928064585246096,3.54624539707312,0.372494325479853,1.91114194017288,14.5098248140807,0.0130579921152104,0.00809489914348568,0.00346365615264158,2.04413085501505,0.00146654641874094,0.56493277906319,2.43138688201355,1.60241461879439,0.174391798610016,0.382175992527176,1.04492592009753,0.429278128277181,0.959263536224385,0.145283106964731,0.380585650917984,0.0320102277449446
1.19762502426148,1.20640578178449,0.19667809121055,0.0867472382130124,0.950063813583095,1.31867349627968,5.06577587664488,2.63653833729488,2.94864213968914,2.66141400080315,8.45203319798923,1.89464615671178,2.20205565522676,6.46788912468839,0.110881772371206,5.4246711752876,0.718157447502385,0.0033959259244029,2.68628335588774,2.08507145879227,0.0338657311591937,0.0979202756980691,0.00449504515108132,0.000461954770318483,1.99390887722359,3.16939514471635,2.4260460293318,0.0874456861459351,0.136945130467118,13.9221539018558,12.3134067631859,0.31070388040655,0.0207728199007162,0.0679590759933068,0.91814250210786,5.12767491999412,0.00463566776140118,0.318012243729167,0.148077145523519,0.134995286021191,0.804524660716601,0.0118374549901832,1.11259941766191,1.28967164598318,0.208595810647166,0.0583276586409446,1.79000003520629,3.05723233920124,0.709396824111325,0.977576463219194,0.419003833814252,0.0105667045186337
4.88262367888394,2.1838522742769,0.61033062560788,0.0210924520543661,1.04493842297194,5.3186627753383,0.883609277232988,3.06474834022721,0.624089438115622,0.394234769932515,0.00150843328870801,0.641409105202222,0.0591119310617083,1.137948494442,0.447088844214286,2.16526977162912,1.0488688524191,0.330560720178064,0.0552584151355112,0.710681254495653,0.0218157752514221,0.143165785223943,3.31241653991712,0.0441988780535191,0.284006531449083,0.456205337062663,0.262528841293798,0.194350579477216,0.0269767102070914,0.606507778162949,3.23073793986383,0.0179570465619765,0.000493070043864935,2.13627612779088,0.103941138044564,3.0966417599862,0.968129694740176,0.0687264445958264,0.0132443238905116,6.87416056368935,33.8281330888395,7.18197145050719,3.30641976626269,5.44119187836361,0.0644475411244373,0.496424504424991,0.0177001829041651,0.0026398046405991,0.123733405850335,1.78370925935573,0.261474539632152,0.00378583608055045
4.82225052070071,0.0343891065988011,1.14461343388606,8.34407099997561,2.1655362986844,1.63633292416023,1.17186909756861,2.67310416940722,0.689253237083862,0.4131059142702,4.17975888584403,1.00400992052902,0.114211157277941,0.318736867293548,0.0572382493608833,0.0160102193989664,0.0203865710367423,0.0629963009967211,0.0462177544009269,0.0860730117815422,0.521248029462273,6.54238335142964e-08,0.720318534025043,0.130482752214558,1.72750762859643,0.166032510091803,0.0252035454494669,0.102858403743998,0.0163881874028275,0.374037463740825,1.04828114496937,0.172725246775463,1.06060608132698,0.0324258228319182,0.234107849657185,0.021023768524544,0.216909470401973,0.844147539586947,0.37450903563745,0.0826764165322783,0.218625660018129,1.46441408836622,0.0178691603119434,0.18394405295913,4.10914112674957,0.252615566362142,0.919618208789089,7.064463430186,6.90888305303776,0.222720821913213,10.7890334531178,30.9770172415378
2.57545842795659,1.34205503413306,0.18182317383081,0.582735086783225,1.89881374912847,8.54185591909438,9.60831998324176,0.0652361952968182,0.825193914428956,1.33081003877479,0.621675364139114,0.153146003724032,1.2020467396396,0.253437295998245,0.885749213104195,0.0347351186980832,0.00467039231950641,0.432479552043414,0.125549373134112,1.08079189179509,0.139710542426135,0.120163743268451,0.0107816060829964,0.410814080699444,0.0524058082890112,0.360049969104126,0.213636682415788,0.61283971334033,0.0620138178370197,4.27819246779318,0.993211850187432,3.71096061129646,0.326658491190293,0.247134260928739,1.57714582256824,13.8345821728004,0.0413020962514299,4.24460036946415,1.14873475317827,1.60804057789113,5.97496046235016,0.128399936527633,14.8795563936929,5.50722149020626,1.49946672124524,0.0156268604787032,4.77182659161566,0.205309087159397,0.00175579812271121,1.21820946176376,0.000637419155496849,0.0574678734048336
2.94855350294368,0.364397310519457,1.61082488991945,11.3844186447248,3.48446714403094,1.63577088183543,1.35945442312262,0.51387263108673,0.0490108101710056,0.286494830215547,1.54971423726593,1.06378169531448,0.34662955585843,0.245500877492675,0.0893724280788852,0.00531746432059079,0.000997874180532146,0.21335077689242,0.00891770434034956,0.696374728451619,0.842407559478048,0.169254380488417,0.922816170979498,0.00491391124126852,0.0335720821209633,0.506868638674973,0.333854870798198,0.452011766808947,0.660756399182043,0.000814479759915627,0.543776521440869,0.0589673929085527,2.57659528319893,0.0435462607820326,1.88475697853928,0.169175530968042,1.3669793392981,7.35104203278643,0.500645471693379,12.5014084325037,2.93461358109665,0.0836764812758767,0.12789067207139,1.84770309454858,1.93952976957284,6.59914284241312,2.17023675407031,8.23974339690697,10.7116170336176,3.89485334019697,1.19190033341801,1.47770678639453
0.753259471469693,0.512847150711096,1.45263357632189,2.79218934611201,0.000333931997977288,0.523206512273574,0.0203644599241932,8.24346906393086,1.93470246846915,0.413926183563486,4.92397251276814,0.275743077321412,11.3531389579386,0.0758008209285878,8.41371349886677,0.017571245717513,0.510527937916236,0.0119169021282426,0.851618133668698,0.0283743889121635,2.33482144105193,2.62452163302835,0.441362659443605,1.78700277900553,4.80848482729501,12.457948354551,3.50800993191623,10.8079397866487,5.14268058941544,0.168514877412587,2.53121993283609,0.000249011941409714,3.31041844524461,0.0423759637228604,1.35063857584283,0.701514583250793,0.000801325477392213,0.135097293937762,0.829662949680735,1.10230174391939,0.673745138973992,0.316861144850909,0.189824407122424,0.512630952469466,0.0148144498001973,0.0777973113133647,0.0379101800491377,0.613851875293393,0.0110420889797353,0.0991896744049877,0.160213864462759,0.0972425657171165
1.18128627528846,0.133782683842227,0.201634749270295,0.850417364541164,0.028920697252401,5.16871008721081,18.3065339934732,1.28495211479066,0.151959303348913,5.74652657068022,1.03322317342631,0.042277620531705,2.68152560089383,2.14698196123426,1.12567819911573,2.98464912310742,0.010368924642198,0.0795625193670658,3.50306457113354,2.07980308868384,0.169312484450897,0.778803297189322,0.982395264244195,1.67476984760187,0.00557565351569885,0.0714389561791904,1.10239185769434,0.0164539923281585,0.0516050674971936,0.96407440163047,2.80007841475527,0.15283848604256,0.673168880202881,0.0863598717175374,0.617247735294191,0.00208278344880287,0.016555414266484,0.319425644467172,0.0898120916183996,0.151294547761494,0.0459284398217413,0.0593578645400838,0.058491483158987,0.729180231852327,0.196028330026015,1.49200987382896,20.2548580286348,9.20764773870143,0.772981232450258,6.98161139347552,0.642404598065366,0.0919574717041856
0.0667347822715332,0.654928186585513,0.952337770133898,1.27471629093376,1.0588549485378,0.045654835474567,7.74719500756255,0.387824948171968,2.74641655913739,16.9504261857094,4.18045081559407,14.0272399267684,0.00215911483312207,0.476483895448811,1.17558757238333,0.0143320814338916,1.64642276895812,0.424069660562587,0.843981237435024,0.47236813944606,0.10224914855757,1.02121734406719,0.436378409120986,0.0706684919313854,0.155608639948985,0.00754448712380388,0.225647656762508,0.358767687536995,0.0186506015773002,0.184617789490471,0.278778619008492,0.182071942507433,1.63613466237062,0.0184429536564237,0.114057211287428,0.420490171101582,0.875486256851955,0.532279858345666,0.0220153386578187,0.00113884883107024,0.293838580583591,0.000236404622332009,0.830608536258974,5.34180859722278,1.07953415968056,2.95434915995492,8.0426954938773,8.17398230347842,5.55113641084386,0.195386755229293,5.71947383765093,0.00651891447956162
2.41899521953131,0.012419232330621,0.894212173660275,0.438673083293628,3.34279504701174,12.2805004029882,4.84424380113996,0.120068708904958,1.60647282908489,2.09935452183551,0.0695274896387608,1.91352144344162,0.0411097024706114,0.204302178458544,1.00100660256165,0.115617346213658,0.0860947306654165,0.43589831613967,0.0584447317868059,0.457061942281062,0.104825497895338,0.00907623855130801,1.30093202415558,0.1182478928931,0.318948280218959,0.402038499257439,1.87878785566265,0.172592922425702,0.00785653123542199,1.11707495758488,3.01382234753356,3.51102027531533,1.69091810158459,1.64464475596483,6.2631957641438,13.1034537927915,3.15335229447076,0.365039224577169,0.93114111851551,1.68439226918475,1.00625453095291,0.11879076163985,7.01844372070672,7.09172703181586,3.39265868217838,0.279425890873977,1.81453321190171,2.31197787475773,0.696136599928118,2.73718631544342,0.278703614182938,0.0224816182172116
3.0220753129892,1.40882611749823,3.75350377389348,4.56505844714723,3.99514092819981,0.62381279058918,0.810089785436859,1.61443380637705,1.44275567372585,0.206588518127349,0.123003545679022,0.0244215801012872,3.18331017892161,0.00315285412349645,0.806458521177284,0.452170501024902,0.156354417815649,0.282836303951823,1.69981478107768,0.0629023164818446,1.22270301158914,0.0318545696922988,0.000274058615350858,2.61682365188057,0.792681296123631,0.316436418908599,2.43489322997075,0.184274514085306,0.0125344327786568,1.62956936798348,0.0226033680578857,4.66175638408048,0.0165788651870754,0.707172383387163,0.0267764490123054,1.39958343733205,4.26402748890006,3.29785899431513,0.127575131235376,5.60692145712427,0.0124079910872787,12.9348724183316,1.8788571445417,9.15183875224884,0.299551814322391,2.06735921978382,0.346592203622623,1.15021819301439,0.0141468106632796,0.165446423148218,2.00415611149842,12.3649442531391
0.838847570792422,0.733407118601481,1.40703226796234,3.18844396496272,0.0739389791332297,0.0131501775946047,5.42464675457253,14.36946363555,1.50657935491701,0.0011997038079661,0.0271909977830872,0.0311697145970935,0.0981676842007053,0.0756563555064974,2.56017019436662,0.0347539863891218,1.78353545134998,0.0769372752186012,1.88662701384484,0.219395436000037,5.19222952856841,8.95314155924207,3.24986035620685,6.01949891847356,3.84709849069519,0.3485226073698,0.519613909123008,3.63052746425745,0.0534749866628265,0.516941385922763,1.61658856168026,1.21623144039635,6.10302747250056,0.205828145500762,0.444203083704589,0.456703529356137,0.966711138321068,0.0608429982004689,1.47780837893092,0.0618127212376831,2.68775736429265,0.101553107209666,7.75077516933603,3.63868544919664,0.974845730275149,0.418379417660861,1.07666755437599,2.39783320754793,0.738920573822087,0.381798927616213,0.540957722429545,0.000845462735644212
6.54106702973281,0.103243070008455,4.02993040185514,2.36202005154844,0.975849095157022,0.0526721139837665,0.300780466072375,0.631184207996138,1.2940806026108,0.247266352399178,1.22126092665211,0.415915796244639,1.62552741337342,0.0235808141636901,0.218951403037014,0.0826293836556949,0.169055313549521,0.231140228586936,0.736970728033607,0.580311834507489,2.2613730746815,1.2812072079375,0.123133098736999,3.4874221199122,3.7695389770823,0.119295571127988,2.11367053736481,0.876097805027189,0.331887693932369,0.659663786632696,0.154833200736474,6.36096632289489,0.0125201886490196,0.0480535652821595,0.0204053333319777,0.0303520135208884,4.2446753903799,0.0102039241868912,0.0474460350628482,0.282953197154047,0.0728268673262535,2.42034295898301,0.20051892981852,0.239477749696337,0.362423187234745,6.01922744065434,0.336251044857206,0.582410085612934,16.2044899822312,1.71927502433954,2.4528848189068,21.3107356335362
1.46676963864458,5.47874808135355,0.736108297089895,9.53106138463443,0.0538908220832357,2.39429575127438e-06,0.968869629478706,1.68404661154016,5.73213960305261,0.0113880488032856,0.0843652501647368,0.73246346630332,0.0477504511755528,0.0928886931330535,2.91917327979074,0.74992917978714,0.020615581675926,0.201264703681681,1.46534341309984,0.0825679965750984,0.404453176580578,0.128276877616713,0.000605324319284081,0.501888257002893,0.171642931040938,0.00595962033185028,1.3555075755234,0.835590648032794,0.245329269799466,0.299695648546258,0.608256243888932,0.000163285439005741,0.16898621405632,0.726901469369237,0.0294019357176195,0.262328389812458,0.182208868871788,1.63639964087225,0.00737545189167622,0.000544479467993298,0.0488509960854707,0.404018791886641,6.13952069166816,3.38817348390927,3.66312451225675,0.16351275196195,0.0378360544850109,3.39553203928328,0.000127816709882352,1.1820243529321,26.0150945792498,15.931282095027
1.44628728461493,1.66706462476763,8.93396510371091,0.754415111273332,0.395310257867466,0.0165016413329162,0.230551582157928,0.00373816954834527,0.464132109016848,0.192355289098859,0.0457369162611128,0.00653088072638484,0.842039294880908,0.601877514253466,0.00111600304097104,0.205927962730289,2.67823075545077,0.610572182006384,3.89157109406905,9.29584939137468,6.93880815268436,0.630041293240539,8.91206361043058,4.41754117267938,4.27714710907959,0.227383332641952,9.83911971874724,0.421937624087254,3.434384474905,0.315049364524081,1.57681298670965,0.15912334445904,9.0330636010597,1.68740585355949,1.70577318652233,0.350357286200468,1.72920664701323,0.148356842083647,1.4716993097875,3.29179832716444,0.634972138638858,0.441836424003325,0.238152848773405,0.0903639143541729,0.178180970364244,0.0540149869903553,0.654384392975176,1.0727009974903,0.25630339026904,0.594038015089781,1.20020117058933,1.73400434469942
4.24161156528343,1.07247187472485,3.30832615620269,5.41924096306403,2.69610838644989,0.271772168389776,0.856944402927209,1.15576677297999,0.255344663000099,0.0285814175900736,0.112912225704861,0.0335972060006016,1.05647352071084,0.184514131025409,0.909391229839815,0.203646609583867,0.00135629315495188,0.021283063109236,0.103566638024642,0.420495002375811,2.87805235452393,0.0945522270328881,0.286992404214169,0.8733522714242,1.50191083209468,0.220586355258847,0.743950119960531,1.49102066275877,0.266750014668703,0.48018969255811,0.1631432769819,1.01530915139133,4.06156747711074,0.249058914930455,2.40160614346764,0.228783355314615,0.337858745042139,2.27035197927154,3.91789895131671,0.732642579286079,6.59801696426325,23.5677297477602,6.12121012686642,8.35109553616745,0.405862199610176,0.0431225923584786,0.365213618879209,0.611209040217425,0.21956842737934,5.89563114453853,0.635903464131987,0.616455339077517
4.50534279898913,0.23805007030352,0.588990001763845,1.96865484724672,1.88848733671849,0.278368656005744,0.0172416556036591,0.46345425158388,0.952086619844954,1.22625374479755,0.489109186109494,1.04386485928319,0.415739287925457,0.000596679568489632,0.900137963257128,0.396643565038306,3.5965432945831,1.98627936531067,2.37560165824419,3.04298096758446,0.0221951468621994,1.88372077355529,4.51229640044194,0.426762259928012,1.00294658294382,6.95469585002848,11.4996801986839,0.000207807886261436,4.49691427285302,27.113430219405,5.73778540042367,2.2251668189207,0.550613332089657,0.452567998558795,3.46087904489607,0.161818908204233,0.0536831764259568,0.678391625674673,0.0426764488149593,0.151076444449772,0.492855721154572,0.0807114057684135,0.0831379506696344,0.497657908332984,0.22157599105226,0.122022508446477,0.0497562185853951,0.368856063118116,0.000280079331332975,0.000232500680853549,0.0679802175828293,0.21299791446875
2.88885848733528,3.12195501195154,0.278617903525254,0.288519668704798,0.391005421160985,5.41323761060413,1.76808890255479,4.77328592735418,0.0448299988842157,1.20285927068299,0.494760922158542,0.552053443631208,0.000212895684693903,0.284342926022771,0.00352222071482881,1.32949153307751,0.574016345360184,0.00061236462757565,0.224492791835161,1.39194901019174,0.205062766621471,2.27600625792012,7.50423793954537,3.18847617697262,3.92857934830469,4.61899041430819,0.0730690980984861,1.34206629699741,0.448572839490036,0.751545037949562,4.71569700711607,1.17568393192201,0.321172330053658,1.29680863343358,0.513024706565418,5.97804212475232,1.32878443001836,2.31152419052998,4.64044310102591,5.69750579703109,11.5755410665161,5.35262613819992,1.94664496805718,2.00784354963354,0.115442880432376,1.00981718340364,0.186009822405204,0.141789912517746,0.112440218136959,0.0122071155423817,0.191072847023103,0.00655921341315714
0.331693419715045,5.22025281540027,2.92398124354725,1.7261152834198,0.0906986585004076,2.57016656704647,0.127419199089232,1.15858643226827,0.0153903874747749,0.0781604442282373,7.17871670012779,1.39084675918497,0.382943672814923,1.20694398426353,0.350983627849122,7.64656373730068,0.338928468195584,8.92201327075418,4.97040698585692,0.00386854815985485,3.55043793706277,0.115792024139012,0.0665927292318144,8.34831986828494,1.12141961467387,1.14617399071513,0.0142713577174856,0.317256159278404,0.277167887099649,0.0367066482743243,0.50430674069473,0.169850780579167,1.53532627141472,0.195655091834625,0.000246868929152277,0.0180865556488098,0.152525341219732,0.95738677366545,0.0155907230278432,0.00232258811320978,0.679380680084214,3.42326462789224,2.61721280914854e-06,0.369889258569069,0.396003942554995,0.676367992848599,0.899656105514452,3.02802182596276,2.12473605155199,18.8513442472119,4.03783829222297,0.333378201571806
0.00386497115981447,0.0396544155315925,0.407577491113278,0.189510774359103,0.681845701681659,13.7971290624009,0.0459172753637558,1.17884966795707,0.764645408049579,1.51444728688222,2.24928315406225,5.16275531447602,3.40586223107297,0.966993247860928,0.365244992753891,0.164363567993925,0.855860798239832,0.0176904216559857,18.9711637838074,12.8502492244135,5.56930877147832,0.135284192215827,1.17187656512936,0.614989573898362,6.2640217559586,1.40893352371973,2.21687993090537,0.269074169176819,0.0705365030186741,7.37294267476523,0.102813042509911,1.26623000084556,1.15406150852612,0.397958945863371,3.27581911919826,1.94732837810873,0.915693051364731,0.443383515045396,0.00933796503423301,0.0794337697266287,0.0316912752027703,0.0782573314714399,0.394393269022221,0.165526412435681,0.0400092449722668,0.156150125935941,0.628608186057597,0.00700451784112496,0.0112429414160452,0.0689185683175641,0.0641227057754001,0.035259674227166
3.11205521974421,9.59548277277868,0.00954757029511454,1.52621314381773,1.25648149823147,0.145548929299823,0.0196820867572345,0.13796272095358,0.134195722928665,0.0797198545755513,0.286432730304965,0.296800402816829,0.134031589112217,0.255011855504847,0.170576921887791,1.97177637797313,0.0118944092928474,2.17473239014621,0.00308742864534348,0.908835245711748,0.84494266552147,2.38708525829135,0.292632390888164,0.728292331254206,0.5380318542889,0.0420736821960238,0.0786294891454066,0.000811485012496114,0.0352564726212185,0.104228246329366,0.121223347074831,0.364796829555889,0.0180586509456486,0.169580562074697,0.792249462430555,0.0725655311257322,0.00635573299256274,0.0174698276097637,0.0697610230506223,0.299586333122095,0.621621741413138,0.256136867868873,0.0253431075888118,1.11323721621153,24.7365776029127,26.3148077230474,6.30064697625295,0.685459564980306,1.77847503779231,2.88849103929892,4.78087571008618,1.28462736623786
6.23142279631457,1.02251776526473,0.0306600775480836,0.376878881261951,1.09003745334186,4.3008877105996,0.277504419552804,1.91915224808812,1.35711812035614,0.634307144329846,1.11985310561171,1.17476680803568,0.0289324893746314,3.16362667745979,1.25141051385935e-06,0.206988619354888,2.9010218043316,0.052265049473239,0.444920178671445,0.0124267330037722,0.0349218490023201,0.112291012955537,1.09940049530356,0.93521506994001,0.108833054178752,0.297691199257385,0.703355855922832,0.339828331588894,5.46363315251851,0.0221274371103214,0.0405071597550691,0.773157170765504,0.0215727146117593,1.00786590143928,1.98117414877959,0.506134260447105,8.28546602988223,0.0389914037261031,5.97208387369055,0.377835282646098,2.37909414826927,0.000703905387293084,1.44300279180462,0.950531424862458,20.0472776918301,6.84482411585685,4.88427359128388,6.18467565884143,1.29380474663597,0.814131966240006,0.673426127997384,0.0168790940843869
1.3769815321044,1.36192394037918,10.9074121150097,0.00997381570315289,0.45572367248672,0.276371757765501,0.0178965834205792,1.00010957802,0.0637834868511974,0.13700470753027,0.148720250132306,0.00224276281478077,0.402565956768571,0.324355941580511,0.516759059532216,8.93386628092538e-05,2.06120309657643,1.01736055663475,2.21233919313527,3.08259509260398,8.38761473575851,1.68036597936074,14.6622057121825,0.140748580586105,0.134131652315447,0.120863186676104,1.86037821538244,1.19656126241713,0.712479879433382,2.50105878343321,3.89940497817936,4.49905114502388,13.3254741497871,0.0243965950099954,0.736021033764815,0.242002958175475,1.85649401448968,16.3134407705036,0.140716922472246,0.0611315905835439,0.139869178460957,0.00678977033521703,0.845549182448453,1.75326289045568e-05,0.710327515858229,0.218114127147808,0.00145597819456189,0.0157691302355755,0.014862264396484,0.00328569009010063,0.0426306494377618,0.131374397518456
1.3270224792033,2.39621022124058,0.220615887442491,1.81564965980002,0.0902835081770738,1.8680146374599,0.0381357002288089,5.92936033052003,0.217751106918073,0.352056835138323,1.22461656413947,2.2192813216586,3.2972383821872,0.69893071584093,0.36619157809402,0.0379330012055334,16.398518387447,4.47185833163666,5.50171284659499,2.2332367650815,0.418888979624936,0.178141694530557,0.156777130964169,6.68839436798816,0.0407072504193429,0.0503044452696675,0.469482180145153,2.90566205556583,17.9028087850218,0.200016401722373,1.11942340112172,0.880909032165675,0.0197428691350489,8.01648388826927,0.487172074171096,0.00140103369891634,0.960096795372902,0.0367384644448998,6.61499293145159,1.64495390199574,9.0851863900324e-06,0.13610614496373,0.10045430195915,0.0273776923945256,0.132831103933991,0.0111833208754463,0.0220600187570963,0.0151955967728976,0.0260599646122587,8.08073784153492e-05,0.0308586764792857,6.73435934233176e-05
0.460127884082777,0.373812599652654,0.274861864006283,0.408868365349577,3.42639667812469,0.32061410955554,0.0857779185591948,0.3441039088533,13.0860603340868,5.41354402818074,0.174263461511175,2.92144732062167,1.51314799998814,1.85002116900408,5.36222019649527,1.34347536107704,3.49772332645706,11.5806087765445,0.467300632345229,2.71362476456291,0.00397708915804974,7.59795132490228,0.15647492190928,7.6367638514358,3.91837765644187,1.27167542765642,0.159932662455529,1.8822139795669,0.19130515007553,0.125616754468496,0.361116608374323,0.176613491450575,0.00603495863336518,0.0418522294753047,3.87706846886581,1.3094771460035,5.49700625750919,0.162949899839745,4.68000550815146,0.316372608279604,2.31470102271134,0.0074495634598611,0.0119967295975022,0.592849602577837,0.746984617864568,0.0887908398749649,0.0504707964941565,0.173277021518088,0.374026860745398,0.0563931522651374,0.546091213392667,0.046181885786833
3.83502426396186,1.39845052203353,11.6671352605739,0.358805088573317,1.25483468001961,0.069265424737022,0.00608864804018675,0.0411186574941464,0.626502487911991,0.0175870250794912,0.22087481629569,0.0124568444896145,0.0108214266139604,0.0266381631303639,0.425655644774394,0.24460697767544,0.458467824506493,0.580547284284047,0.153821360071399,0.185121788309293,0.232069762733603,0.0497992614288188,1.71423375610726,0.172188240193563,0.00111037293432945,0.020112719844707,3.24380224562695,2.04332210660849,2.16567693782125,0.337731949144533,4.46526214870729,0.908937671770379,2.49767108212785,0.581808204883076,0.110424078919671,0.203465104566367,0.188472152836106,6.77962535775298,0.170187349243412,0.0559730358244132,1.59075003126905,1.49895331770181,3.90132521397199,5.14916016062306,0.824425982365155,1.22423038004288,1.06139306006977,1.32938727079622,23.2279968576843,2.99453424003501,9.54295521509013,0.119190542699796
1.98741732471588,0.975853285645524,12.5969157652626,0.015430605909399,0.191505578531106,0.887648566158632,0.00585745934644678,0.137599280426932,0.00100257978964445,0.252941875230588,0.356496594297659,0.047974079837705,0.0317510491551524,0.741813347330749,0.278896724785336,0.0492931587693539,2.81614118606717,0.420652907854014,2.76416592091272,3.12462786057079,6.80265131133539,0.172386014513228,0.982392332761004,1.23270866601192,1.96577229359731,1.31677285148151,0.377427659180509,1.06111280664176,0.0860444679848514,4.19666974186484,0.109434243242744,0.6164111750081,2.80855360223882,0.0265831444292594,0.613030799372473,0.458470940861255,0.00152287998599195,39.8418895515888,1.06192794394061,0.239642478783894,0.698300852705114,0.952582957332565,4.59064574387034,1.13048010664684,0.00844675185960871,0.256726928203024,0.0453081920857984,0.124102578918662,0.237431396794196,0.00163899540936269,0.118251347739179,0.180694093013661
2.05876004311115,2.05935248416857,13.9337972861251,0.468376443577016,0.494153418640334,0.577263587723593,0.00624774928014944,0.103838038122495,0.356284099510315,0.187278961620075,0.017224592376401,0.0263234549494766,0.217912360825345,0.0318122676303866,0.306851171212899,0.00972948941729658,0.139646730756313,0.0942101865075049,0.560479393458575,0.34178147384263,0.0592595013186532,0.0011824526613037,1.99620630245888,0.0732878749379129,0.00164371666079832,0.052189206261924,1.34822644686895,0.17213317192661,3.22206437851762,0.00261932667793981,1.94906141639514,3.70385979209921,6.13339785864775,3.10851542125777,0.253268710743929,0.0212653445913941,2.47640448558895,0.639128434653954,0.89313304142697,4.94257424385962,5.99468937740146,15.7023360781931,11.496044220297,6.08323151705858,0.0177440252379319,0.00313508852104322,1.30857501273084,0.505832934901443,3.58897686914619,0.0814381717265726,1.0225898604087,1.15466248396615
1.75989312986878,2.1214832790706,0.0899438959265137,0.0581708694753187,7.37710646009469,0.397927202032429,0.0385791746084185,0.000321338928534059,10.5821474009744,4.42329672201817,0.603506250188779,1.60642356898869,0.156543851593437,1.06161749606508,0.0398169197712803,0.0790968197048105,0.402377565974382,0.0599855166940188,0.497889019439279,0.285301625233577,3.03389419432263,1.38287868079165,0.176763721106099,0.439471717801128,1.95539838300074,0.439028203250529,0.339420538494621,0.348475539432176,1.49274465033949,0.835600210557859,0.252985174545914,2.71354058791453,0.049472589692681,0.00323349234267331,0.0297198886068127,9.52331193341152,21.4575676467831,1.506433724536,13.532219023281,0.87723468816821,1.1200473803609,0.275563545979359,0.0163379046145821,0.48244804597012,5.39155081050376,0.0534553636882813,0.0129119261758683,0.215408500784565,0.157059618174855,0.144094650160437,0.0743663156219574,0.0259332429347954
1.05523873025767,7.43413405237321,0.00243131964622425,1.46230972115666,3.42626673731903,0.105307420510009,0.0711555629660652,0.142165816944632,0.0941153619645318,0.721319827971526,0.416264565191404,1.15877860921649,0.45691793908518,0.77464543537325,0.534233282379962,1.86097694615455,0.437823539423976,10.356123701512,0.40937362593012,0.00186925102422073,1.04219960752049,8.69361162438914,0.495131973869774,0.0656253413131499,1.5769574834012,1.87888466587957,0.456332610351031,0.0364689554561593,3.04311262569858,0.674833940540959,2.3289905124402,3.04366293444127,0.6393115356559,1.69164846578194,4.81321096069111,2.46671417607943,0.355971447851758,0.176590953493544,12.8797799300794,0.745064826529048,2.20240172822785,0.0206975100804225,0.527175332304694,3.2479369490427,11.0329352313619,2.86501372532684,0.374625067473888,0.180115753530079,0.0814885798114018,0.567066284816164,0.815835901893733,0.0591519182659476
3.48426911036452,5.49033202585254,0.242341915929559,2.22249009033136,0.314125078367197,1.78009075500549,0.0117573548747555,5.29830203295193,0.113256479402702,0.177862018367369,0.437006716221537,1.16701331481106,0.634899190451004,0.0306790951594622,8.93998024986411e-05,0.176170999986654,3.9282323814752,0.0262280798417662,0.508830199360106,0.499414173920221,0.0567074241545522,0.091879334055434,0.000832726466613931,0.0141204210733438,0.120543201702103,0.066698723733941,0.0894592422933086,0.170769304503446,2.22663557657602,2.43373281837188e-05,0.119707015396866,1.26590637615717,0.0835807142830597,13.9448467635674,0.155130711639746,0.0279553547607909,1.47374138901547,0.293793021725946,8.14217514021878,3.13272754121636,0.30515290897484,1.059662935508,0.52699211896217,0.64542151345359,7.138434555246,15.7695117629872,6.6798402733733,4.80002969083753,2.45137467814054,1.80554612040185,0.318833181468671,0.478575528300834
2.16021773727539,0.373495962595938,0.00237994976812324,0.0108597224163087,11.865719809704,1.77634017850219,0.0299962490356749,0.0425881900432397,0.0601382479800357,0.0211150744419855,0.145007170025735,0.486797232502882,1.44163364866456,0.744119010331357,0.00347518540041966,0.116947387803897,2.25282645997679,0.567479607611247,3.33439548538203,7.36621043300393,9.74992300318804e-05,0.111106294286103,3.58428010922875,0.440781250142293,10.1119181677271,3.41296435111329,4.34239470789463,20.0616294578127,1.13804081871948,0.074479880602667,9.21350567543435,0.554620552087669,3.64281285957882,0.140557663632089,0.0301315871329046,0.513894774599717,4.29977915323678,0.479809102508544,0.396638796529885,0.407420072347303,1.77915054001838,0.000372953201946812,0.00669671646157594,0.01007188545891,1.11095934452343,0.167006983418216,0.000945988396003662,0.00141927519708154,0.352083643447803,0.331127598349219,0.444700958252331,0.0368585969643011
0.00182946560402485,0.0385997753146237,0.000801465798407916,0.0887316563987474,0.137169055552732,2.33620167461561,2.14286168241468,0.435768932923555,4.8095055296884,2.13004791919154,7.61894084537472,0.280521034069052,18.6537358254719,0.0031864225176722,9.43592187506284,2.25986213404107,5.66343283794304,8.41493062051888,2.6893247012044,5.29442875341323,2.75982938400674,0.30391615996305,0.259604330025008,5.89985063240018,0.680869271680935,5.23581379523145,0.405005585920895,6.47025230667878,1.50039256020245,0.00015469359072871,0.00155436378867794,0.156872216964276,1.43953535219454,0.125578463969638,0.016702639651939,0.00726270667941461,0.0967564275900586,0.949779200410982,0.000513080178979138,0.0146559820653826,0.0207466247783645,0.0710887031355599,0.136707139866494,0.339688529006047,0.0346152907954872,0.0292911376549529,0.0884998973337001,0.052791407234116,0.00314384092665962,0.462111707781183,4.27686890173869e-05,0.000571592485161252
0.642601452116434,2.47170855667744,2.08487079870524,0.0643542741432085,2.47373799255628,2.00100312007545,0.269327957739328,0.577072136405872,0.38890580256047,0.531793777016611,6.48142452228643,1.24600587512658,6.40474542871622,2.18521746853307,12.4059735703738,0.0282853083978218,0.10209933404615,0.828568696041761,0.393521591618913,0.00524647674266707,1.92679090540687,1.15901323592236,0.304691833539419,3.4792523896957,7.91048424688173,7.54074123238162,4.12213021699093,0.0392742387490278,0.423128660809011,5.83988257603845,3.30878963136234,10.7559832485139,3.40613640859186,0.622810376948322,1.76037185855693,0.273883120115983,0.160455844207207,1.3089028061872,0.265529580751824,0.437472778093195,0.0838269973245917,0.974390278069105,0.215057979057784,0.860035559175692,0.0422705669251022,0.00117092672516541,0.188661319653825,0.0154550093729189,0.550130461346605,0.362844938804829,0.0475125835892293,0.0264540503315376
0.763985527694778,0.160089981901264,0.357383761619314,0.229951778374941,6.4609716612568,4.20750023875808,0.275432905231702,1.26062039919246,3.60916113751373,0.483997705356898,0.133280194801991,2.59675163845859,0.220919429146802,0.0420236138807853,7.38885636945219,0.0249719525761711,7.32760392875404,8.80538268001754,0.0105965805811935,0.690459964506412,0.766475608208656,17.4000753071836,1.29667300399272,1.71061106337944,2.87352683028795,2.76566006634856,0.944180469458998,3.99896006197109,7.32282921578528,2.02281598596392,0.143834616411376,0.880662393829883,0.200780738917126,4.14820268463767,1.34048372233928,4.36493641494516,0.200717716152728,0.894267168069108,0.0447328694071021,0.1493610081165,0.00539072904106588,0.393637851425134,0.00596270255845229,0.126845769265136,0.675700028478596,0.0978970979081509,0.0224590286830001,0.0408341431732745,0.0365702340111365,0.00136456972018237,0.0643587164808492,0.0092507347731517
4.38912532354282,2.29282237371527,0.479716515288714,6.13197079374785,0.0354857568826143,0.236131907103494,0.57873986599621,0.456287846173765,0.952804489335792,0.000819970531223439,0.29210382237033,0.738113481277814,1.02605895484265,0.498973005326816,0.151397341535562,2.24248693236826,0.825414515192259,3.40883357914809,0.186248873249482,0.0861275285419961,0.951296351458331,1.47097476201611,1.00163437770445,0.221584056547875,0.609457556773903,0.00491260864364515,0.34292592608104,1.22130777500631,7.66841979377317,1.51657518335387,2.92832185240165,0.00729312195654404,4.36289343707963,0.054580520225707,11.3827211896393,2.35490312473663,8.56256311054071,0.162394052877015,4.03949743127409,2.85564917391874,1.77630600733212,0.806470072414454,4.54150407041183,1.31309051628298,0.803706713522737,0.797099958025687,3.26550519496659,0.00879386199077659,3.8134134143421,1.27363874800772,3.00436431029571,1.8665388502276
0.0481177069194506,0.0919796593673257,0.312065915181877,1.59754368351447,5.47524992395597,1.04562102430973,0.0676321154489075,1.40267414254969,1.10351274154341,0.16600242813615,2.73637532905339,0.0186903997108316,12.2313039719072,0.0316237578257142,8.98401084710084,11.2312773326524,3.39837471283483,17.5231069790258,0.336428856680072,0.314559649198593,0.579681900249981,2.57931970766387,5.92450952488174,1.06861471441094,0.752259546038824,2.28375864332597,1.33927738584726,0.60688818191371,4.19121659074572,2.45479462959223,2.68166499698008,0.00148890678562865,3.78363034848956,0.125224362103558,0.210098402653759,0.0151091960602815,0.0228048212966453,0.348610728462006,0.611757332508678,0.652867048715724,0.50073707555365,0.0584515499634554,0.382860744154662,0.195852360996859,0.378299256894959,0.0142582261876525,0.0526879787416711,0.00142659658375592,0.00242392980575558,0.00393666853776351,0.0144541828543698,0.0448832840826878
7.1904302063157,2.04720790083714,0.229840524651538,0.00286452657371058,1.23408737108407,0.491322502502876,0.134500066650217,0.486737037132903,0.882704074394247,0.0113483091068023,0.0174003546942035,0.0327246768684521,1.2066416938743,2.46534796817797,0.028193647799815,0.355482484593253,0.466379114651545,1.41050376619821,0.510951140125518,0.655554084150033,0.011741152844706,0.949112104341782,0.0118472724973505,2.35621034035782,1.36641852414404,1.48134649305113,0.949431897709415,0.332512046932095,0.880520952866762,0.164043579385567,0.00912536615720374,4.1589589000118,0.583507154504231,4.34536127816517,0.182012497149258,0.801483496597414,0.389302014629897,0.659845698803681,0.228402347033712,23.748477025853,0.40416639423407,12.2122657517923,0.00057637878981767,6.3150125255431,1.7899783353016,14.329388629777,0.113969246822981,0.148093083180078,0.997169900016632,0.0431604203171608,0.139124405781877,0.0372133350247911
0.0311629320371366,5.60807917138877,0.000375605023081475,1.35902384775783,7.72924303439035,0.640353265657588,0.142976469620553,0.286400637998866,4.23931130412419,0.192202792487866,0.167542963341592,4.65372433794998,0.18915636581524,0.199200242763077,0.0056552186568164,0.48380713999622,2.34197300737691,0.100576420156536,0.638656618241903,1.55976332660055,4.59849278477053,0.0533039653336722,0.0339356430896702,0.90071711590532,0.393361943007366,0.993955950474917,0.577992389624113,1.30518776525173,0.228181070575333,0.0416597880326738,1.72264185399182,1.53132419994404,3.82000291031333,19.7326791039633,8.74026112142332,0.0538285747684944,10.6468005327272,0.0791379262282976,5.53975168395543,4.05120320293239,0.981020691199657,0.544425913211908,0.195190647695251,0.918002929943776,0.048017475271351,0.717104842558287,0.611578423793186,0.000783728208985689,0.192182460007607,6.41094625616346e-05,0.146693463602444,0.031331087347022
0.111791642078108,0.011382137210426,0.000501573675701635,0.011464564031274,0.238809704419491,0.363117856074677,0.374345040462718,0.0823543974506481,0.0072752290877019,0.34106239903064,0.340344912120083,0.0496005745469956,2.14330552180175,55.7335624444693,0.323210859236154,26.2540834509773,0.0273365602482359,2.55722840266364,1.4759079351991,0.022487091978804,1.32436634532065,0.0863230120406373,0.916606254116601,0.622817850056298,0.24792228759914,0.224702499458988,1.46060075465791,0.26662254739245,1.06284496601083,0.189536618265541,0.0371917306902525,0.272902040557507,0.0169659466423383,0.00117728114743577,0.696598187997633,0.214943271634519,0.432183933763407,0.0474783347963098,0.0258572623704583,0.22220292530197,0.103901793208497,0.367724616136355,0.0370880270769414,0.000145855168595788,0.167366241933296,0.000241371034905909,0.00623589054594443,0.260486565494523,0.123931582710691,0.0194260333329087,0.0741299364051558,0.000305740368481902
0.0345807596640276,1.87887827416918,0.0149045077881309,1.0469346147649,3.98883849146359,0.136839019202174,0.520801736248854,3.02246889443024,1.68409387888458,0.152319415385339,0.221740585869163,1.18201833537749,2.09601226626345,1.90666933540526,0.0877269410861289,11.6704890453878,1.60228632412576,1.12797043330474,0.274650297134701,27.5617575121093,23.8882341464082,3.68499242196788,1.10824913005765,0.410435698390596,0.498789290468654,3.5585275951943,0.10828558555755,3.0465242121578,0.115401548122344,0.843627840378718,1.08315960378226,0.03400944317993,0.0170264362900268,0.316672247710335,2.33839048694885e-06,0.357939042204112,0.0169925834489346,0.0141435733730278,0.155008134296667,0.00564099602597524,0.105472363114789,0.00904038363489777,0.00179236354045196,0.00623102632141092,1.34215073661622e-05,0.249060868198599,0.0558755240656863,0.0707207394916487,0.0224631644777861,0.000161546243181875,0.00264557896376176,0.000880484970148356
5.34045569860745,1.20855841125495,0.00699145132832993,0.306599711533435,3.13446717151928,2.35946589477677,0.102644013729298,1.11082077471321,0.450063750101498,0.374209787460419,0.173370216165992,0.334836312089219,0.287166695416876,0.0498879100174942,0.0660142610227268,0.490726112515545,0.539003614568981,0.147215003246999,1.02430186591507,0.574101966109461,0.00111711712428403,10.3404550520953,0.186251574987001,0.271756593179268,0.356912968492269,0.832756471282174,0.865659312726715,1.50881179930014,5.18343143070773,0.0757099082042479,6.66501261615952,6.06061162282484,0.783437353865368,20.4027225074234,11.2302322243846,0.928706765619151,0.00548686815977651,0.356451723822299,5.41537168159,5.01440582937886,2.33951847918807,0.102031826301617,0.00132895318849287,2.1716325224641,0.0184727614390555,0.0023219731599092,0.360984584545154,0.00128768737531949,0.355654187049169,0.0631839250840578,0.0166093311160861,0.0007717256689275
0.0597076010371725,4.03132832141691,0.00195096086279018,2.0534620203221,6.90494643492401,0.00207842040289682,0.113886488406925,2.09473272777555,3.28727307726535,0.125076291166886,0.00667948499824859,2.07154488533188,0.572912144814444,2.21418633706132,0.270310179452677,7.27996366802745,0.421101567719188,1.14882393854852,0.48999518580169,0.526828030755397,0.761843747426105,9.03366381621244,1.09936545590804,0.497863156735028,2.77365455440907,8.39847686103848,0.256405448736261,3.1182112359789,8.08725416439622,3.63331031354731,0.142874001200398,0.427573714058139,0.0303513487955508,8.03841779700248,0.554337415840204,0.0759317187309352,5.53447807809775,0.292991401526685,3.14797577719545,4.2168314278093,1.53697195627333,1.70421989298678,0.0331949629544794,0.149779907367083,1.41853952873698,0.214722371498576,0.394144053188377,0.405063676981744,0.223886625694987,0.009771794629195,0.1048123200929,0.00629370885938987
