"PC1","PC2","PC3","PC4","PC5","PC6","PC7","PC8","PC9","PC10","PC11","PC12","PC13","PC14","PC15","PC16","PC17","PC18","PC19","PC20","PC21","PC22","PC23","PC24","PC25","PC26","PC27","PC28","PC29","PC30","PC31","PC32","PC33","PC34","PC35","PC36","PC37","PC38","PC39","PC40","PC41","PC42","PC43","PC44","PC45","PC46","PC47","PC48","PC49","PC50","PC51"
0.0129600171581278,0.999346805341389,0.499466550010185,7.74237276070458,0.64954545082871,1.0094855417981,0.1213805652879,2.16218547997531,3.03563671858627,1.98567994787681,6.93741225743497,0.792319549913501,0.934160803124572,1.50627776511232,2.90287874355291,1.90032848835064,1.14980808891336,0.142532401936159,0.258300350844496,5.64348633523559,13.3933444128063,0.00126172961387118,0.423100434869182,1.82383725465993,13.8680849267411,4.98607828831163,0.578688484115593,1.11402901963161,1.79043569690468,4.90634888663577,2.29478247480851,0.00601410927111252,0.168913066188298,1.0130121556242,0.00354791182397735,0.752532910525628,0.0999897943801473,0.73933038280657,0.108580386672038,0.511773983208157,1.8777062040903,1.25072242650363,0.353759975321278,5.02299286955469,0.245910498531749,0.16137509229584,1.64630578984068,0.364944891468925,0.0140693824076552,0.0858732056722637,0.00708873272873597
1.02626382615437,3.43374645889957,0.301436674519718,8.85861830826035,10.5268962249289,0.0322782011050153,2.39222008569684,0.156473471417573,3.24540437426735,0.622753996482594,0.25168750254816,0.858127008837296,0.188054589803861,0.047620279647693,0.0762360767243013,0.0214353325964389,0.000242611069484005,0.010331192329808,0.0311529550035977,0.030932177747289,0.229784340106819,0.290002252504187,0.13021615127531,0.640117853859995,0.63808628248551,0.0407211223216766,0.00539822518592136,0.77590807438933,0.259447058622676,0.111724476931696,1.69731048690597,0.0143312049417542,0.0693735417862779,0.0932718339435322,0.0191844793956908,0.69914359508043,0.0132480532775929,0.00165109245563282,0.814233710963698,0.724635914136975,0.0490051863168493,2.9343874547802,0.01301896854266,8.6365831054263,17.2110655577824,15.7403565755839,11.999626312532,0.291455799586411,0.0967123869705933,0.602838035188176,3.0452495186798
0.0941606607184354,0.364304145472113,5.45940556751139,0.0249902297048795,2.40224681856154,4.43731470360942,0.457968656747879,0.0710857309688346,3.04368326500808,0.276270255804254,10.4268747536963,8.98146326214266,0.41751281293414,0.440158700180696,2.96255872231768,0.0127266367800999,1.18161278534246,1.7257067498528,0.156971393874004,0.0349691256407411,2.03404275044469,0.0441612213156552,0.79755190528877,2.8081804560336,0.0570853510117743,1.03136668875572,5.27297810648896,2.48514876481092,15.8104594790811,3.75219922370623,2.18328404210725,3.54301759538984,0.158552623312745,1.01729261103291,0.00154296715423466,0.70327665838558,0.0426879924015611,0.0180564601889187,3.41934468977113,1.46174159440144,1.14105800896234,0.930406497648798,0.324536740637216,3.04524550817519,0.776518453841115,0.649776363934033,3.02912161430347,0.049309957774735,0.0316963187636183,0.252848447970805,0.155525930037401
3.5884470903744,8.53968557889158,0.329244538301146,0.108366792956298,0.0761868190593401,0.822660297521085,0.212705766942545,0.183841681886824,1.99529175897195,0.065958005986462,0.562920220571211,1.23342043413184,0.000235159843026162,0.493828443570542,1.42406121498939,0.778922669574938,0.0965832631414257,0.293502538692706,0.160306674449952,0.213558801340597,6.00712951495512,1.14109692020195,3.13416798185176,0.0647934594291308,0.132140399105094,1.43729984503912,0.00906660540990092,0.262462426673069,0.310417621105315,0.624354521171176,1.23694800727941,0.2302737462678,1.10206745932889,0.0240414985904749,0.119094810862328,0.681478096465906,0.0030237133969472,0.182218651910231,0.00409396699703874,0.104707276125745,0.0019205548168126,0.00594445427548963,2.55604794635257,0.00596252864615607,0.0684590763280694,0.22598418637168,2.02450272723261,55.5636307618821,0.826380769606528,0.625429257280266,0.105133463844024
0.57415271958484,5.94031337190135,0.276027527463654,2.02094507375346,3.2811405931026,0.0995705952482051,0.135529614756368,2.82979680699325,3.37777441736055,0.00497585301545295,2.35226839248076,0.000138798582652952,0.00821895420376158,0.366954302127931,0.264934012726112,0.976889609014109,0.0143670835739284,2.72579701902884,0.617338097414202,0.0233065523303138,0.465692856819894,10.8899542704429,0.644670028999554,6.20396341962324,1.07219342729883,0.600851402003601,4.07681942739933,1.5971743453964,2.7827038998114,2.04508127074284,9.54652446768355,0.00611938623194894,4.59300858914225,0.760911047969103,7.55818477264993,2.38994189352475,1.94173279537058,0.614123591833246,0.0263341374257881,7.94595388381006,0.346092685327926,0.156535335225979,0.0852700977745272,7.10640818934139,0.215866536964713,0.00141244371369418,0.000628002914194862,0.25510047781808,0.0116493179585013,0.0079940894732296,0.160664514646212
3.85121785684771,1.67333309891605,0.12265139685558,0.0632291947305694,9.66442707117283,0.0786971816185823,0.0191811428093921,5.24145508488464,0.130616793563737,0.795579533427122,0.429448799383847,3.49026686320876,0.621450442832529,0.75149851571787,0.142927678348908,0.00625289559097273,0.0250272231662955,0.233465982057587,0.0181956892585462,0.945328409629714,5.35490057220936,0.147479992382785,1.61837737661305,1.29676134911686,2.5814278657364,0.122184722095477,2.40283714093077,3.15895707683725,1.02311132868446,0.61247240684306,0.474166136023708,0.930803310397252,4.07162986829583,0.452161911141022,1.55961625981757,1.18481740419924,8.5428598105622,8.4371104445514,1.54270357609525,1.32644264124982,2.49646019294536,0.0433230840020607,7.27746882858276,0.176350798913901,1.01929915670221,0.773145474663558,0.0310340583054984,2.27842308304659,9.31266046378331,1.14505552306831,0.301707288182392
0.370138893904107,0.261445092278392,0.382444280309645,2.67117191989168,0.399579168530686,1.70564940137973,1.31178756638602,8.86013022236761,6.5673570145747,0.722951047131784,1.86715896838439,3.646225060512,1.72670350710504,11.2018601787521,0.00504696743215308,0.0124295502166711,0.0199071894531036,0.669537926196989,3.70973438315689,0.093598894697865,3.60150073694295,1.0662672554456,1.63578040656402,0.557487064766381,8.78469658348577,0.6795589373553,19.7277559789397,0.636059340034213,7.70440574342447,0.33282639257414,3.23301398204654,0.717705900229636,0.00159120540424312,0.634167926552297,0.956241733786376,0.886764088253569,0.307265973364904,0.292203118077424,0.0125603312143416,0.104007267475837,0.0106039143258543,0.262544612315562,2.02313042734865e-06,0.346922940092371,0.200419757000551,0.0063647847978637,0.0461499712528406,0.357471871445009,0.624983254167057,0.000212203488715987,0.0676074693845347
0.00375968593358761,0.0880592006353346,4.18975692577301,0.686693921784728,0.331193342323683,5.75771053053372,12.8520474087361,2.56006172787262,0.101025881083375,0.206438908004927,1.60839716578854,0.0485993994596073,3.48925694774781,0.0875085014163357,0.414863786541263,1.27432238820034,0.494432951632359,7.77789950324797,0.599766459342745,0.790533447868077,2.80444790197057,0.290748064378293,5.26983245928023,5.16048414375801,0.216138909067802,0.00426807397884187,0.519525341516886,3.81814251676337,2.9353288014706,0.00146897635249992,0.429364055069161,6.42420704808104,0.00775069404752085,6.21252804747209,1.84759370150305,0.00619970658875235,0.53499169698975,3.16520156433061,1.95458599079504,0.694060272574947,2.04105562818414,0.729894770765437,5.82681507050925,4.0390979831288,0.0404115372314967,0.435024543387277,0.952013266041637,0.0699809172825975,0.184930981542104,0.0195452740352259,0.00203397797679454
0.606699656428548,1.14887529452372,1.57711745786499,3.57488690130177,0.115569157435419,3.51367950953219,0.40732435044347,0.170390328178801,0.0246168284287333,1.5927529041802,0.924312167274595,15.0088626443701,0.493779398218466,11.641689565089,1.91640132801094,0.481309088723592,2.18755893597949,1.40386647536433,1.95713383498209,0.015420214465935,3.4522965865289,0.00110344961791,1.65623728928653,5.50999575310784,0.268658586647635,0.718446263269223,1.73344671831157,0.346312032863083,6.91911186491627,0.351103578799581,0.0978400614754869,5.62989291115281,1.12352206029277,1.70588542678979,11.3909023155284,0.605043455378792,0.904425290183363,0.014870151756548,0.518085056462454,0.0160023084161313,0.545001791100714,0.634931298898105,4.96883668262396,0.0303967128534057,0.000110017992126414,0.673491633342438,0.116582728209195,0.0189359184129055,0.775338810981282,0.0763787636501658,0.434568440354277
0.513007981199956,2.18123087798618,1.04623529401943,0.87402525286102,0.0564189156684062,3.54105596106617,9.56600705338452,1.84741215354681,0.321014594967984,0.233620735764414,0.0303709829182115,5.56039409000694,2.18374439925082,10.3999812841549,1.34585177358277,0.825408502117051,3.11603590923263,2.67428832936257,0.106532912861106,1.38839117632572,0.039326537597456,0.000926082920796592,0.914430570274672,0.063255351721059,4.20416708709563,0.0449287873303931,1.36902955424221,7.54301683327269,3.39052381345147,0.617955185838982,0.14665200299083,6.52466724083519,5.34049071019218e-06,1.97333668954729,9.08277603361235,1.07740323331019,0.0368651740053439,0.243643192819914,0.744453753580747,0.204754803339836,1.58132759481011,0.176001979881313,6.34675585725098,3.22622611689466,0.120428818569414,0.716460044106793,0.619889957216429,0.0823351711839087,0.716480033722741,0.110235593287952,0.270713384520282
1.16058458298992,6.12097662013342,7.65333860160993,1.49611837960569,1.06081089652349,0.167543050433738,0.984861381071177,0.372808953254898,9.20722755059829e-05,0.159430058308676,0.0824701570233563,0.969030965701031,0.00082670043805413,0.218223438512498,0.00677950463722386,0.257669789359599,0.902880402768781,0.0580480267582477,0.722713649259475,0.0490485353200316,0.0372114640312445,0.0456362871005569,0.155653467732032,0.151552572471425,0.251126470718288,0.00736545683117255,1.78979892970676,1.66568269549677,0.040650411068895,0.828757449709223,0.135752362156733,1.03462503382934,1.5767240497492,0.0187003123509924,2.79420177100015,0.931759914356459,0.211634872243227,8.92303155593495,5.49184398173684,2.85152275985019,12.3008235721214,29.3897065663673,0.398183498970948,4.62359695781328,0.0859370017099989,0.0285557655091902,1.52973626623533,0.0753447167015123,0.0261185257489852,0.0439703511902708,0.110539193572655
4.71460343792066,4.88838722263303,1.49935008088478,1.88202557936153e-06,0.306920732995669,0.00284147568277457,0.962591181234788,2.14688595870584,0.273905118343801,1.22926791277881,0.00885647996859628,0.504707451568556,2.18339528055728,0.198661045071443,0.754041542168179,0.220716573520673,0.0519744322697756,0.199423943100084,0.0479994242559289,0.818080967525408,5.44432187463106,0.0813433813586251,0.0119877491721964,0.459339854185875,0.508687640889201,2.93319937941221,0.0234421932656751,0.258742845050776,0.0385017743871903,5.47304856299939,0.332976453003181,0.709093879996902,4.83455511500934,1.22863730578347,0.0723771667470471,6.54058183630667,8.79538773114032e-05,4.96158143993357,1.5044910197389,0.637030380377679,0.13794533553513,4.70217737776864,21.7998140710931,3.41978668756302,0.593465601738049,0.343933735869674,7.17679968226627,1.45744354316432,1.29355022436093,1.73743211834105,0.271011672961886
4.87791623754009,0.605546347834223,0.00526565746966567,2.02373746486208,6.77527711477405,0.913461644062208,0.116360850517759,0.582482844890154,8.70215779163926,0.0117873116033437,1.01618718567841,0.456089317367769,0.00720238712097172,0.905053998790796,1.68498729207241,0.827901043862064,0.117012596674117,0.389370706448051,1.13757415077694,0.0300899501054436,2.03956993301177,0.437788847515437,2.19126622435191,1.15743628980201,0.0255893509102528,0.0501327483029124,0.494079219351364,0.0590206820197792,1.73707354548194,1.80711652304325,3.64199037394315,0.452675162599397,3.88809867937125,0.931171394449471,0.24305600632644,7.16427179460999,0.670864544189252,7.17443642765007,1.26194416764708,1.4047904144224,0.680858561709272,0.229351468459639,2.05939613291518,0.254877266373338,0.378560930269092,0.711418153966885,2.98089040548708,0.337898794139929,21.9103440237496,2.00759075732368,0.430979282517363
1.80537967562199,1.99511845094387,0.00801690919383204,1.25098290239051,1.36590618988181,0.440288480233835,0.173779043299327,2.01077491871671,1.2803532296385,1.88261128071624,0.397023655203123,4.39659187307208,6.35406171380708,7.72511589013893,3.85378893024614,0.576894443567959,0.00915688746525555,0.88320405744104,2.56319345388265,1.18429920589416,0.327806589948137,4.00124761136444,1.60188000604714,1.72798239864103,0.125767345028975,12.3288161566927,16.7299691415303,5.61376885240469,3.9610117611145,0.15564541632889,1.19824497150066,3.16581728892643,0.698911304552543,1.46813474022736,1.87423263061364,0.0619098634950274,0.379665643703191,0.561361027565614,0.0906659245764501,0.502499973719075,0.0725539091076312,0.0886635264898555,1.35689865510999,0.00296291853313892,0.823583128911588,0.00857301531867355,0.130186413951397,0.110262728574994,0.0965271160355189,0.149616997032761,0.428291751598629
0.706993691261611,0.00149723166791517,2.15202035190933,5.6558271142565,0.413559336921334,9.79037834910094,5.66105793775519,1.55026365493155,2.12699980861742,1.80016778759996,0.717019804025564,0.382851530313137,0.00568602637167074,4.1967001224749,0.146781551151319,0.883200843651975,2.30530163633358,5.05264473995618,0.343211349579945,0.235454441570035,1.59656652772846,2.88473212022364,0.566972527988131,1.45262944804783,1.60695127870976,0.654151053851294,0.0585837251186981,0.279999722753156,0.594783242566823,2.01424609837361,0.0435020770305725,2.33455614847897,0.421033321858467,0.975605930621204,1.64074031831322,1.74931534347207,0.244019717338129,0.22689785907315,2.45840623742727,0.1544664730261,1.02208094538778,0.00552291969943575,6.04947944843795,22.0849704780292,0.316613311533475,0.525255179169313,2.29185400183766,0.905950611448407,0.446389367994629,0.204411214130297,0.0616960408812499
0.513348791436935,1.87465938177086,0.491584802585388,12.0674885032001,8.84034034679044,0.123137928841772,1.33703654781092,0.063100388530711,7.97077031497424,1.02505692418227,0.040920486302602,0.113839818672924,0.0531087857975833,0.171687786883961,0.0930796873095978,0.0277027181764802,0.00706399841263196,0.243718196652835,0.193638798943447,0.00832377342632633,0.101623317450338,0.248237204357475,0.547903900637768,0.477473735960161,0.214723054826318,0.0379966379274885,0.219312116359709,0.488720252284189,0.135087670511706,0.139675394596881,0.011755424592301,1.14130201779324,0.681363597445438,2.80704639483952,1.67194919127789,1.56377975165943,0.257981304281453,0.287381198672569,4.28180687879765,5.55835206896874,2.10351834260355,0.950939364039187,0.122856614831601,5.51271371162569,0.667383113059985,8.61016330454639,10.9541695596333,1.51833796078885,3.88105540948888,0.747569844517905,8.79821368092237
1.27005662229342,0.0257937887174511,2.95576149512634,2.93373053671701,0.554948981237143,8.44155634556406,7.71558215307996,4.51836252857399,3.76078008350843,0.00277771345027848,1.07475494314282,0.359124807984529,0.0222167845240939,0.0291512749432928,0.838579435660364,0.328852785602403,0.190656054496605,0.00305591423955894,1.72608599768553,1.53726667778461,0.324489634475418,1.80850475487295,0.136692759165616,2.07806056014064,0.118683724590372,5.57263990166972e-05,1.64974285956107,4.25156632237576,0.466853635212623,0.143157330365978,1.95847526107978,0.452351649739128,0.34268160248204,5.33389144510785,3.51572064420368,2.70187544410753,3.6844208298334,1.30935852560035,0.180679097354832,17.7963753020599,0.173409355480574,5.89347230906992,0.226333763536184,3.74748543774236,0.17794391424861,0.787457052803016,0.587075677425675,0.998303791116137,0.149824888833257,3.74972029649381e-06,0.715958026964121
0.0899497974523688,0.451434781654526,7.57984293709422,0.0564597415455749,0.0461263665479382,9.06551620762696,0.0504061248332931,1.50120719095058,1.39565173464079e-05,2.05573405551307,8.41447999185284,0.0482387071802033,3.53458102902691,0.0419017133929927,0.712415132340198,0.39490411531165,0.000179335970717437,0.0215691756358051,0.014751696146,2.83573401969657,0.40854830654392,1.99350755777949,0.102996523654423,0.690154288549492,10.4528093526947,3.675365684561,2.45733161382452,0.613011904066885,3.59870787655404,5.77744048776955,1.02899933905548,0.269185189186971,1.80395344299003,0.659396552857532,11.39681592401,1.52404498733512,0.0274570965405612,0.00628812163891902,0.0228461565189725,3.23800107977069,0.880266397203503,0.273209505614775,1.83649627461064,8.12558795792935,0.172291902942272,0.362056079940407,0.996345771930065,0.0188999747171642,0.41246648910819,0.170954081033872,0.089118002777682
4.59663670745718,3.99500869743563,0.111965598031972,1.05864396661639,2.15732408208471,0.693803827411536,0.199349807455894,4.89408210792319,0.624198225713441,1.21755226259735,0.962398532376521,0.236429836090705,1.29367566789551,0.00506659194700803,0.0207183179547324,0.961860882890103,0.38674376003878,1.67334896774351,0.43917792328811,0.212289161014228,1.96960494150022,3.31126760976232,3.52316504340131,0.216449589157245,2.02815758482605,0.984050304355078,0.642976059953446,0.245839836305035,2.50460416347803,2.03072654828012,1.14419054211061,0.280096637676467,0.0667642530077633,0.123736584042353,0.179807307258393,1.1553921571192,0.56027252740387,6.8643495576704,0.870766416563815,1.46332583806184,0.115952905848361,0.0527827810757384,0.134455242077545,3.1395858105738,13.0603774928947,3.83615689917327,5.30582039001701,1.17700856656392,0.711526779145956,0.0353088815378234,16.5252058251918
4.17872012553097,5.62264081403239,0.242111846943702,0.100291095037981,1.02335931851364,2.26279769985755,1.71626291372039,0.0420858203856237,0.000802749390778443,1.55186420457378,0.0410424062120722,0.0952662983796656,5.23954157139902,0.265720421128443,1.06321616030862,1.398722525741,0.601609325388159,0.0117686928171551,0.240322991649272,0.678295097148865,1.91570998899914,0.433305674444816,0.0225862392778465,0.088487418541918,1.38438707242765,5.14169753787976,0.0167474283172272,0.183881364567328,0.937386792801353,7.08001650088683,0.0507448244610129,1.74689855725482,0.21108235102122,0.288581141962095,0.0164546142597837,0.27042888657068,3.08244220239117,3.24789327018487,1.8521691954743,0.173954130041079,1.31357754456378,0.621977249276925,8.4576194323453,1.61278357952968,4.69328643319668e-05,0.00123431765086843,0.0908109438306813,1.64214208104293,2.09604691713075,25.7587729850603,3.88369074678049
0.226709062223142,0.0620273137797642,5.40633738414109,0.489884603382907,0.0212674893672178,2.24510146895609,0.663476350655527,5.2467855219342,0.000655285931610614,1.33037963014455,0.931275376603571,3.3072556260191,18.2024867537443,0.0168472661219697,0.743307435439545,1.94843165968804,0.00549236199858724,6.8259161642674,0.0252093273348799,0.493612565540421,0.526363964257456,5.16305285697893,17.1281061971978,0.560937244801958,0.0752917395564506,0.440414052326167,0.0603103371122443,0.2776159075928,2.01677012731908,5.22653440850744e-05,0.00528674828741323,0.560447431406201,0.0757807777791785,0.83396755065079,1.44541606320273,2.34101118455824,0.442275973410594,0.0824652003095111,2.43492528432241,1.64868722658085,0.179087746014977,0.0281642264900777,1.80528910484572e-06,0.404939743605097,5.4491434604471,1.15590770394279,2.30957083042689,0.714492570743186,0.413776048821863,0.558846739154515,4.4744323447956
6.50478552551133,2.60472517760117,0.125531960726703,0.083712431037649,6.22378666024002,0.049224200361018,0.232936633423938,1.1587800080207,3.82818417817673,0.092223645726296,0.753981842758833,1.89711879009004,0.175640550775124,0.801244401211176,0.113648402752926,0.0370801798716063,0.293210593591437,0.156875945106246,0.489092385802458,1.0348478727492,0.0297342852123187,0.233025592743839,0.999176560468228,0.341672436148904,2.04449819448617,0.0461060931038558,0.345434679811595,0.573032381412165,0.0171043095992059,0.000338327496356744,0.0956558971726871,0.16762663305079,0.0108398987022513,0.673903982543284,0.656445438672474,1.49445820765076,0.46908190040673,0.0988083931046177,0.0660573881411802,1.34093949942967,5.39882298176138,0.161796426820286,5.32106801801771,0.360672275060938,7.15828175483554,0.204834938028279,0.178603828782482,1.71715383098808,26.6936504346403,12.2778022967659,4.1667417294074
2.13945611484263,7.15098769598595,0.0419711570567611,0.838118053706943,0.0644857764667403,0.844355664861003,0.419147830583164,1.23198347311755,0.776621702058577,0.0100624579003617,2.29109719664856,2.78045874597701,0.0253143255298611,0.171477516226038,1.99804356080953,1.06277244524875,0.0168385594748214,0.211020903056462,0.371389018580085,0.183918283736714,10.2979746054172,0.945166084057976,3.3190430579371,0.228370795618782,1.32907996666276,4.89638147007797,0.0228994338707296,0.376012065383472,6.65043790990184,1.96948235060218,8.27883776723539,0.869983542465413,1.6252960812867,0.71820691613929,0.0938457773477409,0.414679174902636,0.502984699589679,0.282174181929981,2.32686566297991,0.0731722590813432,0.0729357215614634,0.304792544960914,0.945629289529502,0.402551710933797,0.329905814785497,0.383543815927625,1.34404875770807,25.7198684597821,2.50665875018834,0.133699680121892,0.00595117014524077
0.297783743570628,0.0843040226924363,1.21454192188927,0.453570393556738,0.0277907996922903,2.38934911024022,3.845477435707,2.75335473618359,1.03499608437389,1.5797101862812,12.987572407795,0.00377639108025046,0.831574347977018,20.8314222153635,0.512319504130885,0.700676645628534,0.385168495922406,0.648046869825157,1.38862993943133,0.286016798344238,0.0241617269055586,0.000173236205914163,1.84484431563246,18.6086339610531,4.05569302492113,1.57320454205215,1.4080374989654,8.3326268816658,3.38764017514048,0.0714571444245637,2.22527976227751,0.00545603319969915,0.114172674121149,0.0569482731328377,0.590922243323408,0.31587955543793,0.271753067996152,0.0740234408021548,0.0464661408155877,2.71243382150518,0.250288578360692,0.693897033496952,0.00856381318959223,0.388147558805853,0.205720065732463,0.0362243796298696,0.037145248424218,7.8779279194385e-05,0.0193662482114378,0.164069642339505,0.220609083266479
3.32984162091413,0.0075847590824274,0.0476629673000991,3.68074802076647,0.516145089884797,0.405999547290881,1.05474860528652,3.12812888234322,6.80173802458241,1.66364089927557,0.32613605619079,0.199642998681973,0.00885546752519028,5.02534237491991,2.30162966502789,3.7373964341773,0.407779427642618,0.0173054752666477,0.487234344722502,2.49358150588764,8.48978113205092,0.946135106256199,5.04670224102468,0.6350405952494,1.84135267516452,0.261697788720506,9.96542272509269,0.469387616426397,0.518058412342696,0.492518057977594,0.327796185460759,1.35745778058413,11.3430427959665,0.363657968593709,0.0192754527846439,7.21355551551349,0.485963248728693,0.0623800299257042,1.76195808606009,1.94732823003194,3.77993505584066,0.304414012253005,2.20856262293039,0.0979136856940872,0.0222606070833875,0.151716546521464,0.486573830119377,1.15959126648822,2.5220130318569,0.0637426629543492,0.0136228675339207
0.0991632986416939,0.195684232865241,14.918601118637,1.57201971437813,0.051692733839897,0.0234992290863301,0.615411828004946,0.555625578109836,0.141530233332608,0.0437748417646583,1.2825633527139,0.367701400425915,1.95423262078533,0.000750379173209126,0.252075573775157,4.68390714723659,2.13735937230905,0.634131317002487,2.81851012502797,1.00418790563554,0.0006999108808756,0.824710346527764,0.221331939121887,0.435688675778203,0.167289889326787,0.572828982026808,0.974219763366818,1.15905273590773,0.282719742431498,1.48010441503686,1.18667306978002,6.39085188405007,0.000184384903110082,9.81941407727468,0.394284299220833,4.48422163616273,9.46382727063901,5.35917989175401,0.315978753781723,8.1510769116776,5.38670329971509,1.02286191932364,0.274356746996587,2.10880880976519,1.10475653783504,1.64320812701544,0.752873542225106,0.137579255196766,0.0807024399265738,2.32178787254353,0.129600867062444
0.83339054290441,0.0211839736352577,0.672246541713368,0.029064770105081,0.00217447408652175,1.89010609187294,0.0276736306995696,0.340010756466665,0.375600753495116,0.000923170543118906,0.212239490443561,3.64242723196983,8.17183565108077,0.658995305870341,14.3839415049623,18.0701072957783,0.479627847179965,20.8851528511218,0.00302270096968337,8.07895250192762,0.312539395981911,0.307928277275104,2.54375990057468,0.146235385164343,0.451870557951117,6.05912503199856,3.96624932899381,0.120660446195221,0.0509412658486828,2.69789704428456,0.229446259658917,0.199955937677993,0.0392214724841625,0.078324075788253,0.0414701301335413,1.53737255695992,0.206048114481364,1.36480212168705e-05,0.387799946440957,0.114650958662083,0.125842325491044,0.0488619868879115,0.0131696772738208,0.0431073300309756,0.0021983283387062,0.611929702418159,0.51847542237812,0.0204551868897913,0.0209595134371592,0.324493137014017,0.000320568437633808
0.0850386023901221,0.0891518366808076,3.253464001309,0.920175522086514,0.461557741787026,0.0134051567699779,0.0467107848718367,0.0324553573650581,0.326280021232689,3.70846799737962,3.77375895365355,1.1056850963345,4.76532925358792,1.61507233209044,12.2613430431797,0.152859068537731,20.205649567204,0.657647783272142,19.2861186744534,2.17792652314594,0.0724001474939262,0.00288868642383021,2.4486645102987,1.80757151857395,0.0021266190617205,0.00019345853928124,1.09005909167703,2.16031307808647,0.00461518336694403,0.0809163485419482,2.30544833495669,1.1402587967158,0.090720172219793,4.89531824251202,0.232030311291474,0.655847703150678,4.142862038651,0.432803321370808,0.151714144263427,0.174208901734955,0.844740198166632,1.10629908309721,0.231764608259761,0.253197747814558,0.0824709491487124,0.454882764857349,0.111825223416224,0.0111561088913208,0.0592243285270713,0.0104733076952467,0.00490775386345881
5.79044639900355,0.000311210511087879,1.41814385945254,0.0869753963575428,0.813407817959835,0.814594853414972,1.06046325927707,3.37037798107689,0.00257211320455807,4.24946260237785,8.70181634996118,0.192981631526206,3.07234938796268,0.0878531917436991,1.22029283671465,0.498533355844557,0.402296953162166,0.0937183995264413,0.258338255652843,0.126661220118247,0.0944826483544336,0.212133585129016,0.0450775933793978,2.22180183369847e-07,0.229218415272624,2.01890764939421,1.10443799968153,1.10428365209204,0.000374171344426854,6.51129570436889e-06,1.07344310343978,0.363201888672533,0.239533232938261,17.5065086233692,1.14478977696811,0.00160732008220731,17.3859179068014,0.714583704464624,2.74294617347134,0.813197649879118,1.91432981708728,2.62906858888825,0.491770415372726,0.022110660375727,0.0322076342351199,1.87164273384643,7.84054220799929,0.0277323219253947,0.0549552922432479,5.95388687929749,0.105504545670422
4.38886256473203,2.33767785967249,0.682879902780944,0.365330023467264,1.96623423817655,0.320207059091114,1.7313956532757,0.512229060484441,0.927397885801237,1.19182977403379,0.314439219635729,3.71360582493168,6.11872604168709,0.234663157829073,0.015133596426575,0.811076429093279,0.00571893101695892,1.19037581270916,1.61917492067128,1.00689944123979,0.811524499848028,0.612897689156092,2.00207839890567,2.57899935265723,3.51531886020475,0.477702087845559,0.293015011581,0.364546983580566,1.39038731697088,8.15940527879278,5.11596959003704,3.55579657609567,10.1295560565423,0.968669420254867,0.0034713476040287,4.43399912037763,0.471026055010201,0.566744851269413,0.427265815003407,1.1757649953425,10.9648431161844,2.90794633173388,4.49558730766102,0.143056072404322,0.0607760540772518,1.10766578120552,0.131394604680635,0.163996032710849,1.84205819139884,1.46130546241623,0.213374341691268
2.00058148844155,0.0239006890573071,0.0501868419386555,0.112358868630509,0.216640688409535,0.837756495345499,1.22016303187371,0.539845225716596,0.101996556791178,0.0348085279919189,0.491037582657416,0.751438170839218,3.26826117774916,0.0759656567279362,0.271471210082598,30.4805533466875,3.02574498641326,9.15099867745477,5.88561899542845,3.30948872187463,1.77469405197131,18.3284132342953,0.582037589278228,4.1109636887661,0.0395503481444992,4.26051472379253,0.0343325210520247,0.0177281074748844,1.06730369045145,2.21024111540706,0.298702069727779,0.794820822316496,0.163640380350582,0.580615077712328,0.404568584400503,1.15328192151355,0.0125936673534955,0.533168556281043,0.0776604790464434,0.180089397500328,0.735618380910316,0.0679997980348128,0.00501689593956171,0.0821140136945615,0.204487479639727,0.200529134350827,0.00037248181255813,0.0336130742197839,0.150794048497576,0.00374079222756239,0.0419769337254448
5.9376244381907,0.724789182488961,0.691795591243002,2.05910713369539,1.02475930757987,1.01301675744693,0.110336610599845,0.767223738022787,0.0452939430474758,0.438795705309173,2.23845080003761,0.0321456741801042,0.500849091143773,2.11026171681371,1.15066924436178,8.78872714470586e-06,0.181596767760665,0.225954413410915,0.202481619433934,3.90395813459547,1.30341530694758,0.393159937005333,0.0359420130258173,0.160314510824065,0.779020027038445,15.3813500694036,1.44583279820229,2.14920987480358,0.00559603386002465,6.16508139964309,0.660085979003948,0.00040335179880144,14.8134447263036,0.252351469875382,0.00656532558973606,0.232594458634369,5.55798126611536,15.2616343987361,8.53354509337299,0.162159930631088,0.216866626022547,0.248972105705719,0.854264706214033,0.0657780283042943,0.0557932431710853,0.352357637851557,0.0184053061541818,0.0244773682619166,1.05799121419499,0.427370667045133,0.0189164681701089
7.34267465973059,1.17187576035072,0.786424254137326,0.675609271198888,1.04431002052467,0.412609601437493,1.20555594148135,0.203520377303155,1.77075860767263,0.619288877861031,0.182865286037487,2.86400764601007,1.27507874811784,0.121771609339335,0.0472408415623435,0.590978771710721,0.0168800247113992,2.14599554262087,2.28216793779313,0.0372681619168943,0.532745644982439,0.497450047996158,2.68523439394623,0.00525283308922389,0.178858385518795,0.609446369163231,1.54967975663605,0.00215732390652638,0.810616688077204,1.28133354628172,0.452626269018463,1.28698901859307,1.51883106928278,0.0930562254103478,1.28447850470231,0.0666338255159214,5.54800171590567,3.23503804364305,3.17580868877287,1.25563542433324,21.7155157170804,17.0630138709945,0.12361677819891,0.420164583146658,7.12177557971556,0.0144166574906661,0.197799060091973,0.0336001104565318,0.144091161290129,2.29734512027702,0.0019056449644458
5.29013290333812,3.59708919170545,2.82668161729937,0.035544696871528,0.626296832316973,0.953642834226611,1.76743670707798,0.952393786067119,0.00260213267134859,4.82998187833161,1.7015931692572,1.81675273510128,0.151794510632631,0.0220153217108518,0.00876210620898909,0.0865876697057033,0.00505255631957136,0.0528946402364474,0.422252503409363,0.427854128023204,0.00969178515801626,0.0358521599100154,0.12875167805802,0.153075845421086,0.00559353261917313,0.998412021519383,0.143081796976451,3.54693465925263,0.294669378382046,0.339638360425557,0.050413691746467,2.00617254803471,4.41860292897442e-05,0.193058527379297,0.0222353226465084,5.79275160761898,0.182567240437122,0.281264951948648,0.259227116513152,0.0107861075291432,2.09572187012448,1.74785823791223,0.774852457451235,0.899517395566674,0.557068153764683,16.1511490815116,23.4170918648682,0.0199854713120616,1.37413929394248,12.8853810367933,0.0456506986359686
0.444135505074607,5.32606972177303,0.0223855692693794,0.841459020579911,0.220112143943231,3.37975216870356,7.92243217304847,0.611692256758385,0.167461112853918,1.82024952845799,1.00074340420436,0.335577571803964,1.67052910168739,0.823108869339157,2.01586994859905,0.00938528471634921,3.28649811509713,0.336860299179507,0.76807452049537,9.38537512957899,0.630434321750165,0.757028378926492,0.412955208402459,0.00775000140366002,0.0343566308109555,4.75600978287436,0.701331781453745,0.00367144311327741,2.18648380517463,0.0292022910597684,2.07797355974345,8.21226621710087,1.11923819066735,6.73268595257719,14.0961313875349,2.12039427377999,4.05451204009726,0.511739881503813,3.23978526494149,0.365000082386432,2.0996289304903,3.43086079384064,0.037909451177169,0.0096100216154004,0.00589259093746004,0.10797353758449,0.453570522984722,0.444143002524046,0.00587982425096144,0.904275529435489,0.0635338546933253
2.58426352941874,1.48593282043984,8.83227481596693,0.523193062411448,0.312682150239582,0.0759873111369636,0.0510255082857809,0.102770896895202,0.055257842093733,1.42699682331172,1.80657557908002,1.83254930775005,0.635754256855428,0.493669331685431,0.609673422729985,1.35351208237161,0.0124708682556831,0.458133671954322,3.03175755086016,3.49564563323847,0.0111399881680685,2.6407467680542,1.38062762135282,1.05745802420237,0.205919282889237,0.00368628486005767,2.27560999168328,5.94074277190726,0.265821010181536,3.84200189957697,1.4043016709826,0.360121968378902,0.216924373775194,3.14170785402708,0.159852348179636,6.99291579976454,4.4552959310827,13.4598908728408,2.5418984501394,3.75761969133488,2.82079232182713,1.87591411337686,1.15625557797934,2.16859828798652,0.648359281745688,0.255720481340341,1.98678491254838,0.0118428198893992,0.772923099790914,4.99998757021982,0.0084124649329233
0.0397376051253429,0.078129991630852,0.134862452492447,0.0223110486096287,0.0190006273944615,0.990931653663782,0.66859765256476,1.46480749580408,0.0853444550077075,9.36050591668,11.4776637977149,1.47219344193278,1.7979313153531,11.3216557933153,2.20897224682038,0.548053225168388,21.3628617914601,0.508401490904606,12.5946608586801,1.91469909629782,0.279485031637769,0.489057613698453,0.637749325175016,4.15390834554519,0.447703485019593,0.0718433904819566,0.452500631592671,0.962378245199517,0.0207721726538049,0.78216951637334,1.0028394544529,2.73149086701528,0.233579287200462,2.96255457032354,0.179191373777395,0.732245904458949,1.27518960457171,0.705242418099935,0.0869052545995898,0.28274620767242,0.982941362320902,1.0966969512601,0.0231607445347769,0.101833040972474,0.117349322237588,0.468360936282564,0.341601587373813,0.00495388995460287,0.000883822295140821,0.239626475965401,0.0617172106326536
2.6797633363646,0.204915304115012,0.490581197350909,1.39638953382439,3.27949321696708,3.84132980778421,3.44722101771103,0.0617232594528,2.72411894275377,0.988290444030446,0.959899966980574,1.67565025666792,3.84413169374026,0.0629526698132458,0.389703299240599,1.24233902237572,0.211348113082439,1.04411044403686,0.156136449130309,2.05880086910399,0.0314367924446546,2.23167214074212,0.23616168945499,11.7686256262639,3.72355186091533,10.235376666726,2.99427073488297,1.68999312412643,0.0385118262998645,22.6041921302159,1.51091694825831,4.39714421388871,2.27351827395263,0.740986797685264,1.30834722045976,0.170214252490825,0.0157463732585476,1.21824868686728,0.120841372570884,0.0440866817165609,0.318371999010518,0.306075621469889,0.400358799599446,0.0305777363790463,0.269042861962603,0.229648482713409,0.154925937839912,0.0300354681430473,0.0383975162795643,0.0615505502486837,0.0482727686068797
0.0085337431259563,3.99182738772467,4.01594108246895,1.63950925689162,0.212646297509347,0.0562369949455155,1.42102935372066,1.1435502910931,0.267396193669987,0.488603140018099,4.67000950855285,0.881774134033988,0.958872727987832,0.562646251611677,0.364531789777204,0.0738704904521331,3.84859686666023,1.83622329708668,0.116919819253767,15.3315809593249,2.17282569030384,0.0557753802689363,1.61915677423817,0.330059733724797,0.0204025717694266,0.445589967895408,0.457279809093927,1.06779692298518,14.2483207579338,1.29369599657138,13.2674326552386,7.35117751510437,1.96737635818551,0.000531887057674213,2.50821727828518,1.13262074556551,4.52885332268901,1.06830788240184,0.862839295778605,0.482626968133416,1.81742958617822,0.797500607766615,0.17700505548202,0.0309510745706144,0.0819764891939162,0.196269139138608,0.0348717372098896,0.0141501710799284,0.0128380372463223,0.0385874663740389,0.0272335366260586
0.79157827260563,2.41823689683367,0.45944212987256,6.63810474825322,8.00994448814471,0.00223045487027062,1.46655495841594,0.0214905290224509,9.44502578755953,1.4916410061275,0.00373864571528935,0.410040453047823,0.0767284442467639,0.0677504293513549,0.607151182093646,0.629907466497857,0.394438764943187,0.0145271727576199,0.0639046360727435,4.44920814038669,0.376427568808689,0.014644768759811,0.364911890844458,1.03608194214975,1.2545790875557,1.28968095043107,0.0836445251401007,4.72632193571993,0.621452131495133,0.541974238544489,0.75169728628248,1.44116845419083,0.150514176043282,2.58057735321023,1.38715690646274,6.95558578644142,0.562527683932968,0.0710449505224973,6.78697718463544,8.33723944093392,0.318739516094402,0.208397387375693,0.2736679804928,0.188505388051132,15.3656170158965,0.191540796378221,0.253190481039081,0.00645875017674386,6.11685949409154,0.190569935094952,0.0906003863855343
1.4784068463697,0.0152500695765615,0.293405955721969,0.0263539348970919,0.262907806584797,2.16214549888212,0.370633817058791,0.00253033512563917,6.11772314030063,1.64111504883284,0.0293508744513822,4.84067276381154,0.104259519368683,0.363756881694534,13.4837875603349,0.666624565773277,12.8184206253882,2.92188449784053,3.12625036348117,4.50223282113183,5.21700243798578,6.55242830747374,15.3745511815478,1.0281514864553,3.00089229167281,0.511894754628213,0.376832185608712,0.0772633635615864,0.91381956983014,0.0537140932158207,3.94528500164313,0.00225578134943881,0.4714858633845,1.22952804697432,1.59124974414908,0.576677859163099,0.836636451965357,0.378018555272316,2.04001224116668,0.200470089024601,0.0732186393224471,0.0380722557740323,0.0274867169777665,0.059861600227776,0.00491288507471841,0.000590246704517769,0.074611392657349,0.0353751020981992,0.00477039396097542,0.0739104848329614,0.00130804967062476
5.63138543239572,3.93258466231448,0.298031696191012,1.28732395190636,2.03494871398154,0.583277950947499,0.160452366178771,2.56498546326487,1.67814174637519,0.883989608961868,0.332920835982497,0.192015454528192,0.703622164351334,0.00190698029309527,0.228696601303423,0.788908754109847,0.445417361962639,0.0401750533855098,0.232097365425489,2.71341358756984,5.59785502490951,5.67134641868972e-06,0.000180819522348954,0.218346533167346,2.79771057152046,0.471526359217453,0.449809085325444,1.17293825661119,0.202878055402462,0.061036489908694,0.0214696417448478,1.02796493807954,0.255093179235225,0.179980380809522,3.34390547971334,1.37307774437779,0.373702789303892,0.457810869294968,4.64323305279842,3.55659039158166,0.00791318439709854,0.118509435039656,2.77051605300811,0.15716199292915,0.236008547126613,2.60575883097011,0.91906608229245,1.80627854760301,1.31528709698427,0.253249941988838,38.870839202361
1.83324083724306,4.61628163828184,0.0367706643499961,4.94825274305301,0.024758500125954,2.04013526498812,0.0885250234226208,0.712516744452395,5.22133264259481,0.0340215874386201,0.366922980221499,1.38278255211046,0.297380285233211,0.235783903586155,4.11160841882584,2.22081709071044,0.610474282106976,0.29438909496611,0.748696126048517,9.46699439360265,2.18871210656808,4.32092146981232,1.40472236295508,0.395784914250974,1.82661128597386,0.201205913258145,0.969942536918728,1.60139473978641,2.32644628383921,0.827522866476017,0.283480883985786,0.931329156108454,0.548284422327505,0.112506907681696,0.167732761001085,0.366937790520205,0.0341016241365334,1.63627672168155,0.494362405047534,1.28090576324559,0.481513400093099,1.05818114081137,0.850847649543702,0.0732428084131423,16.5775097670558,1.01140953172924,0.0918126487477568,0.0349399516369761,5.70990564576203,0.338215393425593,12.5615543738442
0.092202081683978,1.63309988288749,0.643400511241044,2.36019515659502,0.702664878947071,4.04476467045001,0.916681015581162,8.18214192614567,5.17817180684905,1.35836415898395,0.467226956634226,0.664723017265991,0.337361789938297,0.420537610517329,11.9185141621511,0.0202587999867721,0.000446397087760802,0.379750913341827,0.0547112578184348,1.26890829720107,0.771830688077095,13.0658955006749,1.04788298151241,0.100021944863028,8.22661545221284,3.41931998529674,3.38994212202653,7.55496630642699,0.138724599982035,1.90453700716383,0.000174463220310643,4.29494267194955,0.14121884953435,0.324903796140365,4.18149094911386,1.35180046994469,1.00540552414631,0.643617574927233,0.134192339815599,0.952276657323501,0.0515189276023741,0.388808640769962,0.229059568742342,0.00958115314545602,3.1656827425007,0.324946529383562,0.0140001586210156,0.00230219959512577,1.04698828626448,0.0629128758670424,1.41031374184847
3.53075850447709,5.13704507568373,0.0567690882985835,0.782289645839705,0.460013390517772,0.00234763769505629,2.24357982484012,3.52106986457054,0.00662262080949276,0.342757601483035,1.1520876563948,1.19646427645423,2.91370782556293,0.0794871476321645,0.00457492207979816,0.575281676093988,0.905719246316866,3.16232364583885,0.548744267698383,1.1907843382102,0.661345071120395,0.00735574156150081,0.249452970942851,0.604376753422361,7.91033886094027e-05,0.899050903827172,0.0514356333736041,2.63826158891226,3.93944690309152,1.07467388170216,4.83490308562894,3.83131883391082,2.07772817416823,6.23089185131696,4.02282181606258,2.10982938483815,5.92159816889309,3.00226743896834,5.72059132678968,6.96746724453582,3.44752380650711,3.46594193748762,2.26974584026,4.32559502073733,0.0547585803285702,0.5408018270357,0.0158528349724909,0.00494837500422455,0.543364461771835,2.61866791892212,0.055475264020591
0.415089125876864,0.379034585783416,0.00898421642329959,5.6252004590618,8.03806026202863,1.798836585493,0.28473173512605,4.89163712404214,0.380926121265212,0.24415446497536,0.00728757317494221,0.0203507399352851,0.272108884545216,0.4413501833623,0.105571099109257,7.49633260576362,6.63024166737871,0.00236355035071138,1.23591571985655,0.00684235918457989,0.991475090007078,8.19873847968827,0.843247880203881,5.23369502830349,6.23677938863109,1.18810883525292,3.38205503386954,10.5820672014454,0.238234879043829,0.640710389117059,3.38623638236936,0.410054922536779,6.8967622426053,3.91332836197322,2.86966307189831,1.30336906736187,1.0334798747146,0.0240600721716539,1.75658696145989,0.571612468906437,0.242030007667173,0.717163968056276,0.660218144188265,0.12938715930807,0.160534274866963,0.0669711515220637,0.00511493634471234,9.8860263510597e-05,0.0274819715474098,0.00184938381240152,0.00386544812621801
1.09457775702285,1.46219981514758,1.39343337100241,0.0818761931643348,2.50873210283512,7.99739250754955,10.95504884227,0.881771956336537,2.06770999888178,12.4874184850711,0.355171582038665,2.09147431539764,0.282503689295037,0.0908949225060512,0.0153111259538928,0.546642111033865,0.00898291064917984,0.595929323149684,0.103088536539097,0.446812254848771,0.0120759008548424,0.182105513612252,5.24940784134263e-06,0.0683479507783287,0.00177755670036025,0.0724054923402158,0.00202074546517217,0.148682719382881,0.0126381351390975,0.788892048856091,0.00385066963319082,0.0783580424600624,0.34292268817702,0.0007973716810185,0.384573605892278,2.64581958915375,0.231405543496057,1.22352216075873,0.864851560545861,0.115820903448067,1.75591292274055,1.27156009999186,2.65370522764704,0.494732630753779,2.88700241306677,20.2914019650915,2.89406203428582,0.117154805262296,2.49402786312477,11.6695538586247,0.82304093093469
0.150350885685455,0.367291354809216,0.92760277367262,0.208589596839367,0.78830457022624,7.62555006649659,5.74467741031307,0.923608684375653,3.12261521438486,25.0804022735187,0.244972581666643,1.76377388213816,4.66315594070353,0.701282652735897,0.68281386450104,1.51888581559139,0.142271716614989,0.0912145833027574,0.532743595671242,0.977578871741532,0.237096664891052,0.158704378342821,0.371306515913908,0.0191901730685317,0.0266994940815771,0.334222632044255,0.251957563195301,1.48538707686446,0.0121287690728144,0.0840576508479937,0.00657658274516739,0.800194621696585,1.26573479930646,0.0128097174504472,0.0836683909231448,4.68669099599652,1.28762135112393,0.218324682130851,0.327501650261711,0.396500534212231,2.32511780775982,1.22920181346508,1.6122477054186,0.215523423981112,1.73780557505895,14.1398723649001,2.75184824155397,0.078281916563444,1.28283211144913,5.65720273115752,0.646005729533517
0.0143468068953603,0.000311514053611659,1.62215021572175,1.42684853926004,1.4806446964343,0.151807388952365,0.104218885478116,2.08506173731796,0.393417697526385,2.39664203336978,1.10021252512059,5.6246101207769,1.47155112943578,1.32225416825389,6.93679121720396,0.167896907329182,7.50309771076089,14.999583480768,24.5601505560615,1.20487540986456,4.32808086219524,1.51269292490439,5.65472381480572,1.33693673637448,0.00942135740326805,1.43148801163326,0.00178778232364371,0.0170511143735491,0.0884645841359061,0.78093445807622,1.87773514584957,2.78294407335371,0.982178663034579,2.41498709953693,0.269641416263927,0.00121975550505271,0.247245919704961,0.0878869165948034,0.418831618420844,0.336169756279632,0.338461568401914,0.101966506929476,0.0416759938011729,0.0629696526537461,0.0574491946709979,0.167483951955851,0.00595643401296963,0.0184471976884571,0.000649275260915164,0.048151143037332,0.00989433023255619
0.162665855181285,0.66908830879314,9.29931738517672,2.68762026172063,1.31385258260205,0.109637564196916,3.74632044717515,3.39448884504706,0.320267702638371,0.0980937307564559,0.538735790551641,0.0145916239441886,2.16206939684218,0.364979848970338,0.201278029157181,0.0307430702459465,0.319165639118229,3.70512328166465,0.00156985252004495,0.245328551033645,0.0143903298977402,0.266560896692041,4.81887621027307,7.45860864683461,6.26094754850302,1.32592352781942,1.5238939037642,3.87824565101214,0.746099548783787,0.22308862934664,0.560770664329275,3.70566097582589,3.71734087537893,3.85164428991211,1.00133014012569,1.96706087159039,3.29912423092822,1.02316989862519,13.4748652005894,4.54940464729731,0.11303021937999,4.22929982548246,0.527122426192121,1.52421813103213,0.0137486236432477,0.441858736262268,0.000347603385968414,0.000297516210721576,0.0112643065319705,0.0774681086189629,0.0094000483952654
0.227474853209911,4.80237381414633e-06,2.44513326167636,4.83368200564412,7.22290697330381,0.0253414706158227,0.013895514021712,6.87655105312818,0.0497444546320548,2.620173254064,1.15164780485383,5.74377040773772,0.528590944552091,0.177640091137206,0.205124726608657,7.08112091099507,1.07297700708695,0.51989086573261,1.54123558902086,0.00733855817744086,0.650258536216265,1.92410693787614,1.46726806886684,2.78145683229176,2.67162850072583,0.267847384776051,0.455144321733176,0.401830916794946,0.561916382254421,0.71375901544392,11.8721738307653,3.32855048410879,11.354209508337,0.814066380101605,0.161186972124812,2.72568490022318,4.14873241469446,0.0153001691222861,6.61691137163986,1.16893279301181,0.233385735444194,1.99740775234505,0.346746597977328,0.565033703300683,0.0548114307070879,0.0211878402650485,0.148116704579329,0.0333299710016684,0.0565153347107873,0.0982339627251164,2.06972629641622e-05
