"PC1","PC2","PC3","PC4","PC5","PC6","PC7","PC8","PC9","PC10","PC11","PC12","PC13","PC14","PC15","PC16","PC17","PC18","PC19","PC20","PC21","PC22","PC23","PC24","PC25","PC26","PC27","PC28","PC29","PC30","PC31","PC32","PC33","PC34","PC35","PC36","PC37","PC38","PC39","PC40","PC41","PC42","PC43","PC44","PC45"
1.31640349565038e-05,2.86014084089984,0.0274315162604797,3.1587371333864,2.64939651315515,1.48852762189177,0.813300393437684,1.86866798336945,0.30650379381126,0.000664352961153755,3.32967524562751,0.0296890156532175,0.452757392392161,0.809508830276135,8.35254255788196,2.99095610649878,27.084213910016,10.6883247726924,0.505900651600344,3.19804172305952,12.1942014947757,2.98932908333692,0.0487648247569666,2.01120188309089,0.427937619795003,0.10436405130288,0.596066492084374,0.304185087298798,2.37592531228614,0.707779113778005,0.0281143853116461,0.4102611222546,2.22992958917094,0.0546700787697497,0.0905363126603657,1.60881696845602,0.459000463450472,0.105195367238742,0.2059146845015,1.35274386285738,0.915831962618472,0.0169338398173077,0.0354440729583089,0.0253793506973262,0.0864794578252672
0.866876913926035,2.30428121618208,0.68508859750327,0.268688339435277,24.0657689465761,0.0410426181695459,0.269499897029031,0.792669100597361,5.6530243589654,0.149916488869803,0.292477886085276,0.955518646708038,0.0468627175789017,0.16165693862892,0.468708831362195,0.112253372390606,0.013564029697994,0.0460908289504717,0.00289571398212533,0.123117131598771,0.0852367951438854,0.0172386461571305,0.0295583362398144,0.947652030323238,0.089751772524564,0.309124800320985,0.11387648397128,0.00260137120070254,0.102818340221294,0.109379818525951,0.0187503297751047,0.561776955585309,0.00435309899707912,1.05595098454068,2.90699518276329e-06,0.0667143378307042,0.0201011687431461,1.1124457976793,0.118067531674022,3.24111108962315,0.000190501138893652,0.475606910701023,22.3173703448443,19.744223095144,12.1360939778621
0.0234130545410839,0.816065547067458,3.52830685087474,0.482582160468145,0.748938930697524,7.06536326425171,7.81786921352239,9.35287784460843,2.23959126847435,0.21250106674585,0.0144776870192421,3.50384124192342,1.52638071296434,3.03953199561928,0.222892100381385,5.65806113323466,0.259810125350998,0.0827567852999498,0.222822140071358,1.93463712516893,3.6385272234106,2.07757664676716,0.230670239716276,6.49351439511283,5.70298429353397,7.14331291708664e-06,15.6169232479992,2.60821913933096,0.0233081960166389,0.00528337211204556,2.64456767197662,0.274199802833259,1.97350964496888,0.157952140920398,0.816030978957441,2.06447833466773,0.178131344137361,0.0275154891198905,1.27653450120323,1.59340815157503,3.14141112774722,0.106373315377586,0.193961448017362,0.34864680907159,0.0535450938285154
2.77297696671743,6.99596590264902,1.12680665393614,2.6022208725413,0.00025728112881287,0.0523737354425035,0.266079930449883,1.97855820207643,1.89374066557297,1.69314347753732,0.427913924421705,2.97362144241498,0.356228746466158,0.272520994816772,0.205856975396905,0.877295645438055,0.154995886217425,4.02350259042953,2.70283255478502,2.02486543448579,6.39821221396287,1.49135488846972,0.00259574355489101,4.56280924581828,0.365818132624598,0.00470047593782611,0.55839244652872,0.117399035426287,1.29535975795002,3.63824514074143,0.0371816931401227,0.0422950558469657,0.832899726609834,0.193386633603,0.092174377235602,7.16787320466607,2.4390239382032,21.0509821587321,5.90589593508704,3.56159258176632,2.92311900720495,0.184338265842726,0.120838185675564,0.72717107658494,2.88458319586271
1.33398122541254,7.79647624104418,0.821097808726059,0.670559127904983,0.0470997431098831,3.05966435272141,0.0830635880705143,0.245429149190278,1.35938249132659,1.66916310103752,0.0474796168295237,2.31246749628077,0.359236913929217,0.500373562754093,0.0847736163981735,0.0928341168558621,0.64112423842937,3.66250993339363,1.4792637785333,7.83695995616471,4.5734252232224,1.33031355726229,18.5207622873132,0.109946822182044,0.667736680477629,1.5970561867982,5.04273683026017,2.74145440444887,2.60866101769555,6.02906689639056,3.01398634003161,0.560913301712478,0.00123157971493718,0.0267006361781936,8.53081265190389,0.591520880790103,1.26888825614723,2.53342509707226,0.0997748449797372,3.80388621784874,0.735591960635737,1.03189511431149,0.289909703216992,0.122549737119816,0.0648137141732646
3.6811132374186,0.0662987947872062,8.11323028300333,0.0176332659203408,1.69421252070322,1.24660324887018,4.59842334947642,3.14846934569108,5.51469256018961,0.0143744471312663,0.0513050577038674,4.71482507145032,0.504673750350403,0.283798068236843,0.0764990002818283,0.142200573628191,2.30761917892106,0.219605076906685,2.09378370003041,0.230011881719414,0.703541239345392,0.464109892755834,0.350997532815599,1.43805938209857,1.71017649303965,0.757222856967607,0.165499235215466,0.531660687317535,0.180464791393411,0.279560074281061,1.04497969066152,0.586447396765666,2.6184645180317,0.703681602487354,0.0895752214773685,15.7168800908815,3.03342365835748,0.00498606042521107,0.224394285076968,0.0399814557553328,0.222288592880665,0.715210549318668,4.78623378664017,0.882550445674832,24.0302380479152
0.491059160818552,0.466929409120372,0.531641537760936,0.72032905962588,0.83990717117413,0.829282595027079,7.68615232902488,17.3182775229963,0.120741075570141,0.80265311801415,8.86007288797095,3.54324231033614,0.146699499929442,0.00124179164274908,0.173642053861795,0.496210913188853,6.73173570083697,0.81965841382122,6.30393166315629,9.67293106420752,1.83840005568294,0.506247240606553,0.0935993540131226,2.32472129113277,1.04707901625868,8.43608976999691,0.483463892097816,0.37393529987087,9.94536636718394,3.21798171421435,1.38596674940628,0.647094732370794,0.53685019081533,0.0667505357090819,0.913486077294867,0.989814439402879,0.219815158791772,0.0128434639614077,0.0854082842128786,0.149066941921429,0.0938399230464654,0.0336668944521423,0.00585734091249202,0.0357524623639111,0.000563526196105072
0.00111661204088216,1.44741900530513,1.07236053125025,14.6453223609234,0.00430058054804299,0.083722126129936,0.097947530739546,1.83195570554991,6.01400636955321,0.991515749760783,0.318432199108132,0.433723198704667,1.52430258181281,0.712421685348274,0.0441875842848798,5.56238256446002,3.5046103465877,1.1426153297243,0.203883464138408,2.11728404439486,0.407631430399732,7.97257393474337,6.1250204170335,14.8530766581204,0.351231995298533,0.603876073521714,4.75482774081479,0.206926531540345,0.444048985609768,0.579865687171311,1.77962921456014,0.35730872189203,0.96007060618656,2.490190397532,0.186438026746442,0.277438639557877,3.10491389047924,0.183910422581176,1.20441796380478,6.41006660520531,3.98752786746559,0.64778055576353,0.00247730598289186,0.342079799668407,0.0131609579553927
0.855288017411792,0.0951223635580077,0.0141196250684631,3.62403264747932,0.628530603640868,0.00718046550626451,2.48983228574205,3.19036964836087,6.48456264476261,1.39603709213929,27.5132198129473,4.42618439739295,1.06970767721245,0.0629279305924632,0.650226804651797,0.190556652662408,1.48606542120751,1.93686699045668,4.18659086129239,0.422072215134459,2.15854498854787,2.35988762417465,10.2336656624142,0.00111886977872933,6.35521323079738,0.0620585992174728,1.08137342132578,0.244229619519773,0.37993480289119,1.29319626473106,1.88557775407932,2.75869547321366,1.31884057757813,0.958901944819941,0.526100258785707,1.24552671286701,1.18854846973159,0.198281526341135,0.186977175701224,0.149667647072583,2.98739023653968,1.30500263036687,0.125941383771603,0.23198271187214,0.0338482566412707
1.9059567895506,4.12898687530291,1.29379409540196,10.6588621051839,0.280903828926148,0.0120649432509518,0.332901407494893,0.00174614482702241,0.251144158819914,0.0389374803778296,1.58416235344029,1.4655704078195,0.322314805623032,0.688263068936785,1.07139763723677,0.184157964828352,0.121944320459847,5.31149839359931,0.808959745610577,0.110238021915255,6.63749453418432,0.673010610069528,1.20250764635891,1.0028989859518,0.48688939279707,8.75769021688086,3.14642854720966,0.0947679383613294,0.0731237439446505,0.405326917863283,1.61416761331504,10.2757220405119,5.51233489589978,5.1335828885191,2.04977856301386,0.929657414177318,1.33829587097284,0.6110778591852,0.01933830201719,4.92249978414339,11.0169234955496,3.04205365574077,0.136022245059231,0.319667537722078,0.0249347519453558
1.73082105980533,8.2474146783922,0.039407693758451,3.31493226931816,1.93929955850152,0.0917178397219165,1.94191897858662,1.4813308019745,2.40493461149512,1.12681738559406,0.053852516934546,0.11285653320378,9.08099667064475e-05,0.0213021983801191,1.40372016108455,3.1587351622139,0.127873761321319,0.0308543143268154,0.342243575454532,3.42172607399453,0.0906475832367951,1.22816264632914,1.90315609983975,0.695530029859066,0.123859148845363,0.911873077593579,0.82283119016083,4.09592370568072,0.039000203260471,0.0435417556867901,6.3450964528041,1.92718660589413,16.3439249041092,3.74982507389397,16.2394555441516,0.00474761418586547,0.502364576348693,1.68595287961872,3.86041157175697,0.851795273721479,1.75703569678809,2.08110099377784,3.0991965495055,0.0701881396881239,0.535342699234521
5.27320245697961,0.156301148719735,4.51273532426907,0.188725167835285,1.9217110727914,0.560353678615946,1.65465578321912,0.583419422120996,1.73184688210055,0.523089798650914,3.46020163526679,7.20084241572269,2.9680282449433,0.314875994179035,0.260080576681368,5.49400882423118,0.387891147991539,0.286484153923693,0.636235579275973,0.0843627920806412,0.00152918779763597,0.352146236453155,0.677118689173761,0.19998479931098,3.71408027958979,0.590100526124619,1.24974502060273,0.0132649294241299,1.32185020667207,1.38019428389504,0.261302672137487,1.85714390158721,1.00063169457193,0.000731035289343285,0.165433500295097,12.471688934528,1.94877179762039,0.699554314929174,0.20834115151683,0.208615951720073,11.1338399514007,15.245822458082,1.55056391845302,0.460130369337183,5.08836208988887
3.1392912328485,0.0372252865650431,6.07548455824395,0.103882072659867,3.00139517692015,0.568063695710895,5.98172211274434,1.38495604766094,6.79655228135107,1.5160028930843,3.45844837950752,1.04083518563843,3.52931274568391,0.338731656094279,0.116071573122709,4.25893681042738,0.0358346985875872,5.5364331039139,0.236941848065791,0.000258279309571311,1.91648851414682,0.0111303319895202,0.579144556636186,1.03956882329939,1.24238259756057,0.0385689924734271,0.309352514155415,0.00845511337236803,0.0779317081666814,0.57908642082395,0.41420425080365,1.16274559953459,0.265494699702583,0.304539210828227,0.0408404849197305,0.997062298859901,1.84793599693329,0.183222646990897,0.0266707013889157,0.00313177463546807,5.61557842459825,11.768904154567,5.07499632372532,0.317734235657533,19.0184499860902
1.34418502699595,1.85047156266669,0.0506086684718696,0.791280392742665,1.90008021955538,0.688075472330595,6.30085136813376,19.2527091976496,0.0224028583252641,2.97649464378225,1.87369366061778,0.226917570859901,1.50605639219129,0.620675687148436,0.130803097755107,0.570413589914241,0.237548945345163,0.803300348531664,2.13054804669776,1.56912960729091,0.143477599869874,0.00905309983135874,2.48354284942885,0.000480108285719361,2.13857604334875,7.37275787912751,1.67570054642335,2.27974142954974,18.9989202613481,6.86419252033842,8.10415022418697,0.168581749547947,0.00434480250403629,0.227734163004943,1.92644078740634,0.648768840079404,1.75430462621643,0.0540479171932656,0.0490956734498069,0.0906201098371238,0.00182485296539477,0.130760941037557,0.00190182776517196,0.0235540017715433,0.00118078847613608
0.37169072801323,0.729426752190706,0.360353191158409,16.6013948098439,1.5884864743621,0.00769586185848229,0.320549816629785,1.50753372657113,6.48370480436241,0.841742107215432,1.90604822867176,0.363663403305519,1.08329798637283,1.10778357162154,1.91112280215086,2.16510215768677,0.0658008794865355,8.19179552445596,1.41901591864817,0.0198371243290164,3.03341389895624,3.45458742764042,0.0123418787277558,0.278727974732288,2.19448457081466,2.67927298561787,0.25798731433826,0.000845235394177585,0.238408404250976,0.392626933954302,4.43390835102167,1.42394016176509,1.72292404359637,0.162421290521203,0.714529132726174,0.830748804093185,0.780991172576365,3.41675906073872,1.71214891819546,10.0357650697475,10.1084602125675,4.11390740838622,0.109979211892103,0.748661018934383,0.0961136498764589
0.644304958836574,2.2470392018869,0.5319478745559,0.320262835723997,21.4731066835973,0.18676396269019,0.00969022126619029,0.220121836321136,0.42807637303898,0.91702658137321,1.59939920797917,0.236297209100259,0.217666314083848,0.0416456219445281,0.0175508345356956,1.01849315110489,0.529421586469408,0.908177107801172,0.0413836513650029,0.818972921730854,5.9361987811279,0.0414836594341644,1.34499632412175,1.22436507483715,3.18880499361559,7.09343481348965,0.0200567852929249,0.766458543817896,2.48788981028079,2.638971287141,2.22014875296423,2.93197103927187,0.530718592904999,2.21297732485184,1.58851720835481,4.57313637215316,0.199250364227929,1.19441486913111,5.11732281235398,5.18420779403921,1.42019857941003,9.67265432408206,0.186010125930492,2.69667688699741,3.12178674476285
2.33849159059061,0.528706695352853,0.906790552352946,19.2938182407413,0.00495372296505383,0.429892231862116,0.12388252086407,0.0234378164500642,2.18662256872652,0.022522283187777,1.96252025923818,0.0562521624276348,0.799705135622009,0.396701889628409,0.036503889834254,0.345136465791579,0.0168429867571538,1.28617500445291,0.0173910595754411,0.0350942394457309,1.35639803720003e-05,0.0558279737101824,1.3051006728692,1.38967906946227,0.477882794392361,0.189421350816558,0.326833549789887,0.129810409365522,3.52457576860226,0.289567627017646,0.206445405435479,4.82269245225864,1.37521882846099,6.03742504807511,12.0845011431974,1.38211800346439,11.3787227396446,1.92840934656699,0.251240047695205,0.0169387723500342,4.25962474625029,15.3505381342569,0.756957662279248,1.15095037596859,0.498063198223287
0.196149994715522,2.51973072070585,1.4335607460898,3.03726299782499,0.017433362161037,7.09808246977328,13.7422643002658,0.000658149866712312,0.0307988865010833,0.00414679857200249,0.247469113326204,2.44031947507269,0.0309330581616966,1.78134081024312,0.114426286755333,4.61760474751069,3.00707508157149,2.17752065322308,3.95523728987005,5.56497462117285,0.0734762755099692,4.31475133555951,0.0323218695770591,4.09559261344342,2.74161279075292,1.34244157608545,2.03627339373424,0.326556020592799,1.2845328418376,0.339370627513473,4.81737561004455,1.33916701038144,4.05137596966929,1.96744274435332,3.84209968837705,1.37904337444336,5.48379873156008,0.0336776110840529,1.37450101449922,3.02630862499479,3.71592108719735,0.197002703938865,0.0239547716958146,0.120687496594684,0.0237246531764412
6.6019649731128,1.94765152260285,0.511262372332962,0.000732665969605186,0.303784730532878,2.21479294124642,0.380386201871747,0.432772199351821,0.304311303096828,0.39472303273093,0.0027059133508302,4.78915940049991,0.264718257953957,3.62807220044432,0.319164492132717,0.051499659532302,0.449140700844762,2.66517331165416,0.0325961290726892,0.313616132286688,2.90275943706901,0.0220186544648785,1.17631840106222,3.06156917864715,3.27421362839517,6.66173609504915,8.55892047424702,2.96983541522738,0.39043308937481,1.69603668928036,2.89543320947491,0.0748778372912707,0.0577765263077028,0.0497379535082525,1.35776692504394,0.18367924363401,2.3059551732999,3.19350773883376,0.0557027559685375,7.13811308848708,14.8232491482674,8.45679417983398,0.401137799502618,0.0314226852180893,2.6527765318902
6.9241736883795,0.0795075449977166,4.75116473129625,0.264807020348579,0.00191269324517913,2.36487881280397,0.0567885438889198,0.339052625740491,0.000174371433289208,0.580441429457849,3.51844162269573,0.864582921939223,1.30855231288364,1.38128647301504,0.783726364093014,0.665475046660394,2.72180010746973,4.34082794282869,0.0531579218155663,0.0909242391955085,2.51146367393699,0.018729880903601,0.172907869586715,3.31168657769287,0.281747398266988,0.517384051433741,1.793271493788,0.270939455545831,0.0977441508034511,0.419706061876382,0.19201826476841,3.1181915103371,0.973357261885238,0.0545617471459349,2.91809928993358,0.380716659547902,0.26579739994364,0.0916049350465728,13.2391774011276,0.0309018536954428,7.25528122477518,5.07006498755667,10.728159305406,0.0776718112342269,15.1171393195736
1.74566034366211,10.1481552051016,0.112459271582692,2.1545866022337,0.468854186877461,0.140529908138306,0.490752987594479,1.27667108497771,0.57251100972259,0.700021201662269,0.00283411844763977,1.78067534527043,0.000668845648578797,0.182219049897748,0.0348053246293665,0.111679206720145,0.555145099129709,5.65085622011446,1.58321204929928,0.455497067697991,7.03841873175708,6.39282433784713,0.396734649753183,1.20709986623402,0.873452602500363,0.000375317592633963,0.878858121802139,0.351403794649394,4.95592553270166,0.545952692996358,1.32854521285635,0.0981700820015198,1.23551388257964,0.337399659682648,0.213613265989579,9.37120336831467,6.9584178844497,17.4585261481669,7.31363498878663,1.17000215599056,2.74129069266479,0.508927047373958,0.00212437965880724,0.120237508243778,0.333553946998247
0.00749284789275314,0.404465615127016,0.237741541268263,5.6211455976767,0.534862928281101,3.69393419696868,8.0416094990627,1.06947447116915,1.40074766505875,0.0113635788826002,17.8989266790751,0.762484969695409,1.12461761317796,2.27023590538216,0.794475698028554,0.00513953655896741,0.639436074079725,0.408439857769597,0.0347400357516117,12.1306509122796,0.135005650205648,9.65025301339228,5.61615210854383,0.551233833688163,11.2913422144603,0.158143212786041,5.69724413083167,2.03582653812318,0.125562618339606,1.45144272488689,0.206153429810947,0.115471872805935,0.23602525501623,0.706636386289014,0.287136382921819,0.396049616751442,1.79932624659542,0.0261052758853745,0.681454139422105,1.14645494782995,0.245453598722243,0.3152445069456,0.0207341305662851,0.00991782835839313,0.00364511363530321
0.321316066759275,2.23780075771287,2.83262389736395,0.541171462903426,2.959342505151,0.0482954135564294,0.000477867779814608,0.0656268956443486,0.0153983672077493,7.3099195882073,1.7951485159322,3.67359608722292,13.2970706385422,0.000829592855528793,0.237684250100059,9.6443878854585,11.2405170094089,2.04945999964383,0.671000373968955,9.30993528683018,9.67145451102446,1.09751502731167,1.09962430084075,0.75533313572374,0.00855793118539076,1.37508832530299,0.191338312389279,7.03518652231472,2.15378628698478,0.424413027811272,2.37394702003588,0.765014417431665,0.0948329344834367,1.0362783020958,0.47782419212977,1.45484924631692,0.745833683051615,0.0195919997041967,0.709904937079402,0.0092697633934966,0.0221310529341041,0.0133504682686371,0.00726747774194234,0.00237872678796314,0.203625935406863
3.94313027674673,0.546820989850574,0.458730278677247,0.530737294279653,0.10472423768101,1.37016728210063,1.27690331106892,0.491447126462885,0.00783357375150188,4.01526680256538,1.5264376062724,6.22540296530224,0.765746120382011,10.9819434580124,11.1698111934167,1.46960587430506,0.159179537233472,0.594696785476232,1.79298583463604,0.2559587554753,0.303767340784282,6.13256095018231,0.555339188836286,0.000332759351944573,0.164747153928887,10.3824282662112,1.69231896246028,13.6017086060568,0.590978624617092,0.126394402711739,1.30502823249552,0.463078410851781,0.357879903484404,2.30440679987871,4.51987138190704,5.84799190016211,2.36684081882295,0.158916862520819,0.623672027566528,0.274998539043275,0.000188363641633035,0.241299050739108,0.0272634888549602,0.0813742077709906,0.189084453422974
0.194497485066969,3.26675983269375,1.36151592647161,0.608778657329531,0.202424084809906,3.06751266301596,0.575025457207912,0.240338569914781,0.956545157763719,15.9840442414517,1.3021171806493,0.39550219758331,2.55712864970798,11.4706592508691,0.749231319880697,0.0311779632271583,0.605554899911849,0.464429901602497,0.789635721098274,11.4575253404211,9.087064579552,15.655169703451,6.17741350001615,0.501832916386456,0.0458013212161463,2.38750935016069,1.92599301421225,0.00997020158227402,1.38909379791578,0.000968070689017373,0.0468620670667379,0.297858453635493,2.71834883227691,2.03412583120121,0.0349851403349203,0.102606003304695,0.333040398934332,0.0751819918202974,0.15526337537489,0.529593839659595,0.00429158142408667,0.0292494420637165,0.0745205659273517,0.084130868821878,0.0187206522949913
3.82264981485406,3.13153307301695,0.614346301168092,0.19446526759132,0.0081129131575086,1.6340830481978,3.08701735031558,0.543393293484041,2.30689737133267,0.762452641170688,0.0721115479369936,1.3714572149244,4.28562651592161,1.15991269530428,8.10321621417122,0.500856117567514,0.855305989348586,2.76745441421995,0.00429553846256643,0.151641818005008,0.202328775510903,2.00103954906526,5.92846281153207,5.630161046864,0.351637971516486,0.0478610229148048,0.0301680010016476,0.550328637552984,7.81515620639623,21.7197418387914,0.542449372888174,1.75359012218193,3.84544145946308,0.00399466359717103,3.01556121134502,3.34084682711596,4.87446347084193,0.0636050176758152,2.24289270985321,0.123813343413203,0.102636089158797,0.0338288409448727,0.0131324288224568,0.0139875688180055,0.376041872583718
5.12923585627546,0.533914387375186,0.512298520026431,4.57185789573257e-05,0.0109810173606867,1.03322977269101,0.000931359522128625,0.0264323074148136,1.09657807768614,7.04744709737917,0.534834080901984,1.93589683269745,3.98938198497867,0.382071219963523,1.23450669025099,1.32697723657893,1.51059235069002,0.389165091536922,2.60007542913063,2.84861772787816,0.324799038051147,0.00595179656602797,6.17769461076612,16.4000745013743,0.497158683177318,0.54343942050978,16.0891588258927,16.9402340624664,0.0203558062838842,1.69491990809008,0.422093377777475,2.81344323121658,2.47649116254987,0.148875271438976,0.0116582113723258,0.851248274973008,0.10639581530328,0.0388444928094199,1.33682477889646,0.0476273766759034,0.0187915174252842,0.221367590835954,0.0708246010209575,0.405246362752416,0.193268522857039
4.63445970875963,0.00654908898057591,0.12651951208941,1.67377986759326,1.21274705164383,1.56495392404863,3.10083709244911,0.466332772669826,0.332744988574555,1.55576693976769,3.79188664434177,4.71036776879108,3.45350983924124,1.31172385992828,3.33558072658369,2.25300321631662,7.87425684438457,0.0702063461871668,3.37978925268469,0.261125080633867,1.28964716933552,0.234495260286505,0.550363307559439,0.112917837637579,2.44463861133967,7.36776353963404,2.47153220266981,0.945466705519616,4.7410455820827,1.43591636822827,2.7734261080757,3.62283509627485,0.679917937862356,0.239447337640101,1.12800352666974,2.50373304490161,8.28214818866632,0.573542024461462,4.71709026712593,6.70489294426292,0.786060559510341,0.67073000097172,0.0720374943258195,0.0310334337949624,0.505174925493474
4.72968341352851,0.489926481840372,9.94580604923358,1.00997822225867,0.333664000769737,0.411873439931661,0.691588916909024,0.00552855501625552,0.182429666754168,3.01343288773273,0.000469549314210163,1.35399162561585,2.35325657849686,0.00188654233490225,0.128517445323976,0.00128355877476899,0.289467993102132,0.211124045249229,1.01353311170229,0.555559523191037,0.250391163101976,0.650601031581159,0.00283476055013638,0.210058984129411,1.73681985571062,0.35469800509503,0.0276597394549803,0.758265529859526,0.850402055148624,3.27309135532917,0.497623639243853,7.21311552490465,0.131019391479532,9.70724998554201,13.516842148755,5.3554848704504,10.6990926941442,14.6244308609798,0.0263861200863454,1.73967671072492,0.713859049506602,0.00905067774512015,0.442140889638289,0.468380286769598,0.0178230629891436
7.88413115491934,0.0221902701538851,0.545602718038267,0.832757386009288,1.28588131462592,0.235231354784536,3.07909589054104,0.158386491704893,0.157281092262377,1.1051217090904,0.212717114042082,1.13277695601449,1.261829493886,0.000905983046332877,0.423702616417675,2.04577296001878,1.03436156063089,0.408440151474502,3.41764750127575,0.844384410415751,1.41230332328349,0.237208134366043,0.483966427867673,1.07208556501446,4.09857926975926,0.0927949562755245,2.23842158981136,1.03766788778916,0.735852700813978,2.05429512096259,6.19776859110542,5.53205013897584,2.29917561146099,0.549444919409542,0.182619047403617,0.428208851552106,9.90399315359508,0.686675335462584,9.85643338229043,14.5744584441783,0.214077563128749,0.194728982145879,3.89437714256587,3.68797976346633,2.24661596796353
1.91119666371858,7.0039994495947,3.96972236446181,1.09562739315395,1.22893316342986,0.00540270780834203,0.116916526203647,0.0190476540115641,0.217972014344874,9.29867796013602,0.0434513564855722,0.618146540057794,0.131723480371945,0.00027602970256467,0.00202895696032632,0.91879792535187,1.86782741557245,0.943403806571057,0.573072591245077,0.119651009137191,0.372786473826101,0.401867204707957,1.44352855039488,0.132969479155952,0.765219843618509,0.241249094997305,0.198770130877128,5.63939386927435,0.273750041771377,0.654078070252352,0.474695335007034,1.70500102042015,14.1771929413949,28.4187901280081,8.07381747890864,0.907928457947162,0.916480224017067,0.202889731919337,0.184212730758009,2.67821531590946,0.0218737898858256,0.730707396394707,0.18479848525965,1.09345751944667,0.0204516775281383
0.047501433403548,0.734663685158423,1.31355327556892,0.0111109552223767,0.00394838377278806,16.5819474665144,1.08732030976181,1.8827946015022,0.714291662805748,0.341605599332108,0.0143940535417637,1.88403133736597,0.00198109871984633,0.309462148956834,0.572766945121691,15.437299101215,12.1869033258562,3.86903818666795,0.53791294607633,0.0969204211264535,0.140007043452119,0.628620619683724,5.64289240754716,5.69868008080249,11.0949107653544,6.5553723415368,1.44961408866184,0.193454389196206,7.52885011768895,0.106198308505965,0.213019851221424,0.84697759780505,0.328601340848507,0.149544874368294,0.0780902176872506,0.1572278703613,0.285664150880275,0.107780161188142,0.487560355505919,0.489260896502449,0.0923876345893911,0.00294490761221889,0.0444385897408339,0.000120543667596548,0.0483339079013396
1.3159171013071,1.77709258873514,0.311536659459458,0.292351390595354,1.66441210968064,7.10252053188167,1.23528314013411,0.50144165481677,1.33926546296958,0.617712863668599,1.33313715294472,6.14252784531846,10.7251511340923,8.68602480178247,0.753015289903262,0.0780160664364023,0.00457487482885141,1.083247767006,7.72167413855386,0.0207141842974771,0.00402108592962917,1.54443015477499,0.19645004572043,6.11696431054017,4.38701019598533,1.16194293466486,1.50352872661918,22.3433026194869,1.12726290631645,2.34397763363538,0.000968023090955967,0.893486156345127,0.21429245851546,3.17880319666292,0.0364261288006187,0.523043545572788,1.22149857877974,0.000547450121800467,0.27030752024937,0.0742954223604477,0.00236945188159543,0.138862024776459,0.00757559514755872,0.000963206411411499,0.00205386919825933
0.00476037089957662,7.50803530923798,1.29098744698235,0.0498212335309492,3.40812511408757,1.06672243199704,5.05275085715874,0.00413492086371684,2.38646552663964,4.01671332007045,1.34063433806199,0.304808282308504,1.2375262961442,0.0205384087571269,0.992736081527678,5.43064327772474,0.22175292000719,1.54475013258828,0.460101649853944,4.08630596280699,0.104453822640152,0.106504713041817,0.224310578618508,5.79824385820234,0.00760877922814736,6.80747786844284,0.110985048185325,4.79709646214195,0.404061289036058,3.79333961851617,14.858319891166,1.42541844492816,14.6642095379337,0.0160176552770418,1.79594243584714,0.899965794536745,0.853632502757979,1.14236120335029,0.101640204513339,0.739527208438071,0.776904256100581,0.0151782421753469,0.00315967420081776,0.0342906667171838,0.0910363627557212
0.642795758193991,1.50667430716906,1.14096987342917,0.342965055522781,17.5088528892753,0.0402522919088319,0.559095659745914,3.64002590103332,8.32484467227281,1.10706351035068,0.865860236178689,1.38357141136287,0.123297751155716,0.359346174399449,1.32388058432114,0.085968761521861,0.0951997905508303,0.207338504812001,0.0183067865612749,1.45584418668924,3.4523790815055,0.0152702768538094,0.0130491861978892,1.73954256088007,4.92185810641637,3.89052842010971,1.115773096798,0.277501293422304,0.703765735433037,1.73907789072714,2.23333287434222,1.25610193230233,1.08794359131942,0.032934210921618,1.63211255318346,1.36602024949961,0.0193183244208891,0.000110685537855179,0.629797764258994,0.229704722614853,0.276362252899045,1.62493636017382,17.4134789518791,8.76888742887581,4.82805834297224
3.37721968438037,2.18526205900135,0.189559406033208,0.367833698949064,0.0964705648966091,3.11598733427075,0.327590331941971,0.000824789809892021,0.000291875964046171,7.28006100515817,0.00117311198621084,2.59934506854779,1.3476279970555,0.525424616964813,3.35703438274113,0.463152910896147,2.26249307862085,9.01195182233218,2.08371156752845,2.18476984211862,2.30965744141535,21.6023453358374,6.18565399737132,0.22503440144272,0.195452828639882,2.70930898459871,0.0516641352445421,0.83692806228512,2.9607561017001,0.131287521618185,5.45495337466937,1.85495673554129,4.16377081845363,6.42726370008755,0.92740148578555,0.194281684921793,2.11020914961596,0.469971609015337,0.00111626879273055,0.0770634833600107,0.0397642868052516,0.121947750888447,0.0445417223593152,0.081879695233127,0.045004275120219
3.8526803753355,1.29409875388286,1.74663722759596,0.0640663235815279,0.306426235980024,1.65091105519629,0.128064377051273,4.22772071704928,1.48726665962209,2.16377142609492,4.15217227957899,4.41023688353587,0.480142053154245,2.15331273905689,5.41260568802374,1.20506995233747,0.193568201134793,11.8233849231656,1.37821548574188,2.75632930859929,1.14625622482214,0.00128793232752948,0.36442143041726,0.0602659856615367,0.0670038996821793,3.26638697568155,3.64923005055282,0.0328877333326077,0.346410876343299,8.89466914169777,2.62051211773676,2.97519956306007,0.207058383534778,0.7380888467049,3.87768278428823,4.15505452140958,2.62510623790975,0.0386238865970451,10.8308118147034,0.739792739602269,1.45586748490259,0.25337182511657,0.15839742499806,0.383078296380695,0.225853156818158
2.04811833584691,4.9081860510522,0.0351576854071459,0.742559528327655,4.64403836160639,1.07196063642215,0.00934102043212769,8.22576621404813,7.50646716586715,2.82821428906351,1.91593132528837,0.024939459698068,0.508485354928501,0.0024664381515001,0.409762243854758,0.0391158995667862,1.12915903018041,0.383373818137473,2.40248340556306,0.0074891928346946,3.85706048420812,0.164216405407837,0.770054894591194,1.44466930737673,2.02287397037424,0.799005254143225,0.341586886040269,0.940233296325059,0.0800176133481122,2.32873486752903,1.09736810027766,0.323124486622285,2.56750875382822,4.62507936013367,0.245237404954969,0.00383136454167272,0.851933929561872,1.85598001536737,13.0537368805508,5.50311213956045,3.4044144271222,8.60655561188368,4.7935534508266,1.19710735717573,0.279988281971988
0.0297349605607639,2.46329206332284,0.373802412363773,0.947150950703483,0.124733052415641,2.18530977200813,3.15208578360762,11.0752324292671,10.4329341390378,0.713765366459784,0.805194666674591,5.79158051351674,0.544008863186289,0.430711689826928,9.78263847005043,2.36207485612533,0.94747664195006,0.185945756004449,12.3310312305618,6.44115175432533,1.58843200158643,0.0855095075283551,0.0524009136638833,0.985397592050563,1.85167398673506,0.687374176161399,3.26870666336189,1.364933587868,0.00123665630052689,0.208880328278652,1.06121183152648,1.09729090484979,2.12270009922742,2.0285711143305,0.493775609007249,0.00812277848183047,0.199288804701151,0.882632180129288,7.04460135907084,0.881260356111989,0.20701083864455,1.42399602646322,1.07089362326105,0.166892836745896,0.097350851945147
6.23996357188646,1.80018761863175,4.81695258333493,0.227101168932106,0.0158755184809539,1.97585808913839,0.136275584505068,0.601961138542167,0.577192543795802,0.265897345518289,0.457988723008945,1.67251308763131,7.6452996285554e-05,0.0379159630354535,0.779386726708256,0.0365284352666948,0.00865413831787566,0.0119868189909703,0.0447180355437634,0.918637110249566,0.969201888127985,0.770770136636544,1.97490216922931,1.3787629500321,0.174110701986888,1.36191218857237,1.44415356277997,0.0867657400036508,0.361920375165176,3.42686364730559,0.942019568282073,18.6715409961057,0.0272359408290286,8.29935860127921,0.936062900637431,7.47504070769304,4.13083117411424,16.5388297666728,0.0445179780122983,8.04708783992305,1.8712844070981,0.000205166888066879,0.00188293269246393,0.173700936671792,0.265367068746113
0.301191456358907,1.39048028264641,0.654176701244777,0.0613157684898425,0.385400131534116,17.9183639998092,7.68131842262898,0.117995684101548,0.821245188049504,1.18631266739275,0.290042120222132,0.168787704470696,0.00292086787864915,2.30295161369708,1.39078725110243,1.14671913741805,0.186876539558444,0.181510302276625,5.30686356890372,0.0531098361687394,0.55659499349843,1.42053985540017,6.53505901772352,0.0719203304459916,13.36206389879,0.0510308239972523,3.38692976472972,1.55376422036234,12.2059600496387,4.46944913627189,7.52504529688158,0.154863890595379,3.21676715827551,5.54966622677154e-05,0.010112324119738,0.246855099935524,0.0822347159584652,2.32140961367543,0.681183349677558,0.120735956680999,0.336959769002551,0.0583313758127587,0.061511395974187,0.0183201436211912,0.00393307831630123
0.0628458473535978,0.011362704458977,1.37681956754154,0.0331828923568666,0.0235879707332241,1.37719416830984,0.0996810966302978,0.0696002250546315,0.257554083403284,11.5517602702154,0.55542770710414,4.75097260101748,21.9949568572693,36.0289472462264,7.51413394764979,0.263438098780933,0.22735072100715,0.830689035025783,3.82046905130964,0.0087824695147714,0.162045617983935,0.0688412844188047,0.181004625690069,0.00287214543631165,0.326512750754099,0.000746664493976056,0.153360471892184,0.015734856965998,0.492810524010483,1.03963135462337,0.127894248856247,2.07293916041888,0.0218015052687898,1.32986460401715,1.10976445840058,0.0788209508516148,0.67218683381395,1.03228716442214,0.00329764820693092,0.15122692407004,0.0360211632428818,0.0418621717635445,0.00770424273774878,0.00595029774993263,0.00606176894720071
4.9685744586679,0.583039806763159,10.0490706083658,1.04268937438949,0.248961022329162,0.000328056130885998,0.986757061263128,0.0866533655460432,1.62363733374933,0.0340553342242602,0.138073613509295,0.182025707083651,0.661754756993854,1.54396644856256,4.62860915077224,2.19131677674082,0.0692328708244461,0.555428196721767,0.565033323211401,0.984157707845535,0.0734735044231831,0.554950801423303,0.95577231745656,0.548201201295564,0.539061176569981,1.58161043816421,1.57455371183164,0.315991557786389,0.29340961328709,3.36188457343258,3.86478424416555,7.09487194577691,0.605375520939699,0.909331666270642,2.40962045481488,0.00800545862687931,0.03816896332329,3.16731907721345,1.33498425459641,1.44843943655038,0.0315634490858091,1.97009557422751,9.58363700086542,24.1880333751761,2.40349570900191
2.27437888303436,0.659866108195594,16.3700089338399,0.644486226196352,0.0841574649753334,0.924323545885489,0.0119809805929531,0.0730173453071007,3.68596543860358,0.00783923138488273,0.00809790042015368,2.05986355648764,2.79976300649341,0.448577299579182,2.32561761761497,4.84827650756384,0.0267092800543948,0.284399388148783,0.854606442438546,0.784402236526871,0.138978573803961,0.250877387111115,1.94326825427244,0.236072995606945,0.299909270308861,0.140834688369189,1.88907207972764,0.00502143444529697,0.231844154984151,2.11538828521093,0.178821255848081,1.49491490653206,0.00575407478029176,1.1293824155265,0.803038779439992,0.799507793275984,0.197456591018487,0.0602247340638256,2.21298879644761,0.613730067303225,0.403460709286709,2.91368353419718,11.5240633904152,29.2096598784933,2.02570855618777
0.0147932784375072,0.064482200300018,3.22620802613647,0.144226417716453,0.0230039621523184,3.68696497140983,4.10351934343403,0.175139319613458,3.3688249352834,1.20979979479648,0.418941169338416,2.97408853202555,8.33422169345483,3.22302985415527,18.099567944962,9.45138407926847,5.92349076004658,1.90910814789051,19.239269635856,2.22178422624577,0.164787765863187,0.936816210138165,0.003554689600276,0.0770885414865771,1.88953133803238,0.00593620751491349,0.00881806213172416,0.24372301890378,3.71948697390233,1.75042490456183,0.310152299673676,0.157472437560581,0.200889752508694,0.0398915384228004,0.0101813958189705,0.013640550215176,0.00840266733648016,0.131798148769503,0.234350791962702,0.0753367748432505,0.0798474122888136,0.213133406380725,0.529027607285194,1.2953112147285,0.088547997546442
